cell,method,iid,pid,image_found,face_detected_facenet,det_prob_facenet,face_frac_facenet,id_loss_facenet
id01|p001,infu_aes2,id01,p001,True,True,0.9999995231628418,0.06943899079147674,0.1769062876701355
id02|p001,infu_aes2,id02,p001,True,True,0.9999963045120239,0.07625645330936544,0.08092331886291504
id03|p001,infu_aes2,id03,p001,True,True,0.9992596507072449,0.05888616191271246,0.1996275782585144
id04|p001,infu_aes2,id04,p001,True,True,0.9988083839416504,0.05359110376404786,0.19280356168746948
id05|p001,infu_aes2,id05,p001,True,True,0.9999845027923584,0.0947739166046412,0.17409759759902954
id06|p001,infu_aes2,id06,p001,True,True,0.9999843835830688,0.1252494194548484,0.12885767221450806
id07|p001,infu_aes2,id07,p001,True,True,0.9999716281890869,0.10697262394737457,0.18956351280212402
id08|p001,infu_aes2,id08,p001,True,True,0.9988208413124084,0.07096205338924895,0.1712256669998169
id01|p002,infu_aes2,id01,p002,True,True,1.0,0.1036634348044269,0.12660598754882812
id02|p002,infu_aes2,id02,p002,True,True,1.0,0.12839647308683497,0.08753359317779541
id03|p002,infu_aes2,id03,p002,True,True,0.9999996423721313,0.12533254589546536,0.10718494653701782
id04|p002,infu_aes2,id04,p002,True,True,0.999990701675415,0.1533376719752186,0.08997762203216553
id05|p002,infu_aes2,id05,p002,True,True,1.0,0.13505188809134697,0.16928386688232422
id06|p002,infu_aes2,id06,p002,True,True,0.9999736547470093,0.14613847066343605,0.07764542102813721
id07|p002,infu_aes2,id07,p002,True,True,0.9999982118606567,0.14517180515646247,0.09956133365631104
id08|p002,infu_aes2,id08,p002,True,True,0.9999672174453735,0.3136865080402801,0.1442509889602661
id01|p003,infu_aes2,id01,p003,True,True,0.9999775886535645,0.009261760315512443,0.1675875186920166
id02|p003,infu_aes2,id02,p003,True,False,,,
id03|p003,infu_aes2,id03,p003,True,True,0.9999313354492188,0.007514454711122854,0.1298609972000122
id04|p003,infu_aes2,id04,p003,True,True,0.9994739890098572,0.0058770176942912426,0.2524304986000061
id05|p003,infu_aes2,id05,p003,True,False,,,
id06|p003,infu_aes2,id06,p003,True,False,,,
id07|p003,infu_aes2,id07,p003,True,False,,,
id08|p003,infu_aes2,id08,p003,True,False,,,
id01|p004,infu_aes2,id01,p004,True,True,0.9999953508377075,0.15491364366703742,0.13538920879364014
id02|p004,infu_aes2,id02,p004,True,True,0.9999854564666748,0.18220507155499704,0.11305588483810425
id03|p004,infu_aes2,id03,p004,True,True,0.9999394416809082,0.24495658161263123,0.10163289308547974
id04|p004,infu_aes2,id04,p004,True,True,0.9989456534385681,0.292557212658186,0.07022237777709961
id05|p004,infu_aes2,id05,p004,True,True,0.9999641180038452,0.36682051651654896,0.20047736167907715
id06|p004,infu_aes2,id06,p004,True,True,0.9996234178543091,0.3851063539221327,0.12089920043945312
id07|p004,infu_aes2,id07,p004,True,True,0.9999052286148071,0.3830972702498306,0.19579434394836426
id08|p004,infu_aes2,id08,p004,True,True,0.9998416900634766,0.288828916542692,0.2515465021133423
id01|p005,infu_aes2,id01,p005,True,True,0.9998637437820435,0.02175599021620375,0.3902618885040283
id02|p005,infu_aes2,id02,p005,True,True,0.9999045133590698,0.025303587477837227,0.08829963207244873
id03|p005,infu_aes2,id03,p005,True,True,0.9999992847442627,0.024872193359565975,0.09425622224807739
id04|p005,infu_aes2,id04,p005,True,True,0.999957799911499,0.036515026700632086,0.17121273279190063
id05|p005,infu_aes2,id05,p005,True,True,0.9999980926513672,0.024626433873636566,0.1661158800125122
id06|p005,infu_aes2,id06,p005,True,True,0.9999780654907227,0.018854911408663924,0.21390151977539062
id07|p005,infu_aes2,id07,p005,True,True,0.9999809265136719,0.04927817446169298,0.27084219455718994
id08|p005,infu_aes2,id08,p005,True,True,0.9897177219390869,0.03077541574321415,0.43473881483078003
id01|p006,infu_aes2,id01,p006,True,True,0.9268677234649658,0.014508744793920227,0.6719794571399689
id02|p006,infu_aes2,id02,p006,True,True,0.9999997615814209,0.010096323780754077,0.08625733852386475
id03|p006,infu_aes2,id03,p006,True,True,1.0,0.006973810467903836,0.16508960723876953
id04|p006,infu_aes2,id04,p006,True,True,0.9999451637268066,0.013707049883146938,0.10236489772796631
id05|p006,infu_aes2,id05,p006,True,True,0.9999996423721313,0.009685370904657091,0.2422192096710205
id06|p006,infu_aes2,id06,p006,True,True,0.9990712404251099,0.01261726209934473,0.07458710670471191
id07|p006,infu_aes2,id07,p006,True,True,0.9999759197235107,0.007514793795744743,0.18305397033691406
id08|p006,infu_aes2,id08,p006,True,True,0.9996004700660706,0.01733569486231441,0.12839460372924805
id01|p007,infu_aes2,id01,p007,True,True,0.9999996423721313,0.1282538538547049,0.10593199729919434
id02|p007,infu_aes2,id02,p007,True,True,0.9998918771743774,0.08435191498148734,0.0968782901763916
id03|p007,infu_aes2,id03,p007,True,True,0.9999626874923706,0.14338919483259688,0.08306777477264404
id04|p007,infu_aes2,id04,p007,True,True,0.9999662637710571,0.08915203373937491,0.06550896167755127
id05|p007,infu_aes2,id05,p007,True,True,0.9999972581863403,0.06838873404457906,0.1451948881149292
id06|p007,infu_aes2,id06,p007,True,True,0.9999740123748779,0.1057546122756087,0.14592254161834717
id07|p007,infu_aes2,id07,p007,True,True,0.9999759197235107,0.17949898921527113,0.15508782863616943
id08|p007,infu_aes2,id08,p007,True,True,0.9998482465744019,0.08611611832650012,0.15275174379348755
id01|p008,infu_aes2,id01,p008,True,True,0.9999672174453735,0.0878313436295864,0.1395466923713684
id02|p008,infu_aes2,id02,p008,True,True,0.9999996423721313,0.0829037319855271,0.057848572731018066
id03|p008,infu_aes2,id03,p008,True,True,0.9998956918716431,0.05253592295009181,0.09206414222717285
id04|p008,infu_aes2,id04,p008,True,True,0.9999786615371704,0.14466613119359575,0.06886166334152222
id05|p008,infu_aes2,id05,p008,True,True,1.0,0.10981205158801213,0.1347041130065918
id06|p008,infu_aes2,id06,p008,True,True,0.9999692440032959,0.10171873172478144,0.06450545787811279
id07|p008,infu_aes2,id07,p008,True,True,0.9999970197677612,0.1353203979082267,0.2281448245048523
id08|p008,infu_aes2,id08,p008,True,True,0.9999984502792358,0.11341787759725175,0.22608917951583862
id01|p009,infu_aes2,id01,p009,True,True,0.9999834299087524,0.008807491321695797,0.09986639022827148
id02|p009,infu_aes2,id02,p009,True,True,0.9999990463256836,0.008307272540980695,0.12975549697875977
id03|p009,infu_aes2,id03,p009,True,True,0.9997785687446594,0.020012435552968777,0.09481221437454224
id04|p009,infu_aes2,id04,p009,True,True,0.9999786615371704,0.0067713484323059766,0.1837264895439148
id05|p009,infu_aes2,id05,p009,True,False,,,
id06|p009,infu_aes2,id06,p009,True,True,0.9999034404754639,0.007147500145052102,0.14680629968643188
id07|p009,infu_aes2,id07,p009,True,False,,,
id08|p009,infu_aes2,id08,p009,True,True,0.7740483283996582,0.001538725735928084,0.8493750542402267
id01|p010,infu_aes2,id01,p010,True,True,0.9999927282333374,0.024963260926084994,0.11557972431182861
id02|p010,infu_aes2,id02,p010,True,True,0.999993085861206,0.03097999259692322,0.0627104640007019
id03|p010,infu_aes2,id03,p010,True,True,0.9999494552612305,0.044695769430610974,0.08033347129821777
id04|p010,infu_aes2,id04,p010,True,True,0.9999630451202393,0.028339181173532638,0.09282654523849487
id05|p010,infu_aes2,id05,p010,True,True,1.0,0.02445679221620029,0.16934597492218018
id06|p010,infu_aes2,id06,p010,True,True,0.9999960660934448,0.009200534949120903,0.08985370397567749
id07|p010,infu_aes2,id07,p010,True,True,0.999862551689148,0.01622000387758437,0.16913598775863647
id08|p010,infu_aes2,id08,p010,True,True,0.9996769428253174,0.008911719132251751,0.18686163425445557
id01|p011,infu_aes2,id01,p011,True,True,0.9999997615814209,0.019224061542467728,0.10855251550674438
id02|p011,infu_aes2,id02,p011,True,True,0.9999994039535522,0.03642074339763249,0.06575620174407959
id03|p011,infu_aes2,id03,p011,True,True,0.9999866485595703,0.0212676262787645,0.09899330139160156
id04|p011,infu_aes2,id04,p011,True,True,0.9999963045120239,0.03490227194793584,0.05406534671783447
id05|p011,infu_aes2,id05,p011,True,True,1.0,0.030554072527329838,0.3120138645172119
id06|p011,infu_aes2,id06,p011,True,True,0.9999396800994873,0.035235386268958016,0.26300251483917236
id07|p011,infu_aes2,id07,p011,True,True,0.9999988079071045,0.027521716477358384,0.15770339965820312
id08|p011,infu_aes2,id08,p011,True,True,1.0,0.03972439972649423,0.14330697059631348
id01|p012,infu_aes2,id01,p012,True,True,0.9999997615814209,0.04221351659680903,0.19219499826431274
id02|p012,infu_aes2,id02,p012,True,True,0.9999985694885254,0.04623198940137565,0.07640516757965088
id03|p012,infu_aes2,id03,p012,True,True,0.9999979734420776,0.08144266319033233,0.13781648874282837
id04|p012,infu_aes2,id04,p012,True,True,0.7904918789863586,0.04949598122681139,0.9939572364091873
id05|p012,infu_aes2,id05,p012,True,True,0.9999991655349731,0.0224769633643421,0.1525965929031372
id06|p012,infu_aes2,id06,p012,True,True,0.999907374382019,0.021157957793826024,0.12524181604385376
id07|p012,infu_aes2,id07,p012,True,True,0.9999998807907104,0.022587097375854598,0.1598796248435974
id08|p012,infu_aes2,id08,p012,True,True,0.9999942779541016,0.028006752709103584,0.17288333177566528
id01|p013,infu_aes2,id01,p013,True,True,1.0,0.11539144969091142,0.1672344207763672
id02|p013,infu_aes2,id02,p013,True,True,0.9999899864196777,0.0931294726363188,0.07040488719940186
id03|p013,infu_aes2,id03,p013,True,True,1.0,0.11929726236617788,0.1963825821876526
id04|p013,infu_aes2,id04,p013,True,True,0.9999692440032959,0.10196862308102347,0.16428911685943604
id05|p013,infu_aes2,id05,p013,True,True,1.0,0.1047250659071567,0.18507373332977295
id06|p013,infu_aes2,id06,p013,True,True,0.999998927116394,0.08727234789329553,0.12519985437393188
id07|p013,infu_aes2,id07,p013,True,True,0.9999991655349731,0.20011977919606497,0.26689964532852173
id08|p013,infu_aes2,id08,p013,True,True,0.9999971389770508,0.12423020247264309,0.19219708442687988
id01|p014,infu_aes2,id01,p014,True,True,0.9999833106994629,0.03290957004811322,0.13577860593795776
id02|p014,infu_aes2,id02,p014,True,True,0.9999985694885254,0.03109930658117691,0.11436319351196289
id03|p014,infu_aes2,id03,p014,True,True,0.9999994039535522,0.06993158699841048,0.08830916881561279
id04|p014,infu_aes2,id04,p014,True,True,0.9999896287918091,0.03856205619783317,0.08153247833251953
id05|p014,infu_aes2,id05,p014,True,True,0.9999998807907104,0.024289153561228346,0.13771581649780273
id06|p014,infu_aes2,id06,p014,True,True,0.9997132420539856,0.044055879914881954,0.08400404453277588
id07|p014,infu_aes2,id07,p014,True,True,0.9999939203262329,0.04659849499592068,0.15287017822265625
id08|p014,infu_aes2,id08,p014,True,True,0.999997615814209,0.02794102919202158,0.18369698524475098
id01|p015,infu_aes2,id01,p015,True,True,0.9999978542327881,0.05981240298209331,0.1000935435295105
id02|p015,infu_aes2,id02,p015,True,True,0.921913206577301,0.03653464810534279,0.8780096173286438
id03|p015,infu_aes2,id03,p015,True,True,0.9999977350234985,0.010239515655269656,0.15092599391937256
id04|p015,infu_aes2,id04,p015,True,True,1.0,0.01231624732261278,0.14131391048431396
id05|p015,infu_aes2,id05,p015,True,False,,,
id06|p015,infu_aes2,id06,p015,True,True,0.9999731779098511,0.014667701679026783,0.10015738010406494
id07|p015,infu_aes2,id07,p015,True,True,1.0,0.020269843608583395,0.14136308431625366
id08|p015,infu_aes2,id08,p015,True,True,0.999997615814209,0.012054352083034112,0.17379987239837646
id01|p016,infu_aes2,id01,p016,True,True,0.9999997615814209,0.2194485940602251,0.12268072366714478
id02|p016,infu_aes2,id02,p016,True,True,0.9999921321868896,0.1370680492664309,0.08756399154663086
id03|p016,infu_aes2,id03,p016,True,True,1.0,0.1363947211802437,0.13878917694091797
id04|p016,infu_aes2,id04,p016,True,True,0.9988855719566345,0.19931673960287372,0.06866657733917236
id05|p016,infu_aes2,id05,p016,True,True,0.9999514818191528,0.2577851957291411,0.24253737926483154
id06|p016,infu_aes2,id06,p016,True,True,0.9999818801879883,0.12897217930680321,0.09630542993545532
id07|p016,infu_aes2,id07,p016,True,True,0.9999996423721313,0.21685111245543945,0.11243915557861328
id08|p016,infu_aes2,id08,p016,True,True,0.9999837875366211,0.127590367277519,0.20168232917785645
id01|p017,infu_aes2,id01,p017,True,True,0.999998927116394,0.027743461809192994,0.13365066051483154
id02|p017,infu_aes2,id02,p017,True,True,0.9999819993972778,0.040178770435242935,0.06193065643310547
id03|p017,infu_aes2,id03,p017,True,True,0.9999977350234985,0.030752515564826253,0.0734061598777771
id04|p017,infu_aes2,id04,p017,True,True,0.9999942779541016,0.042761322031875715,0.1040794849395752
id05|p017,infu_aes2,id05,p017,True,True,0.9995049238204956,0.0733571666960565,0.1071818470954895
id06|p017,infu_aes2,id06,p017,True,True,0.9999845027923584,0.04965253632271756,0.07952368259429932
id07|p017,infu_aes2,id07,p017,True,True,0.9999933242797852,0.054067359402159974,0.15718108415603638
id08|p017,infu_aes2,id08,p017,True,True,0.9999411106109619,0.03730357705433786,0.14148491621017456
id01|p018,infu_aes2,id01,p018,True,True,0.9999986886978149,0.0071377813849566535,0.19234681129455566
id02|p018,infu_aes2,id02,p018,True,True,0.9999867677688599,0.006201921054017801,0.11455875635147095
id03|p018,infu_aes2,id03,p018,True,True,0.9986825585365295,0.008217628514178683,0.13006126880645752
id04|p018,infu_aes2,id04,p018,True,True,0.9999295473098755,0.005344753822283216,0.20430177450180054
id05|p018,infu_aes2,id05,p018,True,True,0.9999897480010986,0.010370345349616651,0.2966741919517517
id06|p018,infu_aes2,id06,p018,True,True,0.9999620914459229,0.007074149567698168,0.09546256065368652
id07|p018,infu_aes2,id07,p018,True,True,0.9999929666519165,0.00926857705378655,0.1995953917503357
id08|p018,infu_aes2,id08,p018,True,True,0.9999828338623047,0.00484679094959709,0.37650686502456665
id01|p019,infu_aes2,id01,p019,True,True,0.9999994039535522,0.24110988363942998,0.18106484413146973
id02|p019,infu_aes2,id02,p019,True,True,0.8186982870101929,0.17710428904099923,0.8233814239501953
id03|p019,infu_aes2,id03,p019,True,True,0.9999992847442627,0.29014431199507945,0.1736685037612915
id04|p019,infu_aes2,id04,p019,True,True,0.9999998807907104,0.20104793654381106,0.10203349590301514
id05|p019,infu_aes2,id05,p019,True,True,1.0,0.21703263093577765,0.13465332984924316
id06|p019,infu_aes2,id06,p019,True,True,0.9999673366546631,0.05738299131555001,0.063850998878479
id07|p019,infu_aes2,id07,p019,True,True,0.9999997615814209,0.177693104854693,0.15716952085494995
id08|p019,infu_aes2,id08,p019,True,True,1.0,0.12509593817470785,0.20128792524337769
id01|p020,infu_aes2,id01,p020,True,True,1.0,0.1083599467375647,0.14421790838241577
id02|p020,infu_aes2,id02,p020,True,True,0.999995231628418,0.08402353300640344,0.10012960433959961
id03|p020,infu_aes2,id03,p020,True,True,1.0,0.11343641274030465,0.08172023296356201
id04|p020,infu_aes2,id04,p020,True,True,0.9999701976776123,0.12219419976175207,0.09776711463928223
id05|p020,infu_aes2,id05,p020,True,True,0.9999970197677612,0.07963444225302595,0.10276281833648682
id06|p020,infu_aes2,id06,p020,True,True,0.9999958276748657,0.12170349815912808,0.16017132997512817
id07|p020,infu_aes2,id07,p020,True,True,0.7160608172416687,0.19446474777486186,0.9403597041964531
id08|p020,infu_aes2,id08,p020,True,True,0.999994158744812,0.08917099715677068,0.23872637748718262
id01|p021,infu_aes2,id01,p021,True,False,,,
id02|p021,infu_aes2,id02,p021,True,False,,,
id03|p021,infu_aes2,id03,p021,True,True,0.9999805688858032,0.007388691498607403,0.09437739849090576
id04|p021,infu_aes2,id04,p021,True,True,0.9999781847000122,0.005499672647077994,0.26378875970840454
id05|p021,infu_aes2,id05,p021,True,True,0.9999994039535522,0.004366535907581833,0.2610650062561035
id06|p021,infu_aes2,id06,p021,True,True,0.9999731779098511,0.003048723384262613,0.7706489413976669
id07|p021,infu_aes2,id07,p021,True,True,0.999992847442627,0.008367071233147472,0.185316801071167
id08|p021,infu_aes2,id08,p021,True,True,0.8941657543182373,0.012220857767225339,0.8392236828804016
id01|p022,infu_aes2,id01,p022,True,True,0.9999842643737793,0.06840459973025817,0.1454818844795227
id02|p022,infu_aes2,id02,p022,True,True,0.9999654293060303,0.08644554603961296,0.07572698593139648
id03|p022,infu_aes2,id03,p022,True,True,0.9999792575836182,0.13697992062582676,0.08409690856933594
id04|p022,infu_aes2,id04,p022,True,True,0.9999948740005493,0.08752861815356695,0.08299243450164795
id05|p022,infu_aes2,id05,p022,True,True,0.9999967813491821,0.0999772191505365,0.16123396158218384
id06|p022,infu_aes2,id06,p022,True,True,0.9998878240585327,0.1480459148663317,0.15233010053634644
id07|p022,infu_aes2,id07,p022,True,True,0.9994893074035645,0.08166352304138479,0.16630995273590088
id08|p022,infu_aes2,id08,p022,True,True,0.99997878074646,0.1134534058244832,0.17105591297149658
id01|p023,infu_aes2,id01,p023,True,True,0.9999970197677612,0.05431328486284139,0.11144489049911499
id02|p023,infu_aes2,id02,p023,True,True,0.9999984502792358,0.0474872684603963,0.055620670318603516
id03|p023,infu_aes2,id03,p023,True,True,0.999997615814209,0.07175651796738569,0.10579687356948853
id04|p023,infu_aes2,id04,p023,True,True,0.9999994039535522,0.037086460963629636,0.07923483848571777
id05|p023,infu_aes2,id05,p023,True,True,0.9999688863754272,0.05407270863185655,0.1871575117111206
id06|p023,infu_aes2,id06,p023,True,True,0.9999997615814209,0.04948312243931966,0.10794591903686523
id07|p023,infu_aes2,id07,p023,True,True,0.9999991655349731,0.07673719447489245,0.15698200464248657
id08|p023,infu_aes2,id08,p023,True,True,0.9998639822006226,0.0340359301578991,0.16211795806884766
id01|p024,infu_aes2,id01,p024,True,True,0.9995991587638855,0.04230480979975352,0.10189199447631836
id02|p024,infu_aes2,id02,p024,True,True,0.9999943971633911,0.023334311049079532,0.06901323795318604
id03|p024,infu_aes2,id03,p024,True,True,0.9999998807907104,0.04536691932399015,0.15984231233596802
id04|p024,infu_aes2,id04,p024,True,True,0.9998506307601929,0.022629488322099447,0.07820552587509155
id05|p024,infu_aes2,id05,p024,True,True,0.9999991655349731,0.04386111841892283,0.276652455329895
id06|p024,infu_aes2,id06,p024,True,True,0.9999990463256836,0.05265966564930458,0.18068981170654297
id07|p024,infu_aes2,id07,p024,True,True,0.7395528554916382,0.036318056716034545,0.8359934389591217
id08|p024,infu_aes2,id08,p024,True,True,0.9999995231628418,0.03767392616884289,0.22261160612106323
id01|p025,infu_aes2,id01,p025,True,True,0.9999988079071045,0.10778066947010777,0.1345282793045044
id02|p025,infu_aes2,id02,p025,True,True,0.9999958276748657,0.06621731564759843,0.12461131811141968
id03|p025,infu_aes2,id03,p025,True,True,0.9999997615814209,0.14796386021619745,0.12605398893356323
id04|p025,infu_aes2,id04,p025,True,True,0.9995552897453308,0.1324522029589793,0.08827453851699829
id05|p025,infu_aes2,id05,p025,True,True,0.9999986886978149,0.13906930581012245,0.14779329299926758
id06|p025,infu_aes2,id06,p025,True,True,0.9999722242355347,0.19309110687311346,0.1840505599975586
id07|p025,infu_aes2,id07,p025,True,True,0.9999465942382812,0.1200580437747069,0.29868024587631226
id08|p025,infu_aes2,id08,p025,True,True,0.9988320469856262,0.10760933253451979,0.18901360034942627
id01|p026,infu_aes2,id01,p026,True,True,0.9999985694885254,0.145441486930971,0.15965718030929565
id02|p026,infu_aes2,id02,p026,True,True,0.9999998807907104,0.12333437976582147,0.07586753368377686
id03|p026,infu_aes2,id03,p026,True,True,0.9999727010726929,0.14873996487963662,0.08705812692642212
id04|p026,infu_aes2,id04,p026,True,True,0.9999933242797852,0.14874055094170954,0.10158967971801758
id05|p026,infu_aes2,id05,p026,True,True,0.9999926090240479,0.13749864053548988,0.132626473903656
id06|p026,infu_aes2,id06,p026,True,True,1.0,0.22259550281854892,0.13526272773742676
id07|p026,infu_aes2,id07,p026,True,True,0.9999996423721313,0.2106853317661174,0.1393803358078003
id08|p026,infu_aes2,id08,p026,True,True,0.9997785687446594,0.16289183805056728,0.1641862988471985
id01|p027,infu_aes2,id01,p027,True,True,0.9999253749847412,0.0013770471971496097,0.5620604753494263
id02|p027,infu_aes2,id02,p027,True,True,0.9999959468841553,0.0022026450970356807,0.5066544115543365
id03|p027,infu_aes2,id03,p027,True,True,0.9999899864196777,0.0024964973458970418,0.45752108097076416
id04|p027,infu_aes2,id04,p027,True,True,0.9994645714759827,0.003689154554969584,0.16045117378234863
id05|p027,infu_aes2,id05,p027,True,True,1.0,0.0014235473987400276,0.36909806728363037
id06|p027,infu_aes2,id06,p027,True,True,1.0,0.0019116004308803976,0.389398992061615
id07|p027,infu_aes2,id07,p027,True,True,0.9999326467514038,0.0014050412612392886,0.49618011713027954
id08|p027,infu_aes2,id08,p027,True,True,0.9999734163284302,0.0017854152050813916,0.5355954766273499
id01|p028,infu_aes2,id01,p028,True,True,0.999996542930603,0.037064837381950634,0.14316630363464355
id02|p028,infu_aes2,id02,p028,True,True,0.9999990463256836,0.10101625824982977,0.0837443470954895
id03|p028,infu_aes2,id03,p028,True,True,1.0,0.04769876915328488,0.06604862213134766
id04|p028,infu_aes2,id04,p028,True,True,0.9995463490486145,0.06345913094054578,0.09478449821472168
id05|p028,infu_aes2,id05,p028,True,True,0.9999935626983643,0.13458087974338645,0.07196784019470215
id06|p028,infu_aes2,id06,p028,True,True,0.9999516010284424,0.037377059818517494,0.08778536319732666
id07|p028,infu_aes2,id07,p028,True,True,0.9999986886978149,0.07811919229326074,0.1898762583732605
id08|p028,infu_aes2,id08,p028,True,True,0.999987006187439,0.09169963738261765,0.17707210779190063
id01|p029,infu_aes2,id01,p029,True,True,0.999947190284729,0.03682478130751336,0.0896182656288147
id02|p029,infu_aes2,id02,p029,True,True,0.999951958656311,0.026413860370229983,0.06752514839172363
id03|p029,infu_aes2,id03,p029,True,True,0.9998255372047424,0.04429473432026464,0.06985974311828613
id04|p029,infu_aes2,id04,p029,True,True,0.9999847412109375,0.04510336965121582,0.09289312362670898
id05|p029,infu_aes2,id05,p029,True,True,0.999998927116394,0.03434096894283799,0.1543288230895996
id06|p029,infu_aes2,id06,p029,True,True,0.999945878982544,0.03576356503066266,0.0553206205368042
id07|p029,infu_aes2,id07,p029,True,True,0.9990571141242981,0.03261896722062829,0.18503230810165405
id08|p029,infu_aes2,id08,p029,True,True,0.9985073208808899,0.030541002729233668,0.5009683966636658
id01|p030,infu_aes2,id01,p030,True,True,0.9999996423721313,0.025384140141546902,0.10015273094177246
id02|p030,infu_aes2,id02,p030,True,True,0.7445412278175354,0.0317502861236318,0.8730421662330627
id03|p030,infu_aes2,id03,p030,True,False,,,
id04|p030,infu_aes2,id04,p030,True,True,0.9999960660934448,0.01271818833339677,0.11471712589263916
id05|p030,infu_aes2,id05,p030,True,False,,,
id06|p030,infu_aes2,id06,p030,True,True,0.9635345339775085,0.02527597969921412,0.6210179924964905
id07|p030,infu_aes2,id07,p030,True,True,0.8898425698280334,0.019274619654264892,0.8923243582248688
id08|p030,infu_aes2,id08,p030,True,True,0.9999991655349731,0.025954795287125982,0.2904496192932129
id01|p031,infu_aes2,id01,p031,True,True,0.999993085861206,0.0335001030736499,0.10889661312103271
id02|p031,infu_aes2,id02,p031,True,True,0.9999997615814209,0.08066649159552704,0.08564901351928711
id03|p031,infu_aes2,id03,p031,True,True,1.0,0.05524521297382218,0.09737181663513184
id04|p031,infu_aes2,id04,p031,True,True,0.994820237159729,0.04899357918372269,0.08082109689712524
id05|p031,infu_aes2,id05,p031,True,True,0.9999998807907104,0.04395406298535369,0.13659942150115967
id06|p031,infu_aes2,id06,p031,True,True,0.9999376535415649,0.043712215758067725,0.07299011945724487
id07|p031,infu_aes2,id07,p031,True,True,0.9999605417251587,0.029455566123275226,0.11757564544677734
id08|p031,infu_aes2,id08,p031,True,True,0.9999927282333374,0.024992022242929252,0.1540679931640625
id01|p032,infu_aes2,id01,p032,True,True,0.9999953508377075,0.019014342272830356,0.16414576768875122
id02|p032,infu_aes2,id02,p032,True,True,0.9999747276306152,0.04570385348696667,0.07881712913513184
id03|p032,infu_aes2,id03,p032,True,True,1.0,0.03853585468341838,0.20823848247528076
id04|p032,infu_aes2,id04,p032,True,True,0.9998719692230225,0.03570703503192773,0.08407902717590332
id05|p032,infu_aes2,id05,p032,True,True,0.9599372148513794,0.043143348214270835,0.8204015791416168
id06|p032,infu_aes2,id06,p032,True,True,1.0,0.02106752421656702,0.14574724435806274
id07|p032,infu_aes2,id07,p032,True,True,0.9999988079071045,0.02009378499491908,0.4139714241027832
id08|p032,infu_aes2,id08,p032,True,True,0.9999984502792358,0.03846074697995623,0.19366300106048584
id01|p033,infu_aes2,id01,p033,True,True,1.0,0.018250884216536367,0.1464095115661621
id02|p033,infu_aes2,id02,p033,True,True,0.9999827146530151,0.007800245082796243,0.19951176643371582
id03|p033,infu_aes2,id03,p033,True,True,1.0,0.04233716106784073,0.1407531499862671
id04|p033,infu_aes2,id04,p033,True,True,0.9999988079071045,0.017259001943857807,0.07929134368896484
id05|p033,infu_aes2,id05,p033,True,True,0.9999988079071045,0.011899926057418802,0.23577284812927246
id06|p033,infu_aes2,id06,p033,True,True,0.9999607801437378,0.012720644043696322,0.09311950206756592
id07|p033,infu_aes2,id07,p033,True,True,0.9999969005584717,0.03025588516553022,0.1577189564704895
id08|p033,infu_aes2,id08,p033,True,True,0.9999905824661255,0.01031111293097054,0.22184187173843384
id01|p034,infu_aes2,id01,p034,True,True,0.9999997615814209,0.02480157066278809,0.11123842000961304
id02|p034,infu_aes2,id02,p034,True,True,0.9999669790267944,0.025862480177485492,0.11883753538131714
id03|p034,infu_aes2,id03,p034,True,True,0.9999111890792847,0.02107784449033317,0.04429417848587036
id04|p034,infu_aes2,id04,p034,True,True,1.0,0.020201868438170498,0.07604146003723145
id05|p034,infu_aes2,id05,p034,True,True,0.9999133348464966,0.034287517673893105,0.14028358459472656
id06|p034,infu_aes2,id06,p034,True,True,1.0,0.024351122231021958,0.12434780597686768
id07|p034,infu_aes2,id07,p034,True,True,0.9999628067016602,0.024543221176966452,0.1290121078491211
id08|p034,infu_aes2,id08,p034,True,True,0.999842643737793,0.024533738896531848,0.17672085762023926
id01|p035,infu_aes2,id01,p035,True,True,0.9999996423721313,0.3773627298489182,0.19296050071716309
id02|p035,infu_aes2,id02,p035,True,True,0.9998618364334106,0.34152310016248266,0.13207101821899414
id03|p035,infu_aes2,id03,p035,True,True,0.9999988079071045,0.1969788951598103,0.08884209394454956
id04|p035,infu_aes2,id04,p035,True,True,0.9999983310699463,0.45789587714954355,0.11813819408416748
id05|p035,infu_aes2,id05,p035,True,True,0.9999994039535522,0.3772342702411227,0.3156645894050598
id06|p035,infu_aes2,id06,p035,True,True,1.0,0.23793507915042805,0.12184929847717285
id07|p035,infu_aes2,id07,p035,True,True,0.9995744824409485,0.3470930135875792,0.11912429332733154
id08|p035,infu_aes2,id08,p035,True,True,0.9999978542327881,0.4462993861103752,0.2193131446838379
id01|p036,infu_aes2,id01,p036,True,True,0.9999980926513672,0.01922942934674699,0.09912759065628052
id02|p036,infu_aes2,id02,p036,True,True,0.9999995231628418,0.024509227280347018,0.07304811477661133
id03|p036,infu_aes2,id03,p036,True,True,0.9999992847442627,0.017077580933395918,0.16489750146865845
id04|p036,infu_aes2,id04,p036,True,True,0.9999974966049194,0.008714105326590496,0.211950421333313
id05|p036,infu_aes2,id05,p036,True,True,0.999990701675415,0.027059380238901073,0.10070854425430298
id06|p036,infu_aes2,id06,p036,True,True,0.9999443292617798,0.042850779170292716,0.0821155309677124
id07|p036,infu_aes2,id07,p036,True,True,0.9999995231628418,0.01673725223032239,0.2270292043685913
id08|p036,infu_aes2,id08,p036,True,True,0.999998927116394,0.0133463665061434,0.12580323219299316
id01|p037,infu_aes2,id01,p037,True,True,0.9999990463256836,0.06240075613702152,0.14979684352874756
id02|p037,infu_aes2,id02,p037,True,True,0.9999991655349731,0.022371967589471617,0.08998215198516846
id03|p037,infu_aes2,id03,p037,True,True,0.9999634027481079,0.03545359742833013,0.08172214031219482
id04|p037,infu_aes2,id04,p037,True,True,0.9999998807907104,0.03650784911297395,0.0865752100944519
id05|p037,infu_aes2,id05,p037,True,True,0.9999997615814209,0.031676713126407664,0.32157909870147705
id06|p037,infu_aes2,id06,p037,True,True,0.9999022483825684,0.03858245442005469,0.11408698558807373
id07|p037,infu_aes2,id07,p037,True,True,0.9995307922363281,0.03864140432967731,0.18708598613739014
id08|p037,infu_aes2,id08,p037,True,True,0.996335506439209,0.040122389732723716,0.17310559749603271
id01|p038,infu_aes2,id01,p038,True,True,0.9999815225601196,0.2587711482324732,0.21689176559448242
id02|p038,infu_aes2,id02,p038,True,True,0.999794065952301,0.1954257549000225,0.19991058111190796
id03|p038,infu_aes2,id03,p038,True,True,0.9999864101409912,0.3359719770659661,0.18658161163330078
id04|p038,infu_aes2,id04,p038,True,True,0.9999927282333374,0.43033424244892915,0.3275054097175598
id05|p038,infu_aes2,id05,p038,True,True,0.9999368190765381,0.23525977767277104,0.1477794647216797
id06|p038,infu_aes2,id06,p038,True,True,0.9997619986534119,0.41058862585585393,0.22253131866455078
id07|p038,infu_aes2,id07,p038,True,True,0.9999998807907104,0.2878123334439455,0.14550995826721191
id08|p038,infu_aes2,id08,p038,True,True,1.0,0.24612427568718537,0.1822912096977234
id01|p039,infu_aes2,id01,p039,True,True,0.9999947547912598,0.00879414562596027,0.200300931930542
id02|p039,infu_aes2,id02,p039,True,True,0.9644995927810669,0.003665846602767308,0.9921898357570171
id03|p039,infu_aes2,id03,p039,True,True,0.7035765647888184,0.002520970971929101,0.9540818966925144
id04|p039,infu_aes2,id04,p039,True,True,0.9993906021118164,0.003664300233016727,0.9684931710362434
id05|p039,infu_aes2,id05,p039,True,True,0.9778459668159485,0.006106879224803061,0.7317217290401459
id06|p039,infu_aes2,id06,p039,True,True,0.7665892839431763,0.015862763582905105,1.0129161328077316
id07|p039,infu_aes2,id07,p039,True,True,0.9514275193214417,0.0027323073843817914,0.6773970723152161
id08|p039,infu_aes2,id08,p039,True,True,0.8291910886764526,0.006337759371464193,0.8330365717411041
id01|p040,infu_aes2,id01,p040,True,True,0.9999604225158691,0.014889615482255893,0.32843369245529175
id02|p040,infu_aes2,id02,p040,True,True,0.9999948740005493,0.010815426625602248,0.084464430809021
id03|p040,infu_aes2,id03,p040,True,True,0.9997739195823669,0.011432072073429155,0.11749422550201416
id04|p040,infu_aes2,id04,p040,True,True,0.9999995231628418,0.009110907873664306,0.12731647491455078
id05|p040,infu_aes2,id05,p040,True,True,0.9999997615814209,0.007839546635761823,0.13524281978607178
id06|p040,infu_aes2,id06,p040,True,True,0.9999974966049194,0.014014108120908319,0.15403354167938232
id07|p040,infu_aes2,id07,p040,True,True,0.9999959468841553,0.02584514780626166,0.12981551885604858
id08|p040,infu_aes2,id08,p040,True,True,0.9999969005584717,0.020074090419514433,0.1232805848121643
id01|p041,infu_aes2,id01,p041,True,True,0.9999959468841553,0.044507889687787454,0.1039358377456665
id02|p041,infu_aes2,id02,p041,True,True,0.9999338388442993,0.30654566535096645,0.11520886421203613
id03|p041,infu_aes2,id03,p041,True,True,0.9999998807907104,0.15245135054362657,0.10787332057952881
id04|p041,infu_aes2,id04,p041,True,True,0.9999945163726807,0.2497567823176757,0.06874680519104004
id05|p041,infu_aes2,id05,p041,True,True,0.9997730851173401,0.13085541910900603,0.16609543561935425
id06|p041,infu_aes2,id06,p041,True,True,0.9999880790710449,0.09345277830897741,0.11206132173538208
id07|p041,infu_aes2,id07,p041,True,True,0.9994645714759827,0.2127272700258987,0.12972009181976318
id08|p041,infu_aes2,id08,p041,True,True,0.9999985694885254,0.20266091844189163,0.18483495712280273
id01|p042,infu_aes2,id01,p042,True,False,,,
id02|p042,infu_aes2,id02,p042,True,False,,,
id03|p042,infu_aes2,id03,p042,True,True,0.9993021488189697,0.0005561737067976016,0.7597913444042206
id04|p042,infu_aes2,id04,p042,True,True,0.9972842931747437,0.002085614680812976,0.8528242707252502
id05|p042,infu_aes2,id05,p042,True,True,0.9999908208847046,0.004493252107963206,0.31496042013168335
id06|p042,infu_aes2,id06,p042,True,True,0.9999984502792358,0.006917506038718219,0.1843281388282776
id07|p042,infu_aes2,id07,p042,True,False,,,
id08|p042,infu_aes2,id08,p042,True,True,0.9999972581863403,0.005493887920419719,0.2574899196624756
id01|p043,infu_aes2,id01,p043,True,True,0.9999910593032837,0.049898890578767216,0.17214906215667725
id02|p043,infu_aes2,id02,p043,True,True,0.9999998807907104,0.04652481594049781,0.09549576044082642
id03|p043,infu_aes2,id03,p043,True,True,0.9999982118606567,0.05132467672429426,0.12390482425689697
id04|p043,infu_aes2,id04,p043,True,True,0.9999982118606567,0.0553485236545957,0.08606940507888794
id05|p043,infu_aes2,id05,p043,True,True,0.9999959468841553,0.061947725645499406,0.3471885323524475
id06|p043,infu_aes2,id06,p043,True,True,0.9999995231628418,0.05900094328547278,0.09263968467712402
id07|p043,infu_aes2,id07,p043,True,True,0.9999947547912598,0.051199455261747025,0.1798316240310669
id08|p043,infu_aes2,id08,p043,True,True,0.9999862909317017,0.03665272829060221,0.17628008127212524
id01|p044,infu_aes2,id01,p044,True,True,0.9987209439277649,0.1286436882399913,0.16022074222564697
id02|p044,infu_aes2,id02,p044,True,True,0.9999396800994873,0.11875331595841411,0.07555097341537476
id03|p044,infu_aes2,id03,p044,True,True,0.9998018145561218,0.206877739137639,0.14029276371002197
id04|p044,infu_aes2,id04,p044,True,True,0.9999949932098389,0.14686828787608525,0.09587293863296509
id05|p044,infu_aes2,id05,p044,True,True,0.8100866675376892,0.33187868357863465,1.0710298717021942
id06|p044,infu_aes2,id06,p044,True,True,0.9999961853027344,0.19432753192523394,0.15686607360839844
id07|p044,infu_aes2,id07,p044,True,True,0.9999642372131348,0.0756918450164123,0.1980677843093872
id08|p044,infu_aes2,id08,p044,True,True,0.9997406601905823,0.08096252961279231,0.1528557538986206
id01|p045,infu_aes2,id01,p045,True,True,0.9999992847442627,0.0030546878441260494,0.27801913022994995
id02|p045,infu_aes2,id02,p045,True,True,0.9999972581863403,0.006538989348721812,0.14966362714767456
id03|p045,infu_aes2,id03,p045,True,True,0.9998019337654114,0.0016810479851413636,0.5221760272979736
id04|p045,infu_aes2,id04,p045,True,True,0.999987006187439,0.003391740503898459,0.3074226379394531
id05|p045,infu_aes2,id05,p045,True,True,0.7096376419067383,0.005967261251771935,0.9478264041244984
id06|p045,infu_aes2,id06,p045,True,True,0.9999998807907104,0.013114870542554712,0.11910569667816162
id07|p045,infu_aes2,id07,p045,True,True,0.9999771118164062,0.005458931230586367,0.248978853225708
id08|p045,infu_aes2,id08,p045,True,True,0.9999603033065796,0.004453784133948519,0.2518733739852905
id01|p046,infu_aes2,id01,p046,True,True,0.9999023675918579,0.03721216080857967,0.13532358407974243
id02|p046,infu_aes2,id02,p046,True,True,0.9999014139175415,0.04128620219886597,0.08607739210128784
id03|p046,infu_aes2,id03,p046,True,True,0.9999485015869141,0.03609747760814863,0.044669270515441895
id04|p046,infu_aes2,id04,p046,True,True,0.9999016523361206,0.03735022966484609,0.08026778697967529
id05|p046,infu_aes2,id05,p046,True,True,0.9998192191123962,0.057359176860034965,0.32726848125457764
id06|p046,infu_aes2,id06,p046,True,True,1.0,0.010919084002211685,0.1855229139328003
id07|p046,infu_aes2,id07,p046,True,True,0.999991774559021,0.042895064639535976,0.09400439262390137
id08|p046,infu_aes2,id08,p046,True,True,0.9999992847442627,0.03792023730808563,0.267225980758667
id01|p047,infu_aes2,id01,p047,True,True,0.9999983310699463,0.020453024269584234,0.14774376153945923
id02|p047,infu_aes2,id02,p047,True,True,0.9993957281112671,0.01916910203904137,0.10989779233932495
id03|p047,infu_aes2,id03,p047,True,True,0.9999210834503174,0.06368548566554379,0.19595551490783691
id04|p047,infu_aes2,id04,p047,True,True,0.9999428987503052,0.06027252179492392,0.10292088985443115
id05|p047,infu_aes2,id05,p047,True,True,1.0,0.02350205483362384,0.0961078405380249
id06|p047,infu_aes2,id06,p047,True,True,0.9999655485153198,0.03753495135633658,0.13367211818695068
id07|p047,infu_aes2,id07,p047,True,True,0.999996542930603,0.05268610885778048,0.14678549766540527
id08|p047,infu_aes2,id08,p047,True,True,0.9999986886978149,0.05056877338455736,0.21042120456695557
id01|p048,infu_aes2,id01,p048,True,True,0.9999990463256836,0.08658987055212403,0.19988763332366943
id02|p048,infu_aes2,id02,p048,True,True,0.9999961853027344,0.09185740431771611,0.0807991623878479
id03|p048,infu_aes2,id03,p048,True,True,0.9999326467514038,0.0685948233230765,0.3583027124404907
id04|p048,infu_aes2,id04,p048,True,True,0.9999973773956299,0.06350194888727108,0.2619534730911255
id05|p048,infu_aes2,id05,p048,True,True,1.0,0.07131173956621538,0.2679194211959839
id06|p048,infu_aes2,id06,p048,True,True,0.9999996423721313,0.07075394735229677,0.16551518440246582
id07|p048,infu_aes2,id07,p048,True,True,0.9999994039535522,0.10684219455470718,0.23341745138168335
id08|p048,infu_aes2,id08,p048,True,True,0.999982476234436,0.08588325290588635,0.17152345180511475
id01|p049,infu_aes2,id01,p049,True,True,1.0,0.004713420600345682,0.09206771850585938
id02|p049,infu_aes2,id02,p049,True,False,,,
id03|p049,infu_aes2,id03,p049,True,True,0.9999988079071045,0.004254034397873313,0.1314384937286377
id04|p049,infu_aes2,id04,p049,True,False,,,
id05|p049,infu_aes2,id05,p049,True,True,0.9998534917831421,0.004706886915562851,0.4322608709335327
id06|p049,infu_aes2,id06,p049,True,True,0.9999998807907104,0.010720482181366404,0.08368563652038574
id07|p049,infu_aes2,id07,p049,True,True,0.9999973773956299,0.007882199475036085,0.13943159580230713
id08|p049,infu_aes2,id08,p049,True,False,,,
id01|p050,infu_aes2,id01,p050,True,True,1.0,0.43573752346171934,0.18054574728012085
id02|p050,infu_aes2,id02,p050,True,True,0.9999967813491821,0.24592317267881697,0.08500885963439941
id03|p050,infu_aes2,id03,p050,True,True,0.999992847442627,0.23437262416685395,0.10702520608901978
id04|p050,infu_aes2,id04,p050,True,True,0.9999954700469971,0.25264099041708976,0.08575880527496338
id05|p050,infu_aes2,id05,p050,True,True,0.9999977350234985,0.26226252619633605,0.17123103141784668
id06|p050,infu_aes2,id06,p050,True,True,0.9999994039535522,0.20139180416120123,0.09413349628448486
id07|p050,infu_aes2,id07,p050,True,True,0.9999806880950928,0.1935407972176355,0.18658018112182617
id08|p050,infu_aes2,id08,p050,True,True,0.9996485710144043,0.2060898872431048,0.23371785879135132
id01|p051,infu_aes2,id01,p051,True,True,0.9999938011169434,0.04436448303387952,0.11239427328109741
id02|p051,infu_aes2,id02,p051,True,True,0.9999992847442627,0.034062471234922974,0.0670614242553711
id03|p051,infu_aes2,id03,p051,True,True,0.9999995231628418,0.060242253588387626,0.07144427299499512
id04|p051,infu_aes2,id04,p051,True,True,0.9998723268508911,0.03974653660316061,0.10039395093917847
id05|p051,infu_aes2,id05,p051,True,True,1.0,0.03468506745122323,0.1435234546661377
id06|p051,infu_aes2,id06,p051,True,True,1.0,0.04244496218982247,0.08809679746627808
id07|p051,infu_aes2,id07,p051,True,True,1.0,0.050714607132424955,0.13335227966308594
id08|p051,infu_aes2,id08,p051,True,True,0.9988194108009338,0.0347449909469403,0.19213223457336426
id01|p052,infu_aes2,id01,p052,True,True,0.9999927282333374,0.05992752430928509,1.0852771252393723
id02|p052,infu_aes2,id02,p052,True,True,0.9999978542327881,0.027748392530302673,0.11431765556335449
id03|p052,infu_aes2,id03,p052,True,True,0.9996265172958374,0.038244807910851844,0.39985907077789307
id04|p052,infu_aes2,id04,p052,True,True,0.9974824786186218,0.028484345037730147,0.7210076451301575
id05|p052,infu_aes2,id05,p052,True,True,0.7827833890914917,0.07167050343093051,0.9225735515356064
id06|p052,infu_aes2,id06,p052,True,False,,,
id07|p052,infu_aes2,id07,p052,True,True,0.9999455213546753,0.017800826134840207,0.1740645170211792
id08|p052,infu_aes2,id08,p052,True,True,0.8242217898368835,0.015270143512474226,0.891033761203289
id01|p053,infu_aes2,id01,p053,True,True,0.9998997449874878,0.04192060725066147,0.10593891143798828
id02|p053,infu_aes2,id02,p053,True,True,0.9999709129333496,0.0406144630792446,0.05747354030609131
id03|p053,infu_aes2,id03,p053,True,True,0.9999929666519165,0.029684183403822378,0.07877886295318604
id04|p053,infu_aes2,id04,p053,True,True,0.9998993873596191,0.02764691071467717,0.06165444850921631
id05|p053,infu_aes2,id05,p053,True,True,0.9999986886978149,0.03566796283111911,0.17554378509521484
id06|p053,infu_aes2,id06,p053,True,True,0.9999555349349976,0.0394390750642978,0.0561525821685791
id07|p053,infu_aes2,id07,p053,True,True,0.9999815225601196,0.055594034835526204,0.13406044244766235
id08|p053,infu_aes2,id08,p053,True,True,1.0,0.02921234909424275,0.15189450979232788
id01|p054,infu_aes2,id01,p054,True,True,0.999975323677063,0.03151107712422461,0.07996809482574463
id02|p054,infu_aes2,id02,p054,True,True,0.994709849357605,0.018365820767917564,0.42009973526000977
id03|p054,infu_aes2,id03,p054,True,True,0.9999982118606567,0.03879394028960329,0.10122108459472656
id04|p054,infu_aes2,id04,p054,True,True,1.0,0.014311586944285158,0.18489712476730347
id05|p054,infu_aes2,id05,p054,True,True,0.9999980926513672,0.025213769191306013,0.19580745697021484
id06|p054,infu_aes2,id06,p054,True,True,0.9999703168869019,0.03473391123061409,0.07592195272445679
id07|p054,infu_aes2,id07,p054,True,True,0.9999912977218628,0.022604580300689976,0.10800129175186157
id08|p054,infu_aes2,id08,p054,True,True,0.9997883439064026,0.023509415369050317,0.2548633813858032
id01|p055,infu_aes2,id01,p055,True,True,0.9901732206344604,0.005292108216864995,0.8471457660198212
id02|p055,infu_aes2,id02,p055,True,True,0.7577468752861023,0.10544166736962111,0.904571644961834
id03|p055,infu_aes2,id03,p055,True,True,0.9999886751174927,0.01381645345286172,0.1267451047897339
id04|p055,infu_aes2,id04,p055,True,True,1.0,0.01694169477702226,0.11239272356033325
id05|p055,infu_aes2,id05,p055,True,True,1.0,0.005551042910897026,0.2283611297607422
id06|p055,infu_aes2,id06,p055,True,True,0.9999983310699463,0.01854402357607347,0.12520688772201538
id07|p055,infu_aes2,id07,p055,True,True,0.9999972581863403,0.02104000380788997,0.13786351680755615
id08|p055,infu_aes2,id08,p055,True,True,0.9999274015426636,0.011379909514946322,0.16561877727508545
id01|p056,infu_aes2,id01,p056,True,True,0.9999474287033081,0.18542477019626083,0.12493777275085449
id02|p056,infu_aes2,id02,p056,True,True,0.9999995231628418,0.23566347061507675,0.09529292583465576
id03|p056,infu_aes2,id03,p056,True,True,0.9990972280502319,0.24385037086513303,0.1254720687866211
id04|p056,infu_aes2,id04,p056,True,True,0.9999804496765137,0.1730599811485768,0.0702437162399292
id05|p056,infu_aes2,id05,p056,True,True,1.0,0.27576411683851615,0.16443586349487305
id06|p056,infu_aes2,id06,p056,True,True,0.9999914169311523,0.3545829357808837,0.13871079683303833
id07|p056,infu_aes2,id07,p056,True,True,0.9999595880508423,0.22981937998979296,0.12493914365768433
id08|p056,infu_aes2,id08,p056,True,True,0.9999715089797974,0.20376262935615663,0.22190630435943604
id01|p057,infu_aes2,id01,p057,True,True,0.9012448787689209,0.08202094684827298,0.9860139396041632
id02|p057,infu_aes2,id02,p057,True,True,0.9999585151672363,0.07865444922102445,0.1275436282157898
id03|p057,infu_aes2,id03,p057,True,True,0.9998012185096741,0.036971468834495314,0.0867694616317749
id04|p057,infu_aes2,id04,p057,True,True,0.9999873638153076,0.05273656739998078,0.10297846794128418
id05|p057,infu_aes2,id05,p057,True,True,0.9999998807907104,0.04578716957726869,0.27501440048217773
id06|p057,infu_aes2,id06,p057,True,True,0.9999957084655762,0.05005188626968159,0.1082947850227356
id07|p057,infu_aes2,id07,p057,True,True,0.9999877214431763,0.05540995846022017,0.1609169840812683
id08|p057,infu_aes2,id08,p057,True,True,0.9999704360961914,0.046792648047979245,0.22491568326950073
id01|p058,infu_aes2,id01,p058,True,True,0.9999998807907104,0.00800721767027641,0.13313817977905273
id02|p058,infu_aes2,id02,p058,True,True,0.9999994039535522,0.006278288318745345,0.16940832138061523
id03|p058,infu_aes2,id03,p058,True,False,,,
id04|p058,infu_aes2,id04,p058,True,True,0.9978582262992859,0.007409637555236225,0.09902125597000122
id05|p058,infu_aes2,id05,p058,True,True,0.9998852014541626,0.00893150561037539,0.18297529220581055
id06|p058,infu_aes2,id06,p058,True,True,0.9999979734420776,0.003365300007455756,0.41250669956207275
id07|p058,infu_aes2,id07,p058,True,True,0.9999812841415405,0.005577002514053173,0.17269659042358398
id08|p058,infu_aes2,id08,p058,True,True,0.9998645782470703,0.0075599947613433265,0.21036171913146973
id01|p059,infu_aes2,id01,p059,True,True,0.9999959468841553,0.3625257027527054,0.11085522174835205
id02|p059,infu_aes2,id02,p059,True,True,0.9999783039093018,0.20445410953895848,0.10842418670654297
id03|p059,infu_aes2,id03,p059,True,True,0.9999773502349854,0.28793685209754133,0.14035910367965698
id04|p059,infu_aes2,id04,p059,True,True,0.99998939037323,0.23253364508901472,0.09803473949432373
id05|p059,infu_aes2,id05,p059,True,True,0.9999998807907104,0.09670943372960512,0.16441744565963745
id06|p059,infu_aes2,id06,p059,True,True,0.999995231628418,0.2609977599416051,0.2039942741394043
id07|p059,infu_aes2,id07,p059,True,True,0.9999109506607056,0.16826436781641657,0.18483197689056396
id08|p059,infu_aes2,id08,p059,True,True,0.999998927116394,0.24544768015227228,0.2668410539627075
id01|p060,infu_aes2,id01,p060,True,True,1.0,0.01928479380794464,0.1392027735710144
id02|p060,infu_aes2,id02,p060,True,True,0.9999995231628418,0.03441894392262333,0.08818650245666504
id03|p060,infu_aes2,id03,p060,True,True,0.9999971389770508,0.06154407947908118,0.13607746362686157
id04|p060,infu_aes2,id04,p060,True,True,0.9999998807907104,0.01861392991082135,0.13273561000823975
id05|p060,infu_aes2,id05,p060,True,True,1.0,0.03185479160875999,0.12176966667175293
id06|p060,infu_aes2,id06,p060,True,True,1.0,0.03357625855990333,0.12348079681396484
id07|p060,infu_aes2,id07,p060,True,True,0.9999997615814209,0.07663888552265291,0.1488049030303955
id08|p060,infu_aes2,id08,p060,True,True,0.9999933242797852,0.028222893854576478,0.15178817510604858
id01|p061,infu_aes2,id01,p061,True,False,,,
id02|p061,infu_aes2,id02,p061,True,True,0.999998927116394,0.010641648954101452,0.132063090801239
id03|p061,infu_aes2,id03,p061,True,True,0.9999346733093262,0.009102348072651189,0.11651855707168579
id04|p061,infu_aes2,id04,p061,True,True,0.9999847412109375,0.009326520865050888,0.1520901918411255
id05|p061,infu_aes2,id05,p061,True,True,0.9999991655349731,0.006612414111500977,0.3312413692474365
id06|p061,infu_aes2,id06,p061,True,True,0.9999765157699585,0.006671051425257,0.33676016330718994
id07|p061,infu_aes2,id07,p061,True,True,1.0,0.01548297523708778,0.14660978317260742
id08|p061,infu_aes2,id08,p061,True,True,0.9999904632568359,0.017624464609517183,0.18994879722595215
id01|p062,infu_aes2,id01,p062,True,True,1.0,0.013910652405785286,0.12911999225616455
id02|p062,infu_aes2,id02,p062,True,True,0.9999991655349731,0.014112790291900311,0.08343243598937988
id03|p062,infu_aes2,id03,p062,True,True,0.9999735355377197,0.01440832755038416,0.2006458044052124
id04|p062,infu_aes2,id04,p062,True,True,0.9999573230743408,0.011881439957155841,0.15670853853225708
id05|p062,infu_aes2,id05,p062,True,True,0.9999958276748657,0.00969104482794732,0.2848133444786072
id06|p062,infu_aes2,id06,p062,True,True,0.9999994039535522,0.010323175541616589,0.11982870101928711
id07|p062,infu_aes2,id07,p062,True,True,0.9999624490737915,0.009241524604289442,0.13389283418655396
id08|p062,infu_aes2,id08,p062,True,True,0.9997053742408752,0.022488877499571527,0.15125113725662231
id01|p063,infu_aes2,id01,p063,True,True,0.9999884366989136,0.042139971087276476,0.10146117210388184
id02|p063,infu_aes2,id02,p063,True,True,0.9999969005584717,0.030880140228806273,0.0937190055847168
id03|p063,infu_aes2,id03,p063,True,True,0.9999988079071045,0.039946986000937434,0.08864355087280273
id04|p063,infu_aes2,id04,p063,True,True,0.9998857975006104,0.04046118893273632,0.09202313423156738
id05|p063,infu_aes2,id05,p063,True,True,0.9999649524688721,0.05569042543964646,0.17307329177856445
id06|p063,infu_aes2,id06,p063,True,True,0.9999961853027344,0.037711398758152666,0.14750146865844727
id07|p063,infu_aes2,id07,p063,True,True,0.9998834133148193,0.08427658726949491,0.1371980905532837
id08|p063,infu_aes2,id08,p063,True,True,0.9996461868286133,0.04110774246533043,0.20077884197235107
id01|p064,infu_aes2,id01,p064,True,True,0.8840980529785156,0.013125800693205186,0.9980477169156075
id02|p064,infu_aes2,id02,p064,True,False,,,
id03|p064,infu_aes2,id03,p064,True,False,,,
id04|p064,infu_aes2,id04,p064,True,False,,,
id05|p064,infu_aes2,id05,p064,True,True,0.9918920993804932,0.024869989177109402,0.8654443174600601
id06|p064,infu_aes2,id06,p064,True,True,0.7345249056816101,0.026147194988236318,1.030905842781067
id07|p064,infu_aes2,id07,p064,True,True,0.9999979734420776,0.040041673989042376,0.36130762100219727
id08|p064,infu_aes2,id08,p064,True,True,0.9999874830245972,0.039125821407591646,0.25215601921081543
id01|p065,infu_aes2,id01,p065,True,True,0.9999994039535522,0.7579325281209224,0.205469012260437
id02|p065,infu_aes2,id02,p065,True,True,0.9999881982803345,0.5309485824126083,0.10310959815979004
id03|p065,infu_aes2,id03,p065,True,True,0.999998927116394,0.37379314701516425,0.14560383558273315
id04|p065,infu_aes2,id04,p065,True,True,0.9998881816864014,0.5326704989462143,0.09962862730026245
id05|p065,infu_aes2,id05,p065,True,True,0.999607264995575,0.5915442336989312,0.31037086248397827
id06|p065,infu_aes2,id06,p065,True,True,0.9999794960021973,0.696383830412099,0.2547273635864258
id07|p065,infu_aes2,id07,p065,True,True,0.99998939037323,0.37926749097634993,0.17490142583847046
id08|p065,infu_aes2,id08,p065,True,True,0.9999943971633911,0.5333621660069017,0.27108538150787354
id01|p066,infu_aes2,id01,p066,True,True,0.9999926090240479,0.06133286878490962,0.13239574432373047
id02|p066,infu_aes2,id02,p066,True,True,0.9999986886978149,0.04468438059810372,0.08351469039916992
id03|p066,infu_aes2,id03,p066,True,True,0.9999990463256836,0.06779386848218447,0.08127617835998535
id04|p066,infu_aes2,id04,p066,True,True,0.9999234676361084,0.05624053779373708,0.08886432647705078
id05|p066,infu_aes2,id05,p066,True,True,0.9999938011169434,0.061885427345982166,0.2203984260559082
id06|p066,infu_aes2,id06,p066,True,True,0.9991459846496582,0.052255539080647395,0.08595359325408936
id07|p066,infu_aes2,id07,p066,True,True,0.9999972581863403,0.0623717072371357,0.1810625195503235
id08|p066,infu_aes2,id08,p066,True,True,0.9997815489768982,0.06931855226068098,0.20614469051361084
id01|p067,infu_aes2,id01,p067,True,True,0.9999881982803345,0.002506340077196996,0.5005660653114319
id02|p067,infu_aes2,id02,p067,True,True,0.999997615814209,0.008460568372444603,0.18491286039352417
id03|p067,infu_aes2,id03,p067,True,True,0.9999532699584961,0.011351962916060186,0.1109667420387268
id04|p067,infu_aes2,id04,p067,True,True,0.9998948574066162,0.0008982298771026066,1.1457750797271729
id05|p067,infu_aes2,id05,p067,True,True,0.9999836683273315,0.004136174911966211,0.46731531620025635
id06|p067,infu_aes2,id06,p067,True,True,1.0,0.005352898669239769,0.33367764949798584
id07|p067,infu_aes2,id07,p067,True,True,0.9998685121536255,0.0025680237029569574,0.8272008299827576
id08|p067,infu_aes2,id08,p067,True,True,1.0,0.004113408437174276,0.5009828209877014
id01|p068,infu_aes2,id01,p068,True,True,0.999996542930603,0.06369815455877122,0.09342122077941895
id02|p068,infu_aes2,id02,p068,True,True,0.9999696016311646,0.07343612172449687,0.061423420906066895
id03|p068,infu_aes2,id03,p068,True,True,0.9997363686561584,0.07089883426172289,0.05525064468383789
id04|p068,infu_aes2,id04,p068,True,True,1.0,0.09597596901661701,0.11211919784545898
id05|p068,infu_aes2,id05,p068,True,True,0.9999970197677612,0.040649282895077264,0.11418688297271729
id06|p068,infu_aes2,id06,p068,True,True,0.9999502897262573,0.04868730258465114,0.07307231426239014
id07|p068,infu_aes2,id07,p068,True,True,0.9999986886978149,0.08490053555489473,0.1114351749420166
id08|p068,infu_aes2,id08,p068,True,True,0.9999945163726807,0.044971502556247524,0.12014883756637573
id01|p069,infu_aes2,id01,p069,True,True,0.9999727010726929,0.17869358126794127,0.11852562427520752
id02|p069,infu_aes2,id02,p069,True,True,0.9999179840087891,0.26695138829283377,0.11143749952316284
id03|p069,infu_aes2,id03,p069,True,True,0.9999986886978149,0.24655477428518305,0.17593133449554443
id04|p069,infu_aes2,id04,p069,True,True,0.9999563694000244,0.19444481209388692,0.17975068092346191
id05|p069,infu_aes2,id05,p069,True,True,0.9999998807907104,0.16055264460123628,0.13537663221359253
id06|p069,infu_aes2,id06,p069,True,True,0.9999890327453613,0.19436422527539543,0.14346647262573242
id07|p069,infu_aes2,id07,p069,True,True,0.9999631643295288,0.10244693539425077,0.24990630149841309
id08|p069,infu_aes2,id08,p069,True,True,0.9999958276748657,0.16071292701802256,0.20956063270568848
id01|p070,infu_aes2,id01,p070,True,False,,,
id02|p070,infu_aes2,id02,p070,True,False,,,
id03|p070,infu_aes2,id03,p070,True,False,,,
id04|p070,infu_aes2,id04,p070,True,True,0.7961141467094421,0.0029566738323911924,0.7184579968452454
id05|p070,infu_aes2,id05,p070,True,False,,,
id06|p070,infu_aes2,id06,p070,True,True,0.9999998807907104,0.016714532422992992,0.16731780767440796
id07|p070,infu_aes2,id07,p070,True,False,,,
id08|p070,infu_aes2,id08,p070,True,False,,,
id01|p071,infu_aes2,id01,p071,True,True,0.9998025298118591,0.030124348483256163,0.1450825333595276
id02|p071,infu_aes2,id02,p071,True,True,0.9999332427978516,0.039270947400334565,0.21154475212097168
id03|p071,infu_aes2,id03,p071,True,True,0.9999991655349731,0.03024100597169548,0.05386561155319214
id04|p071,infu_aes2,id04,p071,True,True,0.9999305009841919,0.024887245070694092,0.08485352993011475
id05|p071,infu_aes2,id05,p071,True,True,0.9999982118606567,0.024021992101378276,0.3645320534706116
id06|p071,infu_aes2,id06,p071,True,True,0.9999984502792358,0.04041037135526502,0.08145773410797119
id07|p071,infu_aes2,id07,p071,True,True,0.9999589920043945,0.03618827702853771,0.17476558685302734
id08|p071,infu_aes2,id08,p071,True,True,0.9999160766601562,0.021800265078175923,0.2334688901901245
id01|p072,infu_aes2,id01,p072,True,True,0.9998817443847656,0.19241593701671836,0.15190225839614868
id02|p072,infu_aes2,id02,p072,True,True,0.9998382329940796,0.19628962416576132,0.09394478797912598
id03|p072,infu_aes2,id03,p072,True,True,0.9999836683273315,0.20322592344361798,0.09077584743499756
id04|p072,infu_aes2,id04,p072,True,True,0.9999964237213135,0.15792075435456354,0.07348227500915527
id05|p072,infu_aes2,id05,p072,True,True,0.9999996423721313,0.1631190437488043,0.16448116302490234
id06|p072,infu_aes2,id06,p072,True,True,0.9999575614929199,0.2848321606670652,0.08882880210876465
id07|p072,infu_aes2,id07,p072,True,True,0.9999986886978149,0.21033251861146351,0.17364871501922607
id08|p072,infu_aes2,id08,p072,True,True,0.9999372959136963,0.11927350439863676,0.2320491075515747
id01|p073,infu_aes2,id01,p073,True,True,0.863625705242157,0.013693467309942073,0.9942167866975069
id02|p073,infu_aes2,id02,p073,True,True,0.9999997615814209,0.009137759979404173,0.14023488759994507
id03|p073,infu_aes2,id03,p073,True,True,0.9999974966049194,0.0055901070178758045,0.21735119819641113
id04|p073,infu_aes2,id04,p073,True,True,0.9999998807907104,0.0076846482628052815,0.23258644342422485
id05|p073,infu_aes2,id05,p073,True,True,1.0,0.0038194538709000352,0.35681307315826416
id06|p073,infu_aes2,id06,p073,True,True,0.9205737709999084,0.013888634051123339,1.0537558272480965
id07|p073,infu_aes2,id07,p073,True,True,0.9996544122695923,0.007461377995237749,0.3145102262496948
id08|p073,infu_aes2,id08,p073,True,True,0.9999618530273438,0.013330281709434047,0.19631361961364746
id01|p074,infu_aes2,id01,p074,True,False,,,
id02|p074,infu_aes2,id02,p074,True,True,0.9999908208847046,0.005489883684658483,0.25644779205322266
id03|p074,infu_aes2,id03,p074,True,True,0.9999680519104004,0.0048692294895705274,0.27266883850097656
id04|p074,infu_aes2,id04,p074,True,True,0.9999998807907104,0.00415193118273978,0.45605337619781494
id05|p074,infu_aes2,id05,p074,True,True,0.9998489618301392,0.0031764296011513376,0.6700838804244995
id06|p074,infu_aes2,id06,p074,True,True,0.9999924898147583,0.007265283749252432,0.16473686695098877
id07|p074,infu_aes2,id07,p074,True,True,0.9999959468841553,0.00438599428322076,0.702390193939209
id08|p074,infu_aes2,id08,p074,True,True,0.9995501637458801,0.0030211381834216113,0.6227352917194366
id01|p075,infu_aes2,id01,p075,True,True,0.9999985694885254,0.012134013972153683,0.15169757604599
id02|p075,infu_aes2,id02,p075,True,True,0.9999997615814209,0.01922590153665141,0.11765259504318237
id03|p075,infu_aes2,id03,p075,True,True,0.9999935626983643,0.02031198308845382,0.09692215919494629
id04|p075,infu_aes2,id04,p075,True,True,0.9999107122421265,0.02560467986213665,0.07022076845169067
id05|p075,infu_aes2,id05,p075,True,True,0.9999996423721313,0.02278772842425867,0.1018906831741333
id06|p075,infu_aes2,id06,p075,True,True,0.9996551275253296,0.035777520824456274,0.08553272485733032
id07|p075,infu_aes2,id07,p075,True,True,0.999990701675415,0.016100726008612527,0.16132736206054688
id08|p075,infu_aes2,id08,p075,True,True,1.0,0.024938775829927286,0.1619023084640503
id01|p076,infu_aes2,id01,p076,True,True,0.9999994039535522,0.01774303557557586,0.17646676301956177
id02|p076,infu_aes2,id02,p076,True,True,0.9999988079071045,0.012219898394177942,0.10486215353012085
id03|p076,infu_aes2,id03,p076,True,True,0.9999938011169434,0.01512872277350265,0.12416863441467285
id04|p076,infu_aes2,id04,p076,True,True,0.999990701675415,0.009261713842545165,0.11768871545791626
id05|p076,infu_aes2,id05,p076,True,True,0.9999818801879883,0.01614017682631028,0.23378175497055054
id06|p076,infu_aes2,id06,p076,True,False,,,
id07|p076,infu_aes2,id07,p076,True,True,0.9999924898147583,0.014758576706454534,0.17637062072753906
id08|p076,infu_aes2,id08,p076,True,True,1.0,0.013350870368513925,0.17335933446884155
id01|p077,infu_aes2,id01,p077,True,True,1.0,0.2716617535936677,0.16146314144134521
id02|p077,infu_aes2,id02,p077,True,True,0.9999879598617554,0.29718016840905437,0.11593014001846313
id03|p077,infu_aes2,id03,p077,True,True,1.0,0.2482140495684925,0.11405205726623535
id04|p077,infu_aes2,id04,p077,True,True,0.9998144507408142,0.3263515092843747,0.1362316608428955
id05|p077,infu_aes2,id05,p077,True,True,0.9999971389770508,0.25375629049224707,0.1494539976119995
id06|p077,infu_aes2,id06,p077,True,True,0.9999998807907104,0.2865047653913916,0.1185537576675415
id07|p077,infu_aes2,id07,p077,True,True,0.9999996423721313,0.28392277238686175,0.1562466025352478
id08|p077,infu_aes2,id08,p077,True,True,0.9999244213104248,0.23123475143638045,0.19809961318969727
id01|p078,infu_aes2,id01,p078,True,True,0.7822977304458618,0.013701972159842514,0.9960120432078838
id02|p078,infu_aes2,id02,p078,True,True,0.9999964237213135,0.015329901308827167,0.10414433479309082
id03|p078,infu_aes2,id03,p078,True,True,0.9994975328445435,0.014462776942713794,0.07713115215301514
id04|p078,infu_aes2,id04,p078,True,False,,,
id05|p078,infu_aes2,id05,p078,True,True,1.0,0.011040999941018407,0.2092205286026001
id06|p078,infu_aes2,id06,p078,True,True,0.999883770942688,0.01084187871606165,0.1027531623840332
id07|p078,infu_aes2,id07,p078,True,False,,,
id08|p078,infu_aes2,id08,p078,True,True,0.9996317625045776,0.0037830909512077023,1.0348228067159653
id01|p079,infu_aes2,id01,p079,True,True,0.9999998807907104,0.031384821424497604,0.09406280517578125
id02|p079,infu_aes2,id02,p079,True,True,0.9999984502792358,0.03451063609455043,0.06952714920043945
id03|p079,infu_aes2,id03,p079,True,True,0.9999983310699463,0.027469151439230767,0.05345505475997925
id04|p079,infu_aes2,id04,p079,True,True,0.9997819066047668,0.05061059980298411,0.07525938749313354
id05|p079,infu_aes2,id05,p079,True,True,0.9999654293060303,0.040346563442734795,0.12205147743225098
id06|p079,infu_aes2,id06,p079,True,True,0.9999998807907104,0.01902209154953501,0.0992051362991333
id07|p079,infu_aes2,id07,p079,True,True,0.9999938011169434,0.030096654760983825,0.15313571691513062
id08|p079,infu_aes2,id08,p079,True,True,0.9999966621398926,0.014958915782044491,0.17919230461120605
id01|p080,infu_aes2,id01,p080,True,True,0.9999998807907104,0.033902113244481,0.14254486560821533
id02|p080,infu_aes2,id02,p080,True,True,1.0,0.02319193617723733,0.0835038423538208
id03|p080,infu_aes2,id03,p080,True,True,0.9999977350234985,0.04210619740937089,0.18046462535858154
id04|p080,infu_aes2,id04,p080,True,True,0.9999362230300903,0.019992734232617618,0.14486348628997803
id05|p080,infu_aes2,id05,p080,True,True,0.999992847442627,0.02371986542550016,0.4384554624557495
id06|p080,infu_aes2,id06,p080,True,True,0.9999949932098389,0.018787835980448135,0.14553338289260864
id07|p080,infu_aes2,id07,p080,True,True,0.9999827146530151,0.04129346619224765,0.1573736071586609
id08|p080,infu_aes2,id08,p080,True,False,,,
id01|p081,infu_aes2,id01,p081,True,True,0.9999997615814209,0.0019108892386465873,0.47488999366760254
id02|p081,infu_aes2,id02,p081,True,True,0.9999992847442627,0.0016943508610504083,0.560815691947937
id03|p081,infu_aes2,id03,p081,True,True,1.0,0.004100563957404064,0.30002450942993164
id04|p081,infu_aes2,id04,p081,True,True,0.9999372959136963,0.0019563308051147033,0.8123338669538498
id05|p081,infu_aes2,id05,p081,True,True,0.7370723485946655,0.0032606156192590183,0.7973927408456802
id06|p081,infu_aes2,id06,p081,True,False,,,
id07|p081,infu_aes2,id07,p081,True,False,,,
id08|p081,infu_aes2,id08,p081,True,True,0.918948769569397,0.001093077972278861,0.9078607484698296
id01|p082,infu_aes2,id01,p082,True,True,0.9999988079071045,0.04925373202870925,0.1855626106262207
id02|p082,infu_aes2,id02,p082,True,True,0.9999457597732544,0.03721535308676236,0.26585322618484497
id03|p082,infu_aes2,id03,p082,True,True,0.999977707862854,0.02689516908447952,0.257724404335022
id04|p082,infu_aes2,id04,p082,True,True,0.9826448559761047,0.015985262973776372,0.6470434069633484
id05|p082,infu_aes2,id05,p082,True,True,0.9788227677345276,0.023300002058384187,0.6229254305362701
id06|p082,infu_aes2,id06,p082,True,False,,,
id07|p082,infu_aes2,id07,p082,True,True,0.9990947246551514,0.050402129480401944,0.6762660443782806
id08|p082,infu_aes2,id08,p082,True,True,0.9999794960021973,0.035634730392063954,0.3210420608520508
id01|p083,infu_aes2,id01,p083,True,True,0.9999217987060547,1.0187930601267694,0.14996731281280518
id02|p083,infu_aes2,id02,p083,True,True,0.9999947547912598,0.4368143267234548,0.07883107662200928
id03|p083,infu_aes2,id03,p083,True,True,0.9989595413208008,0.41357106543186195,0.10166561603546143
id04|p083,infu_aes2,id04,p083,True,True,0.9999994039535522,0.30239693633982023,0.10768115520477295
id05|p083,infu_aes2,id05,p083,True,True,0.9999104738235474,0.5181332245882821,0.23827767372131348
id06|p083,infu_aes2,id06,p083,True,True,0.9999896287918091,0.41832414661298384,0.12368893623352051
id07|p083,infu_aes2,id07,p083,True,True,0.9993267059326172,0.5591597112737089,0.1477055549621582
id08|p083,infu_aes2,id08,p083,True,True,0.9997859597206116,0.6465123708804489,0.20421576499938965
id01|p084,infu_aes2,id01,p084,True,False,,,
id02|p084,infu_aes2,id02,p084,True,True,0.9987726807594299,0.0007850556910664827,0.5353544354438782
id03|p084,infu_aes2,id03,p084,True,True,0.9961154460906982,0.010100361412749056,0.8086824417114258
id04|p084,infu_aes2,id04,p084,True,True,0.989924430847168,0.00035936239323053706,1.1853965669870377
id05|p084,infu_aes2,id05,p084,True,False,,,
id06|p084,infu_aes2,id06,p084,True,False,,,
id07|p084,infu_aes2,id07,p084,True,True,0.9999572038650513,0.11250152343029957,0.40413105487823486
id08|p084,infu_aes2,id08,p084,True,False,,,
id01|p085,infu_aes2,id01,p085,True,True,0.999998927116394,0.013865767810533045,0.16034352779388428
id02|p085,infu_aes2,id02,p085,True,True,0.9999480247497559,0.02147212629318116,0.12490725517272949
id03|p085,infu_aes2,id03,p085,True,True,0.9999998807907104,0.022087095835671294,0.12848150730133057
id04|p085,infu_aes2,id04,p085,True,True,0.9998118281364441,0.016093765888551086,0.11787569522857666
id05|p085,infu_aes2,id05,p085,True,True,0.9999886751174927,0.014213510055110363,0.21883922815322876
id06|p085,infu_aes2,id06,p085,True,True,0.9999924898147583,0.01536723533125176,0.15292441844940186
id07|p085,infu_aes2,id07,p085,True,True,0.9999802112579346,0.024367247782165504,0.17444312572479248
id08|p085,infu_aes2,id08,p085,True,True,0.9999887943267822,0.014439250871972993,0.14948898553848267
id01|p086,infu_aes2,id01,p086,True,True,0.9999102354049683,0.052268818536200946,0.11916530132293701
id02|p086,infu_aes2,id02,p086,True,True,1.0,0.030355740491438563,0.0813148021697998
id03|p086,infu_aes2,id03,p086,True,True,1.0,0.053591371530561774,0.08136951923370361
id04|p086,infu_aes2,id04,p086,True,True,0.9997469782829285,0.037372077021748724,0.08326494693756104
id05|p086,infu_aes2,id05,p086,True,True,0.9999995231628418,0.0072746694839457785,0.2980990409851074
id06|p086,infu_aes2,id06,p086,True,True,0.9999994039535522,0.05216578591638648,0.12468832731246948
id07|p086,infu_aes2,id07,p086,True,True,0.9999997615814209,0.07678181532692095,0.14724284410476685
id08|p086,infu_aes2,id08,p086,True,True,0.999990701675415,0.03280844521627832,0.2057739496231079
id01|p087,infu_aes2,id01,p087,True,True,0.9999991655349731,0.004332990887990495,0.2592586278915405
id02|p087,infu_aes2,id02,p087,True,True,0.999998927116394,0.007043913998990724,0.129294753074646
id03|p087,infu_aes2,id03,p087,True,True,1.0,0.013832762995600295,0.09982538223266602
id04|p087,infu_aes2,id04,p087,True,True,0.9999983310699463,0.009965087386722788,0.1749805212020874
id05|p087,infu_aes2,id05,p087,True,True,1.0,0.005604889225336884,0.18623363971710205
id06|p087,infu_aes2,id06,p087,True,True,0.9999998807907104,0.0050274758075515204,0.158463716506958
id07|p087,infu_aes2,id07,p087,True,True,0.9999915361404419,0.009723178159322896,0.24556219577789307
id08|p087,infu_aes2,id08,p087,True,True,0.9999991655349731,0.008384126798477035,0.2088015079498291
id01|p088,infu_aes2,id01,p088,True,True,0.9999991655349731,0.006786467283800148,0.12936711311340332
id02|p088,infu_aes2,id02,p088,True,True,0.9999980926513672,0.003024457546437255,0.38688862323760986
id03|p088,infu_aes2,id03,p088,True,True,0.9999991655349731,0.0029866983467280363,0.21971642971038818
id04|p088,infu_aes2,id04,p088,True,True,0.9931643605232239,0.00869741510557504,0.6803172826766968
id05|p088,infu_aes2,id05,p088,True,True,1.0,0.005459595468824706,0.2718661427497864
id06|p088,infu_aes2,id06,p088,True,True,0.9999985694885254,0.008041900195458754,0.14069998264312744
id07|p088,infu_aes2,id07,p088,True,True,0.9999563694000244,0.006479692328965052,0.1676265001296997
id08|p088,infu_aes2,id08,p088,True,True,0.9998980760574341,0.009671578680278495,0.2574657201766968
id01|p089,infu_aes2,id01,p089,True,True,0.9999505281448364,0.06434078817799152,0.1640608310699463
id02|p089,infu_aes2,id02,p089,True,True,0.9999614953994751,0.06726374824235189,0.13957232236862183
id03|p089,infu_aes2,id03,p089,True,True,0.9999865293502808,0.06948297026318694,0.12638521194458008
id04|p089,infu_aes2,id04,p089,True,True,0.9997292160987854,0.07822614322467865,0.17235004901885986
id05|p089,infu_aes2,id05,p089,True,True,0.9999688863754272,0.08090222791670451,0.16858237981796265
id06|p089,infu_aes2,id06,p089,True,True,0.9999998807907104,0.08728370083632032,0.13557827472686768
id07|p089,infu_aes2,id07,p089,True,True,0.9998195767402649,0.0805690323447385,0.2792699337005615
id08|p089,infu_aes2,id08,p089,True,True,0.999990701675415,0.06608905287582345,0.17381614446640015
id01|p090,infu_aes2,id01,p090,True,False,,,
id02|p090,infu_aes2,id02,p090,True,False,,,
id03|p090,infu_aes2,id03,p090,True,True,0.9998916387557983,0.011420773682320456,0.11326813697814941
id04|p090,infu_aes2,id04,p090,True,False,,,
id05|p090,infu_aes2,id05,p090,True,True,0.974738359451294,0.0014579041434381035,0.6312755942344666
id06|p090,infu_aes2,id06,p090,True,True,0.9999977350234985,0.011869194089066932,0.09667932987213135
id07|p090,infu_aes2,id07,p090,True,False,,,
id08|p090,infu_aes2,id08,p090,True,False,,,
id01|p091,infu_aes2,id01,p091,True,True,0.9999997615814209,0.030569448339025976,0.07200479507446289
id02|p091,infu_aes2,id02,p091,True,True,0.9999982118606567,0.01131247243321002,0.05984950065612793
id03|p091,infu_aes2,id03,p091,True,True,0.9999973773956299,0.03045029663087228,0.16750729084014893
id04|p091,infu_aes2,id04,p091,True,True,0.9999991655349731,0.007653595374822057,0.156402587890625
id05|p091,infu_aes2,id05,p091,True,True,1.0,0.005534603734787073,0.3054693937301636
id06|p091,infu_aes2,id06,p091,True,True,0.9999997615814209,0.022057039645368766,0.1029961109161377
id07|p091,infu_aes2,id07,p091,True,True,0.9999991655349731,0.032076953262008615,0.31094443798065186
id08|p091,infu_aes2,id08,p091,True,True,0.9999998807907104,0.011521005358664847,0.16684162616729736
id01|p092,infu_aes2,id01,p092,True,True,0.9999803304672241,0.08581387719123872,0.16438090801239014
id02|p092,infu_aes2,id02,p092,True,True,0.9996554851531982,0.1472347330132542,0.07569831609725952
id03|p092,infu_aes2,id03,p092,True,True,0.9970723390579224,0.22043414697305172,0.12749308347702026
id04|p092,infu_aes2,id04,p092,True,True,0.999632716178894,0.21752505533932318,0.1469438076019287
id05|p092,infu_aes2,id05,p092,True,True,0.9999871253967285,0.10328819640546401,0.27806055545806885
id06|p092,infu_aes2,id06,p092,True,True,0.9999061822891235,0.36685492284914334,0.1545250415802002
id07|p092,infu_aes2,id07,p092,True,True,0.9999794960021973,0.21100152145697426,0.25610923767089844
id08|p092,infu_aes2,id08,p092,True,True,0.9994170665740967,0.22328160431700858,0.27569830417633057
id01|p093,infu_aes2,id01,p093,True,True,0.9999980926513672,0.028554992220321124,0.11572450399398804
id02|p093,infu_aes2,id02,p093,True,True,0.9999997615814209,0.027113124557473493,0.3366243839263916
id03|p093,infu_aes2,id03,p093,True,True,0.9999998807907104,0.023855484022140824,0.3218962550163269
id04|p093,infu_aes2,id04,p093,True,True,0.9999910593032837,0.02761188998288574,0.12657630443572998
id05|p093,infu_aes2,id05,p093,True,True,0.9999995231628418,0.029308770549387526,0.4004255533218384
id06|p093,infu_aes2,id06,p093,True,True,0.9988090991973877,0.043878039856524526,0.07678020000457764
id07|p093,infu_aes2,id07,p093,True,True,0.9999997615814209,0.029043959593382393,0.47704142332077026
id08|p093,infu_aes2,id08,p093,True,True,0.999984860420227,0.03647887406857638,0.25216931104660034
id01|p094,infu_aes2,id01,p094,True,False,,,
id02|p094,infu_aes2,id02,p094,True,False,,,
id03|p094,infu_aes2,id03,p094,True,True,0.999998927116394,0.008992940673249777,0.13009250164031982
id04|p094,infu_aes2,id04,p094,True,False,,,
id05|p094,infu_aes2,id05,p094,True,True,0.9999960660934448,0.011666560076455314,0.24658232927322388
id06|p094,infu_aes2,id06,p094,True,True,1.0,0.007443707556063945,0.22512447834014893
id07|p094,infu_aes2,id07,p094,True,True,0.9862463474273682,0.012622771813198128,1.0714226812124252
id08|p094,infu_aes2,id08,p094,True,True,0.9999840259552002,0.005658630929789713,0.3113679885864258
id01|p095,infu_aes2,id01,p095,True,True,0.9990274906158447,0.01145539402729675,0.6208605170249939
id02|p095,infu_aes2,id02,p095,True,True,0.9998959302902222,0.012661565915904147,0.14635735750198364
id03|p095,infu_aes2,id03,p095,True,True,0.9999997615814209,0.01576314020491171,0.23051732778549194
id04|p095,infu_aes2,id04,p095,True,True,0.9999300241470337,0.026013399013732036,0.10123938322067261
id05|p095,infu_aes2,id05,p095,True,True,0.9890313744544983,0.01924859667426826,0.6099675595760345
id06|p095,infu_aes2,id06,p095,True,True,0.9999876022338867,0.022495559097421847,0.2363007664680481
id07|p095,infu_aes2,id07,p095,True,True,0.9999624490737915,0.021757614345946377,0.29681265354156494
id08|p095,infu_aes2,id08,p095,True,True,0.9996368885040283,0.019386749052635557,0.3745870590209961
id01|p096,infu_aes2,id01,p096,True,True,0.9996230602264404,0.06571201921916801,0.1894090175628662
id02|p096,infu_aes2,id02,p096,True,True,0.9998594522476196,0.07675527402744936,0.10669994354248047
id03|p096,infu_aes2,id03,p096,True,True,0.9999463558197021,0.07823863980581276,0.16699498891830444
id04|p096,infu_aes2,id04,p096,True,True,0.9990076422691345,0.10626138056274619,0.08616721630096436
id05|p096,infu_aes2,id05,p096,True,True,0.9999998807907104,0.03200161507831034,0.15468156337738037
id06|p096,infu_aes2,id06,p096,True,True,0.9999927282333374,0.08500459169402258,0.12607765197753906
id07|p096,infu_aes2,id07,p096,True,True,0.9992254972457886,0.08145104786483527,0.15511584281921387
id08|p096,infu_aes2,id08,p096,True,True,0.9999839067459106,0.05912709491036898,0.11744499206542969
id01|p097,infu_aes2,id01,p097,True,False,,,
id02|p097,infu_aes2,id02,p097,True,False,,,
id03|p097,infu_aes2,id03,p097,True,True,0.9999936819076538,0.007768199726690651,0.15168118476867676
id04|p097,infu_aes2,id04,p097,True,False,,,
id05|p097,infu_aes2,id05,p097,True,False,,,
id06|p097,infu_aes2,id06,p097,True,False,,,
id07|p097,infu_aes2,id07,p097,True,False,,,
id08|p097,infu_aes2,id08,p097,True,False,,,
id01|p098,infu_aes2,id01,p098,True,True,0.9999997615814209,0.010239165673647408,0.17585062980651855
id02|p098,infu_aes2,id02,p098,True,True,0.9999998807907104,0.002773027398415787,0.8525688946247101
id03|p098,infu_aes2,id03,p098,True,False,,,
id04|p098,infu_aes2,id04,p098,True,False,,,
id05|p098,infu_aes2,id05,p098,True,True,0.9999786615371704,0.002976658752639705,0.8999764919281006
id06|p098,infu_aes2,id06,p098,True,False,,,
id07|p098,infu_aes2,id07,p098,True,False,,,
id08|p098,infu_aes2,id08,p098,True,False,,,
id01|p099,infu_aes2,id01,p099,True,True,0.9999983310699463,0.011005112852613078,0.1255812644958496
id02|p099,infu_aes2,id02,p099,True,True,0.999997615814209,0.012208387672329497,0.08097994327545166
id03|p099,infu_aes2,id03,p099,True,True,0.9999980926513672,0.01205344134631346,0.13456040620803833
id04|p099,infu_aes2,id04,p099,True,True,0.999935507774353,0.017411457776422883,0.9515526965260506
id05|p099,infu_aes2,id05,p099,True,True,0.9999966621398926,0.015322803137740176,0.2672642469406128
id06|p099,infu_aes2,id06,p099,True,True,0.9997304081916809,0.010569187792969859,0.17792266607284546
id07|p099,infu_aes2,id07,p099,True,True,0.9999526739120483,0.00868715109727755,0.17516446113586426
id08|p099,infu_aes2,id08,p099,True,True,0.9998816251754761,0.0053108167949634764,0.44888371229171753
id01|p100,infu_aes2,id01,p100,True,True,1.0,0.0979437133996473,0.16021078824996948
id02|p100,infu_aes2,id02,p100,True,True,0.9999971389770508,0.07824630237228719,0.12053573131561279
id03|p100,infu_aes2,id03,p100,True,True,0.9999756813049316,0.095484130267353,0.0619199275970459
id04|p100,infu_aes2,id04,p100,True,True,0.9999785423278809,0.05749395310383001,0.11180257797241211
id05|p100,infu_aes2,id05,p100,True,True,0.9999126195907593,0.0648415402629578,0.18788254261016846
id06|p100,infu_aes2,id06,p100,True,True,1.0,0.1130934298076848,0.09037494659423828
id07|p100,infu_aes2,id07,p100,True,True,0.9999877214431763,0.1231834993610324,0.10269272327423096
id08|p100,infu_aes2,id08,p100,True,True,0.9999982118606567,0.13452701612758022,0.15858745574951172
id09|p101,infu_aes2,id09,p101,True,True,0.9999575614929199,0.07211306695510611,0.2596808671951294
id10|p101,infu_aes2,id10,p101,True,True,0.9999979734420776,0.21741425918827628,0.21024096012115479
id11|p101,infu_aes2,id11,p101,True,True,0.9969856142997742,0.17283340905793954,0.1905355453491211
id12|p101,infu_aes2,id12,p101,True,True,0.9999997615814209,0.23369127639329676,0.36770522594451904
id13|p101,infu_aes2,id13,p101,True,True,0.9997777342796326,0.23823995262174086,0.20414292812347412
id14|p101,infu_aes2,id14,p101,True,True,0.9999998807907104,0.185428318196197,0.1536005735397339
id15|p101,infu_aes2,id15,p101,True,True,0.9999954700469971,0.16424096345293332,0.21604520082473755
id09|p102,infu_aes2,id09,p102,True,True,0.9999946355819702,0.03255702777064115,0.21107721328735352
id10|p102,infu_aes2,id10,p102,True,True,0.9999934434890747,0.01579715149410383,0.2478991150856018
id11|p102,infu_aes2,id11,p102,True,True,0.9999996423721313,0.0275151801988576,0.06597453355789185
id12|p102,infu_aes2,id12,p102,True,True,0.9999996423721313,0.06034090229507834,0.1897348165512085
id13|p102,infu_aes2,id13,p102,True,True,0.9999369382858276,0.04858449605678659,0.15362149477005005
id14|p102,infu_aes2,id14,p102,True,True,0.9999990463256836,0.06997553026363253,0.0819472074508667
id15|p102,infu_aes2,id15,p102,True,True,0.9999827146530151,0.05320769581202299,0.11819350719451904
id09|p103,infu_aes2,id09,p103,True,False,,,
id10|p103,infu_aes2,id10,p103,True,False,,,
id11|p103,infu_aes2,id11,p103,True,True,1.0,0.003018494532799521,0.23454022407531738
id12|p103,infu_aes2,id12,p103,True,True,1.0,0.002878857466483191,0.3282508850097656
id13|p103,infu_aes2,id13,p103,True,True,0.9999496936798096,0.004196911179717601,0.19479739665985107
id14|p103,infu_aes2,id14,p103,True,True,1.0,0.0022580181628602427,0.4703417420387268
id15|p103,infu_aes2,id15,p103,True,True,0.9999996423721313,0.005611423232878987,0.11133193969726562
id09|p104,infu_aes2,id09,p104,True,True,0.9999778270721436,0.20713588237063302,0.1411256194114685
id10|p104,infu_aes2,id10,p104,True,True,0.9999991655349731,0.1735293742551685,0.21917510032653809
id11|p104,infu_aes2,id11,p104,True,True,0.9997864365577698,0.2164547939821271,0.07924604415893555
id12|p104,infu_aes2,id12,p104,True,True,0.9999998807907104,0.23839607356079395,0.11640012264251709
id13|p104,infu_aes2,id13,p104,True,True,0.9999842643737793,0.23302149842912145,0.3264424800872803
id14|p104,infu_aes2,id14,p104,True,True,1.0,0.24102186762210398,0.12176352739334106
id15|p104,infu_aes2,id15,p104,True,True,0.999998927116394,0.24189682116671796,0.11031925678253174
id09|p105,infu_aes2,id09,p105,True,True,0.9999861717224121,0.08833648437588441,0.12492036819458008
id10|p105,infu_aes2,id10,p105,True,True,0.9999998807907104,0.03617340453263062,0.2832820415496826
id11|p105,infu_aes2,id11,p105,True,True,0.9999594688415527,0.03382443435627443,0.06077820062637329
id12|p105,infu_aes2,id12,p105,True,True,0.9998630285263062,0.048548249396451776,0.150767982006073
id13|p105,infu_aes2,id13,p105,True,True,0.9999880790710449,0.046208691105389506,0.15550291538238525
id14|p105,infu_aes2,id14,p105,True,True,0.9999994039535522,0.04421611525948291,0.13057750463485718
id15|p105,infu_aes2,id15,p105,True,True,0.9999837875366211,0.046804073968307776,0.1344621181488037
id09|p106,infu_aes2,id09,p106,True,True,0.9999872446060181,0.017190076393844646,0.13484728336334229
id10|p106,infu_aes2,id10,p106,True,True,0.9999991655349731,0.017565282358480455,0.24490487575531006
id11|p106,infu_aes2,id11,p106,True,True,0.9969428181648254,0.018669214427127333,0.06401586532592773
id12|p106,infu_aes2,id12,p106,True,True,0.9998258948326111,0.007179350866425483,0.4202292561531067
id13|p106,infu_aes2,id13,p106,True,True,0.9999914169311523,0.013466939244318446,0.11500507593154907
id14|p106,infu_aes2,id14,p106,True,True,0.9998103976249695,0.005707299817849173,0.17462897300720215
id15|p106,infu_aes2,id15,p106,True,True,0.9999830722808838,0.006676428302741027,0.1472303867340088
id09|p107,infu_aes2,id09,p107,True,True,0.9999308586120605,0.17946550165552144,0.22719591856002808
id10|p107,infu_aes2,id10,p107,True,True,0.9999915361404419,0.22712574574070235,0.20189166069030762
id11|p107,infu_aes2,id11,p107,True,True,0.9999959468841553,0.1944650219070614,0.13237112760543823
id12|p107,infu_aes2,id12,p107,True,True,0.9998465776443481,0.2097739495821717,0.22668862342834473
id13|p107,infu_aes2,id13,p107,True,True,0.9999996423721313,0.12183146318255338,0.17390501499176025
id14|p107,infu_aes2,id14,p107,True,True,0.9999964237213135,0.20715937869772974,0.22623538970947266
id15|p107,infu_aes2,id15,p107,True,True,0.999987006187439,0.1870601424145362,0.12521064281463623
id09|p108,infu_aes2,id09,p108,True,True,0.9998856782913208,0.11459457946842462,0.2469578981399536
id10|p108,infu_aes2,id10,p108,True,True,0.9999738931655884,0.08022949951149466,0.16974711418151855
id11|p108,infu_aes2,id11,p108,True,True,0.999997615814209,0.06240145204092823,0.12312030792236328
id12|p108,infu_aes2,id12,p108,True,True,1.0,0.08937646402042856,0.16937726736068726
id13|p108,infu_aes2,id13,p108,True,True,0.9999148845672607,0.06715857189410523,0.1264721155166626
id14|p108,infu_aes2,id14,p108,True,True,0.999946117401123,0.07974579008335356,0.09421682357788086
id15|p108,infu_aes2,id15,p108,True,True,0.9999802112579346,0.10011618037443944,0.14885640144348145
id09|p109,infu_aes2,id09,p109,True,True,0.9999996423721313,0.0038456839975961462,0.2323521375656128
id10|p109,infu_aes2,id10,p109,True,True,0.9999988079071045,0.0010672074216302241,0.5787550806999207
id11|p109,infu_aes2,id11,p109,True,True,1.0,0.001851295679327839,0.49212586879730225
id12|p109,infu_aes2,id12,p109,True,True,0.9997871518135071,0.0011502795745916867,0.6882942318916321
id13|p109,infu_aes2,id13,p109,True,True,0.9999970197677612,0.0010687229448003675,0.6780960559844971
id14|p109,infu_aes2,id14,p109,True,True,0.9999994039535522,0.0035344293006943535,0.25790905952453613
id15|p109,infu_aes2,id15,p109,True,True,0.999992847442627,0.002074401449539841,0.7077761590480804
id09|p110,infu_aes2,id09,p110,True,True,0.9998888969421387,0.010152713217261324,0.1438586711883545
id10|p110,infu_aes2,id10,p110,True,True,0.9999825954437256,0.06213693944538985,0.166401207447052
id11|p110,infu_aes2,id11,p110,True,True,0.9989162683486938,0.025610883770440178,0.086112380027771
id12|p110,infu_aes2,id12,p110,True,True,0.9990062117576599,0.03875230127619689,0.09167581796646118
id13|p110,infu_aes2,id13,p110,True,True,0.9999954700469971,0.037084014949647255,0.17656457424163818
id14|p110,infu_aes2,id14,p110,True,True,0.9999829530715942,0.030940235567968166,0.0936097502708435
id15|p110,infu_aes2,id15,p110,True,True,1.0,0.029272517189080343,0.08304393291473389
id09|p111,infu_aes2,id09,p111,True,True,0.9999997615814209,0.011080201847371539,0.32431459426879883
id10|p111,infu_aes2,id10,p111,True,True,0.9999983310699463,0.01923100365777251,0.17655634880065918
id11|p111,infu_aes2,id11,p111,True,True,0.9999957084655762,0.01636796081772722,0.10253751277923584
id12|p111,infu_aes2,id12,p111,True,True,1.0,0.01968170001685117,0.19766342639923096
id13|p111,infu_aes2,id13,p111,True,True,0.9999998807907104,0.019082049164201937,0.18121761083602905
id14|p111,infu_aes2,id14,p111,True,True,0.9999985694885254,0.022950264308465494,0.08534157276153564
id15|p111,infu_aes2,id15,p111,True,True,0.9999996423721313,0.0088902992728952,0.10274958610534668
id09|p112,infu_aes2,id09,p112,True,True,0.9999932050704956,0.009884050597417473,0.23627054691314697
id10|p112,infu_aes2,id10,p112,True,True,0.7522982358932495,0.019032453737477844,0.7598878145217896
id11|p112,infu_aes2,id11,p112,True,True,0.999927282333374,0.016016517376196988,0.11883056163787842
id12|p112,infu_aes2,id12,p112,True,True,1.0,0.01591646921636951,0.15019381046295166
id13|p112,infu_aes2,id13,p112,True,True,0.9999996423721313,0.024402509880169062,0.1369648575782776
id14|p112,infu_aes2,id14,p112,True,True,0.9999892711639404,0.03542228298543338,0.08555537462234497
id15|p112,infu_aes2,id15,p112,True,True,0.9999856948852539,0.029398230293392225,0.09017002582550049
id09|p113,infu_aes2,id09,p113,True,True,0.9999995231628418,0.3361481241301939,0.1714240312576294
id10|p113,infu_aes2,id10,p113,True,True,0.9999076128005981,0.6004776555402682,0.24117380380630493
id11|p113,infu_aes2,id11,p113,True,True,0.9999909400939941,0.3262841787879249,0.1351466178894043
id12|p113,infu_aes2,id12,p113,True,True,1.0,0.47906418847670457,0.2519649267196655
id13|p113,infu_aes2,id13,p113,True,True,1.0,0.5493430398163228,0.18968963623046875
id14|p113,infu_aes2,id14,p113,True,True,0.9999972581863403,0.4224669953775312,0.10363972187042236
id15|p113,infu_aes2,id15,p113,True,True,0.9985027313232422,0.6340949641383316,0.22742384672164917
id09|p114,infu_aes2,id09,p114,True,True,0.9996829032897949,0.04239540928834506,0.167974591255188
id10|p114,infu_aes2,id10,p114,True,True,0.999948263168335,0.05761197664131719,0.1828036904335022
id11|p114,infu_aes2,id11,p114,True,True,0.9999703168869019,0.031540146447355255,0.08424347639083862
id12|p114,infu_aes2,id12,p114,True,True,0.998925507068634,0.042227057227971904,0.15298879146575928
id13|p114,infu_aes2,id13,p114,True,True,0.9999982118606567,0.07769272523642536,0.1806952953338623
id14|p114,infu_aes2,id14,p114,True,True,0.9999994039535522,0.041035264927089615,0.09142899513244629
id15|p114,infu_aes2,id15,p114,True,True,0.9999819993972778,0.03257243098465896,0.13296568393707275
id09|p115,infu_aes2,id09,p115,True,True,0.9999972581863403,0.015539009908760492,0.1362040638923645
id10|p115,infu_aes2,id10,p115,True,True,0.999995231628418,0.01852609434185249,0.11808246374130249
id11|p115,infu_aes2,id11,p115,True,True,1.0,0.014091051128521086,0.055167436599731445
id12|p115,infu_aes2,id12,p115,True,True,0.8702848553657532,0.01882940290585041,0.5083348751068115
id13|p115,infu_aes2,id13,p115,True,True,0.9999984502792358,0.03582146596269844,0.10432147979736328
id14|p115,infu_aes2,id14,p115,True,True,0.9999336004257202,0.009333533919279682,0.14125311374664307
id15|p115,infu_aes2,id15,p115,True,True,0.9999998807907104,0.011034136860416766,0.08915901184082031
id09|p116,infu_aes2,id09,p116,True,True,0.9999412298202515,0.09703382024024815,0.1510491967201233
id10|p116,infu_aes2,id10,p116,True,True,0.9999998807907104,0.09756171088381535,0.19015884399414062
id11|p116,infu_aes2,id11,p116,True,True,0.999998927116394,0.26554996638863787,0.09874117374420166
id12|p116,infu_aes2,id12,p116,True,True,0.9999645948410034,0.09813699359855914,0.18979895114898682
id13|p116,infu_aes2,id13,p116,True,True,0.9999992847442627,0.11442157422873049,0.18511933088302612
id14|p116,infu_aes2,id14,p116,True,True,0.9999983310699463,0.2341759047904711,0.12548840045928955
id15|p116,infu_aes2,id15,p116,True,True,0.999962568283081,0.16831697632624915,0.1411607265472412
id09|p117,infu_aes2,id09,p117,True,True,0.9972355961799622,0.023076075798722562,0.1917397379875183
id10|p117,infu_aes2,id10,p117,True,True,0.9032402634620667,0.020572242837159947,0.9005312696099281
id11|p117,infu_aes2,id11,p117,True,True,0.9987562894821167,0.04480558699204616,0.26317501068115234
id12|p117,infu_aes2,id12,p117,True,True,0.9959160685539246,0.042945804074663474,0.3610561490058899
id13|p117,infu_aes2,id13,p117,True,True,0.999982476234436,0.025408204270356335,0.24835240840911865
id14|p117,infu_aes2,id14,p117,True,True,0.9999998807907104,0.042299210752016286,0.08432567119598389
id15|p117,infu_aes2,id15,p117,True,True,0.999771773815155,0.03430618490885326,0.19605588912963867
id09|p118,infu_aes2,id09,p118,True,True,0.8050035834312439,0.04448098742818448,0.8210088610649109
id10|p118,infu_aes2,id10,p118,True,True,0.9999822378158569,0.00817464584295179,0.12458235025405884
id11|p118,infu_aes2,id11,p118,True,True,0.9999867677688599,0.009578281701502791,0.07760626077651978
id12|p118,infu_aes2,id12,p118,True,True,1.0,0.011608989551464052,0.12393224239349365
id13|p118,infu_aes2,id13,p118,True,True,0.9999991655349731,0.022716434911118504,0.0967530608177185
id14|p118,infu_aes2,id14,p118,True,True,0.99998939037323,0.014859811330193168,0.08251333236694336
id15|p118,infu_aes2,id15,p118,True,True,0.9999953508377075,0.008994836285784947,0.08845746517181396
id09|p119,infu_aes2,id09,p119,True,True,0.9999850988388062,0.2134753501300223,0.1700238585472107
id10|p119,infu_aes2,id10,p119,True,True,0.9999985694885254,0.15792795945475852,0.20509934425354004
id11|p119,infu_aes2,id11,p119,True,True,0.9999983310699463,0.11139966480095234,0.06828635931015015
id12|p119,infu_aes2,id12,p119,True,True,1.0,0.07504149398264773,0.2107095718383789
id13|p119,infu_aes2,id13,p119,True,True,0.9999966621398926,0.07215148974612036,0.23959511518478394
id14|p119,infu_aes2,id14,p119,True,True,0.9999990463256836,0.09275470216917195,0.12188577651977539
id15|p119,infu_aes2,id15,p119,True,True,1.0,0.07081053741513295,0.06866335868835449
id09|p120,infu_aes2,id09,p120,True,True,0.9999998807907104,0.439850376418906,0.2066742181777954
id10|p120,infu_aes2,id10,p120,True,True,0.9999657869338989,0.29649101032159586,0.19953811168670654
id11|p120,infu_aes2,id11,p120,True,True,0.9999998807907104,0.17975574312765497,0.14117300510406494
id12|p120,infu_aes2,id12,p120,True,True,0.9999998807907104,0.28032113470479353,0.27890312671661377
id13|p120,infu_aes2,id13,p120,True,True,0.9999997615814209,0.37885489565821817,0.2734166383743286
id14|p120,infu_aes2,id14,p120,True,True,0.9999929666519165,0.29698976906537883,0.1778355836868286
id15|p120,infu_aes2,id15,p120,True,True,0.9999960660934448,0.25836282062824467,0.12833178043365479
id09|p121,infu_aes2,id09,p121,True,True,0.9999703168869019,0.016380825171626413,0.3468092679977417
id10|p121,infu_aes2,id10,p121,True,True,0.9999945163726807,0.012720982017978635,0.24008339643478394
id11|p121,infu_aes2,id11,p121,True,True,0.9999874830245972,0.013686094172426014,0.10671216249465942
id12|p121,infu_aes2,id12,p121,True,True,1.0,0.02332142595351973,0.10672962665557861
id13|p121,infu_aes2,id13,p121,True,True,0.9999988079071045,0.03307575173979179,0.13211309909820557
id14|p121,infu_aes2,id14,p121,True,True,0.9999988079071045,0.011497684792214576,0.14801090955734253
id15|p121,infu_aes2,id15,p121,True,True,0.999976396560669,0.036230612604592836,0.14341771602630615
id09|p122,infu_aes2,id09,p122,True,True,0.9999697208404541,0.025651444663832134,0.3543844223022461
id10|p122,infu_aes2,id10,p122,True,True,0.9999943971633911,0.04462313808572437,0.20094072818756104
id11|p122,infu_aes2,id11,p122,True,True,0.999915599822998,0.13075440524600124,0.07101655006408691
id12|p122,infu_aes2,id12,p122,True,True,0.9986043572425842,0.027229155861363683,0.0989309549331665
id13|p122,infu_aes2,id13,p122,True,True,0.9999998807907104,0.0310938405539864,0.14367210865020752
id14|p122,infu_aes2,id14,p122,True,True,0.9999973773956299,0.030411360552231297,0.07463181018829346
id15|p122,infu_aes2,id15,p122,True,True,0.9999995231628418,0.03965482095280276,0.048114657402038574
id09|p123,infu_aes2,id09,p123,True,True,0.9999791383743286,0.032558462981097804,0.24778300523757935
id10|p123,infu_aes2,id10,p123,True,True,0.9999990463256836,0.06128527405364905,0.22940289974212646
id11|p123,infu_aes2,id11,p123,True,True,0.999983549118042,0.04608459974215312,0.07529473304748535
id12|p123,infu_aes2,id12,p123,True,True,0.999998927116394,0.0285182597086853,0.13633984327316284
id13|p123,infu_aes2,id13,p123,True,True,0.9999415874481201,0.04557259650274307,0.1465967893600464
id14|p123,infu_aes2,id14,p123,True,True,0.9999983310699463,0.08295080928981008,0.13763302564620972
id15|p123,infu_aes2,id15,p123,True,True,0.999171257019043,0.024336971426661948,0.6307136714458466
id09|p124,infu_aes2,id09,p124,True,True,0.9999922513961792,0.01649540393945443,0.1350325345993042
id10|p124,infu_aes2,id10,p124,True,True,0.9999932050704956,0.0310000702866952,0.17485225200653076
id11|p124,infu_aes2,id11,p124,True,True,0.999983549118042,0.06133215076486282,0.13070189952850342
id12|p124,infu_aes2,id12,p124,True,True,0.999971866607666,0.04542541843604954,0.21685516834259033
id13|p124,infu_aes2,id13,p124,True,True,0.9997101426124573,0.023406612483218934,0.08933579921722412
id14|p124,infu_aes2,id14,p124,True,True,0.999995231628418,0.020565130560161952,0.07281512022018433
id15|p124,infu_aes2,id15,p124,True,True,0.9999927282333374,0.015867047233475165,0.15012800693511963
id09|p125,infu_aes2,id09,p125,True,True,0.9999961853027344,0.08153551649586686,0.14672553539276123
id10|p125,infu_aes2,id10,p125,True,True,0.9999998807907104,0.03127597983978754,0.17070263624191284
id11|p125,infu_aes2,id11,p125,True,True,0.9999957084655762,0.06097846323355567,0.12934958934783936
id12|p125,infu_aes2,id12,p125,True,True,0.9999649524688721,0.03814937687301058,0.1370040774345398
id13|p125,infu_aes2,id13,p125,True,True,0.997523844242096,0.07778862257687401,0.25287777185440063
id14|p125,infu_aes2,id14,p125,True,True,0.9999362230300903,0.027924484902460328,0.1392831802368164
id15|p125,infu_aes2,id15,p125,True,True,0.9999970197677612,0.06881641257129667,0.1114431619644165
id09|p126,infu_aes2,id09,p126,True,True,0.9999992847442627,0.11916406326357294,0.18457281589508057
id10|p126,infu_aes2,id10,p126,True,True,1.0,0.06774613802506178,0.14389127492904663
id11|p126,infu_aes2,id11,p126,True,True,0.9993809461593628,0.19023365452343619,0.14188772439956665
id12|p126,infu_aes2,id12,p126,True,True,0.9999977350234985,0.12446913943456095,0.12690138816833496
id13|p126,infu_aes2,id13,p126,True,True,0.9999947547912598,0.16903911934524268,0.13054507970809937
id14|p126,infu_aes2,id14,p126,True,True,0.9999977350234985,0.17790129877080627,0.12574487924575806
id15|p126,infu_aes2,id15,p126,True,True,0.9999984502792358,0.18673820704681796,0.10977327823638916
id09|p127,infu_aes2,id09,p127,True,True,0.9999884366989136,0.007971636963242261,0.21570438146591187
id10|p127,infu_aes2,id10,p127,True,True,0.9999998807907104,0.005201355839045829,0.1687856912612915
id11|p127,infu_aes2,id11,p127,True,True,0.999968409538269,0.006608490142588316,0.13736188411712646
id12|p127,infu_aes2,id12,p127,True,True,0.9996955394744873,0.004046349262546722,0.3651043176651001
id13|p127,infu_aes2,id13,p127,True,True,1.0,0.0069060062693666185,0.16540515422821045
id14|p127,infu_aes2,id14,p127,True,True,0.9999990463256836,0.004178991403309569,0.2648169994354248
id15|p127,infu_aes2,id15,p127,True,True,1.0,0.006829774462961903,0.12679827213287354
id09|p128,infu_aes2,id09,p128,True,True,0.9999954700469971,0.051905848217158164,0.17819327116012573
id10|p128,infu_aes2,id10,p128,True,True,0.9999485015869141,0.26948408556971065,0.20120561122894287
id11|p128,infu_aes2,id11,p128,True,True,0.999990701675415,0.1321176872399609,0.06218057870864868
id12|p128,infu_aes2,id12,p128,True,True,0.9999961853027344,0.05500464849668462,0.11118185520172119
id13|p128,infu_aes2,id13,p128,True,True,1.0,0.11495565701867655,0.18868553638458252
id14|p128,infu_aes2,id14,p128,True,True,1.0,0.14912242422689848,0.08501678705215454
id15|p128,infu_aes2,id15,p128,True,True,0.9999997615814209,0.1767660986334281,0.12625658512115479
id09|p129,infu_aes2,id09,p129,True,True,0.9999953508377075,0.046515249537515464,0.20557069778442383
id10|p129,infu_aes2,id10,p129,True,True,0.9999997615814209,0.0312090675850492,0.10437124967575073
id11|p129,infu_aes2,id11,p129,True,True,0.9999055862426758,0.03266503536237925,0.0881577730178833
id12|p129,infu_aes2,id12,p129,True,True,0.9998438358306885,0.031131656653871815,0.12346333265304565
id13|p129,infu_aes2,id13,p129,True,True,0.9999595880508423,0.022313164150360804,0.14889317750930786
id14|p129,infu_aes2,id14,p129,True,True,0.9999856948852539,0.02686999025322499,0.1452484130859375
id15|p129,infu_aes2,id15,p129,True,True,0.9999866485595703,0.03181548231563239,0.10365307331085205
id09|p130,infu_aes2,id09,p130,True,True,0.8767495155334473,0.0007991614241454056,0.7191697955131531
id10|p130,infu_aes2,id10,p130,True,True,0.9999837875366211,0.026080737978505276,0.13691425323486328
id11|p130,infu_aes2,id11,p130,True,False,,,
id12|p130,infu_aes2,id12,p130,True,True,0.7050890326499939,0.0044186440004242615,1.0896757245063782
id13|p130,infu_aes2,id13,p130,True,True,0.999854326248169,0.014442068858108257,0.29599761962890625
id14|p130,infu_aes2,id14,p130,True,True,0.9999703168869019,0.023929772081469253,0.12157952785491943
id15|p130,infu_aes2,id15,p130,True,True,0.9999990463256836,0.014429352941711361,0.09450912475585938
id09|p131,infu_aes2,id09,p131,True,True,0.9999239444732666,0.031930327983507506,0.1825089454650879
id10|p131,infu_aes2,id10,p131,True,True,1.0,0.033585548904262706,0.180489182472229
id11|p131,infu_aes2,id11,p131,True,True,0.9998795986175537,0.04563646560849512,0.09064275026321411
id12|p131,infu_aes2,id12,p131,True,True,0.9989816546440125,0.015442200488034524,0.100857675075531
id13|p131,infu_aes2,id13,p131,True,True,0.999990701675415,0.027986680823166778,0.10475873947143555
id14|p131,infu_aes2,id14,p131,True,True,0.9999983310699463,0.03416174609968595,0.08105236291885376
id15|p131,infu_aes2,id15,p131,True,True,0.9999899864196777,0.02424991808989652,0.10116755962371826
id09|p132,infu_aes2,id09,p132,True,True,0.9999947547912598,0.011034076591329501,0.16292309761047363
id10|p132,infu_aes2,id10,p132,True,True,0.9996297359466553,0.007399252593195305,0.1996576189994812
id11|p132,infu_aes2,id11,p132,True,True,0.9997480511665344,0.013638548568176275,0.10551583766937256
id12|p132,infu_aes2,id12,p132,True,True,0.9056412577629089,0.001519654095625309,0.5694788992404938
id13|p132,infu_aes2,id13,p132,True,True,0.999998927116394,0.005470463323212648,0.1697779893875122
id14|p132,infu_aes2,id14,p132,True,True,0.9999995231628418,0.011898728615825187,0.12531793117523193
id15|p132,infu_aes2,id15,p132,True,True,0.9999998807907104,0.006723564550632212,0.10689455270767212
id09|p133,infu_aes2,id09,p133,True,True,0.9999970197677612,0.016284348140951255,0.1566750407218933
id10|p133,infu_aes2,id10,p133,True,True,0.9999935626983643,0.011427099825985337,0.1545877456665039
id11|p133,infu_aes2,id11,p133,True,True,0.9999591112136841,0.016053401281596175,0.09798401594161987
id12|p133,infu_aes2,id12,p133,True,True,0.9983658194541931,0.029356634174738012,0.1780301332473755
id13|p133,infu_aes2,id13,p133,True,True,0.9974023699760437,0.015663073778968556,0.2384500503540039
id14|p133,infu_aes2,id14,p133,True,True,1.0,0.019375325080892878,0.12141656875610352
id15|p133,infu_aes2,id15,p133,True,True,1.0,0.0176981880571168,0.07185041904449463
id09|p134,infu_aes2,id09,p134,True,True,0.9999889135360718,0.027502646020484127,0.15841162204742432
id10|p134,infu_aes2,id10,p134,True,True,0.9999805688858032,0.011331610238266595,0.26591378450393677
id11|p134,infu_aes2,id11,p134,True,True,0.9998313188552856,0.022075352556069947,0.07089996337890625
id12|p134,infu_aes2,id12,p134,True,True,0.9999927282333374,0.018725241940737086,0.130268394947052
id13|p134,infu_aes2,id13,p134,True,True,0.9999996423721313,0.010308440667905254,0.1574702262878418
id14|p134,infu_aes2,id14,p134,True,True,0.9999679327011108,0.02655904318279075,0.10918360948562622
id15|p134,infu_aes2,id15,p134,True,True,0.9999151229858398,0.0274626920277283,0.0682421326637268
id09|p135,infu_aes2,id09,p135,True,True,0.9999744892120361,0.2398068971701121,0.22097641229629517
id10|p135,infu_aes2,id10,p135,True,True,0.9999990463256836,0.24521496484005087,0.19639849662780762
id11|p135,infu_aes2,id11,p135,True,True,1.0,0.22221023006318225,0.16930484771728516
id12|p135,infu_aes2,id12,p135,True,True,1.0,0.31055943687221577,0.47240376472473145
id13|p135,infu_aes2,id13,p135,True,True,0.9999998807907104,0.40671200029322424,0.20389223098754883
id14|p135,infu_aes2,id14,p135,True,True,0.9999775886535645,0.309600099764319,0.1509137749671936
id15|p135,infu_aes2,id15,p135,True,True,0.999996542930603,0.2626455890254105,0.1626569628715515
id09|p136,infu_aes2,id09,p136,True,True,0.8170642852783203,0.012461913701717666,1.013080065138638
id10|p136,infu_aes2,id10,p136,True,True,0.9999887943267822,0.02010299014477917,0.1304948329925537
id11|p136,infu_aes2,id11,p136,True,True,0.999998927116394,0.012700588145593309,0.11613881587982178
id12|p136,infu_aes2,id12,p136,True,True,0.9999606609344482,0.01056586457750168,0.14590239524841309
id13|p136,infu_aes2,id13,p136,True,True,0.9999731779098511,0.01950709065858,0.12486863136291504
id14|p136,infu_aes2,id14,p136,True,True,0.9992891550064087,0.015972177692617374,0.06427919864654541
id15|p136,infu_aes2,id15,p136,True,True,0.9999971389770508,0.011236418937033955,0.08244478702545166
id09|p137,infu_aes2,id09,p137,True,True,0.9999654293060303,0.01397557567316305,0.26186197996139526
id10|p137,infu_aes2,id10,p137,True,True,0.9998948574066162,0.08443908455633821,0.15740573406219482
id11|p137,infu_aes2,id11,p137,True,True,0.9998871088027954,0.06675925214315129,0.08683168888092041
id12|p137,infu_aes2,id12,p137,True,True,0.999153733253479,0.030685707968609397,0.07026857137680054
id13|p137,infu_aes2,id13,p137,True,True,0.999998927116394,0.02740037672787153,0.11097913980484009
id14|p137,infu_aes2,id14,p137,True,True,0.9999886751174927,0.04174896192691651,0.10607051849365234
id15|p137,infu_aes2,id15,p137,True,True,0.999987006187439,0.03540802851255839,0.07670038938522339
id09|p138,infu_aes2,id09,p138,True,True,0.9998929500579834,0.47019290094485283,0.16168105602264404
id10|p138,infu_aes2,id10,p138,True,True,0.999691367149353,0.3577103140215193,0.6090646684169769
id11|p138,infu_aes2,id11,p138,True,True,0.999953031539917,0.4583129460048232,0.15950167179107666
id12|p138,infu_aes2,id12,p138,True,True,0.9995161294937134,0.7067925701325034,0.44023680686950684
id13|p138,infu_aes2,id13,p138,True,True,0.9999085664749146,0.5136415824067149,0.1608055830001831
id14|p138,infu_aes2,id14,p138,True,True,0.9999005794525146,0.5472029652042125,0.2226041555404663
id15|p138,infu_aes2,id15,p138,True,True,0.9999144077301025,0.5135501210162907,0.2607269287109375
id09|p139,infu_aes2,id09,p139,True,True,0.7469491362571716,0.004405655299706268,1.071120873093605
id10|p139,infu_aes2,id10,p139,True,True,0.9999709129333496,0.0111269670367754,0.14499640464782715
id11|p139,infu_aes2,id11,p139,True,True,0.9999986886978149,0.005273999230900882,0.2523376941680908
id12|p139,infu_aes2,id12,p139,True,True,0.9999881982803345,0.0021233215433492233,0.6073809266090393
id13|p139,infu_aes2,id13,p139,True,True,0.9999833106994629,0.0019620629958763507,0.8257446140050888
id14|p139,infu_aes2,id14,p139,True,True,1.0,0.005900759007825048,0.22155702114105225
id15|p139,infu_aes2,id15,p139,True,True,0.9999102354049683,0.009482847448048738,0.22079187631607056
id09|p140,infu_aes2,id09,p140,True,True,0.9999550580978394,0.01836975250602029,0.43397217988967896
id10|p140,infu_aes2,id10,p140,True,True,0.9999939203262329,0.008504782529350783,0.12964922189712524
id11|p140,infu_aes2,id11,p140,True,False,,,
id12|p140,infu_aes2,id12,p140,True,True,0.9999994039535522,0.010146075694651532,0.2480158805847168
id13|p140,infu_aes2,id13,p140,True,True,0.9990135431289673,0.010202994082515912,0.2279316782951355
id14|p140,infu_aes2,id14,p140,True,True,0.9997078776359558,0.0060709943116480005,0.5526253581047058
id15|p140,infu_aes2,id15,p140,True,True,1.0,0.04276046297693932,0.12788593769073486
id09|p141,infu_aes2,id09,p141,True,True,0.9999932050704956,0.17746795286913034,0.1281120777130127
id10|p141,infu_aes2,id10,p141,True,True,0.9999998807907104,0.1394114506496662,0.18801099061965942
id11|p141,infu_aes2,id11,p141,True,True,0.9999985694885254,0.1949666209555714,0.0734398365020752
id12|p141,infu_aes2,id12,p141,True,True,1.0,0.2229814933325767,0.17448490858078003
id13|p141,infu_aes2,id13,p141,True,True,0.9999897480010986,0.1665237284206162,0.13627219200134277
id14|p141,infu_aes2,id14,p141,True,True,0.9999549388885498,0.25085668409864775,0.09726691246032715
id15|p141,infu_aes2,id15,p141,True,True,0.9999983310699463,0.13740622033610203,0.08229100704193115
id09|p142,infu_aes2,id09,p142,True,True,0.9999974966049194,0.006056640769365951,0.13240039348602295
id10|p142,infu_aes2,id10,p142,True,True,0.9680002927780151,0.003235960640853153,0.909406490623951
id11|p142,infu_aes2,id11,p142,True,True,0.999935507774353,0.003417508040046762,0.21712327003479004
id12|p142,infu_aes2,id12,p142,True,True,0.9995477795600891,0.0010194942463688979,0.8894556239247322
id13|p142,infu_aes2,id13,p142,True,True,0.999976396560669,0.006614664729283725,0.1344078779220581
id14|p142,infu_aes2,id14,p142,True,True,0.9997636675834656,0.0050666769035130595,0.18178462982177734
id15|p142,infu_aes2,id15,p142,True,False,,,
id09|p143,infu_aes2,id09,p143,True,True,0.999996542930603,0.025766381179521517,0.14041537046432495
id10|p143,infu_aes2,id10,p143,True,True,0.9998737573623657,0.021993486792717766,0.15449118614196777
id11|p143,infu_aes2,id11,p143,True,True,1.0,0.02775731783901613,0.07160568237304688
id12|p143,infu_aes2,id12,p143,True,True,0.9999455213546753,0.02526362894463495,0.3580330014228821
id13|p143,infu_aes2,id13,p143,True,True,0.9999861717224121,0.016676639316833063,0.1192827820777893
id14|p143,infu_aes2,id14,p143,True,True,0.7609484791755676,0.05247305946428838,0.8586553484201431
id15|p143,infu_aes2,id15,p143,True,True,1.0,0.015964929899775687,0.14827221632003784
id09|p144,infu_aes2,id09,p144,True,True,0.999893069267273,0.17089788316080237,0.1638498306274414
id10|p144,infu_aes2,id10,p144,True,True,0.9999829530715942,0.14365451452920439,0.23532915115356445
id11|p144,infu_aes2,id11,p144,True,True,0.9999936819076538,0.09774786847980356,0.09299397468566895
id12|p144,infu_aes2,id12,p144,True,True,0.9999972581863403,0.1659733271305615,0.17475134134292603
id13|p144,infu_aes2,id13,p144,True,True,0.9999566078186035,0.20289228254306002,0.21508586406707764
id14|p144,infu_aes2,id14,p144,True,True,0.9999747276306152,0.1589345125837834,0.10400855541229248
id15|p144,infu_aes2,id15,p144,True,True,1.0,0.094673201606389,0.15842366218566895
id09|p145,infu_aes2,id09,p145,True,True,0.9999806880950928,0.016653352791583954,0.20997679233551025
id10|p145,infu_aes2,id10,p145,True,True,0.9684063792228699,0.008486147025658643,0.7070475220680237
id11|p145,infu_aes2,id11,p145,True,True,0.9999994039535522,0.018929071490296667,0.07771885395050049
id12|p145,infu_aes2,id12,p145,True,True,0.950955331325531,0.018207812488367475,0.7060878574848175
id13|p145,infu_aes2,id13,p145,True,True,0.9999997615814209,0.012935340308468513,0.208010733127594
id14|p145,infu_aes2,id14,p145,True,True,1.0,0.013054024489654828,0.16738075017929077
id15|p145,infu_aes2,id15,p145,True,True,0.9999954700469971,0.010510169211990947,0.3317849636077881
id09|p146,infu_aes2,id09,p146,True,True,0.9998712539672852,0.0434613195362552,0.1648951768875122
id10|p146,infu_aes2,id10,p146,True,True,0.9999982118606567,0.013410488946342523,0.12191641330718994
id11|p146,infu_aes2,id11,p146,True,True,1.0,0.02394008401612761,0.09921157360076904
id12|p146,infu_aes2,id12,p146,True,True,0.9999914169311523,0.01735021976399314,0.11097252368927002
id13|p146,infu_aes2,id13,p146,True,True,0.9999918937683105,0.029218916797507155,0.1305922269821167
id14|p146,infu_aes2,id14,p146,True,True,0.9999955892562866,0.00898503916772106,0.11275476217269897
id15|p146,infu_aes2,id15,p146,True,True,0.9999940395355225,0.028977116369792513,0.10759484767913818
id09|p147,infu_aes2,id09,p147,True,True,0.9999966621398926,0.005858581324028957,0.18853145837783813
id10|p147,infu_aes2,id10,p147,True,True,0.9999887943267822,0.004380574511321858,0.16168451309204102
id11|p147,infu_aes2,id11,p147,True,True,0.99998939037323,0.004938611760116082,0.15778183937072754
id12|p147,infu_aes2,id12,p147,True,True,0.9999494552612305,0.0038064247383705085,0.20130372047424316
id13|p147,infu_aes2,id13,p147,True,True,0.9999949932098389,0.004444783854835434,0.17125093936920166
id14|p147,infu_aes2,id14,p147,True,True,1.0,0.0032835401347510776,0.19828307628631592
id15|p147,infu_aes2,id15,p147,True,True,0.9999967813491821,0.005112813631713074,0.2198253870010376
id09|p148,infu_aes2,id09,p148,True,True,1.0,0.033348600784844994,0.2027808427810669
id10|p148,infu_aes2,id10,p148,True,True,0.9999985694885254,0.04214146394771191,0.17541468143463135
id11|p148,infu_aes2,id11,p148,True,True,0.999984622001648,0.04684154124715636,0.07359671592712402
id12|p148,infu_aes2,id12,p148,True,True,0.9999905824661255,0.06557380020859753,0.1712101697921753
id13|p148,infu_aes2,id13,p148,True,True,0.9999990463256836,0.0438306564988265,0.1304943561553955
id14|p148,infu_aes2,id14,p148,True,True,0.9999438524246216,0.05004339315754058,0.19585561752319336
id15|p148,infu_aes2,id15,p148,True,True,0.9999994039535522,0.05288988429971074,0.11994653940200806
id09|p149,infu_aes2,id09,p149,True,False,,,
id10|p149,infu_aes2,id10,p149,True,True,0.9999923706054688,0.012137976194329289,0.1505899429321289
id11|p149,infu_aes2,id11,p149,True,True,0.9997891783714294,0.015762251294290763,0.07083266973495483
id12|p149,infu_aes2,id12,p149,True,False,,,
id13|p149,infu_aes2,id13,p149,True,True,0.9999284744262695,0.012382213766649415,0.16592061519622803
id14|p149,infu_aes2,id14,p149,True,False,,,
id15|p149,infu_aes2,id15,p149,True,False,,,
id09|p150,infu_aes2,id09,p150,True,True,0.9999929666519165,0.08442991835062301,0.1286247968673706
id10|p150,infu_aes2,id10,p150,True,True,0.9999845027923584,0.12695960435462159,0.2316521406173706
id11|p150,infu_aes2,id11,p150,True,True,0.9999992847442627,0.14961144444142133,0.100067138671875
id12|p150,infu_aes2,id12,p150,True,True,0.9999973773956299,0.09912255602058047,0.09929358959197998
id13|p150,infu_aes2,id13,p150,True,True,0.9999948740005493,0.16133116039897272,0.21196198463439941
id14|p150,infu_aes2,id14,p150,True,True,0.9999905824661255,0.13884715027397704,0.07592082023620605
id15|p150,infu_aes2,id15,p150,True,True,0.9999912977218628,0.15949301466093788,0.13658547401428223
id09|p151,infu_aes2,id09,p151,True,True,0.9998363256454468,0.06743467441339346,0.49015378952026367
id10|p151,infu_aes2,id10,p151,True,False,,,
id11|p151,infu_aes2,id11,p151,True,True,0.9992114305496216,0.029636994273883874,0.07131326198577881
id12|p151,infu_aes2,id12,p151,True,True,0.9999911785125732,0.03740870512740364,0.33889544010162354
id13|p151,infu_aes2,id13,p151,True,True,0.9993329644203186,0.027188597386449135,0.11385321617126465
id14|p151,infu_aes2,id14,p151,True,True,0.999911904335022,0.02759967975302297,0.06050378084182739
id15|p151,infu_aes2,id15,p151,True,True,0.9999538660049438,0.031168829927550545,0.08900582790374756
id09|p152,infu_aes2,id09,p152,True,False,,,
id10|p152,infu_aes2,id10,p152,True,True,0.8268001079559326,0.04772767555943523,0.6764175295829773
id11|p152,infu_aes2,id11,p152,True,False,,,
id12|p152,infu_aes2,id12,p152,True,False,,,
id13|p152,infu_aes2,id13,p152,True,True,0.9999996423721313,0.04330665003741392,0.15654873847961426
id14|p152,infu_aes2,id14,p152,True,True,0.8171408772468567,0.00497004992684133,0.7564160525798798
id15|p152,infu_aes2,id15,p152,True,False,,,
id09|p153,infu_aes2,id09,p153,True,True,0.9999990463256836,0.013827753974841183,0.1646348237991333
id10|p153,infu_aes2,id10,p153,True,True,0.9999988079071045,0.031858177211196895,0.1296989917755127
id11|p153,infu_aes2,id11,p153,True,True,1.0,0.015287444978538487,0.06911015510559082
id12|p153,infu_aes2,id12,p153,True,True,0.9999982118606567,0.02096670184767918,0.06705248355865479
id13|p153,infu_aes2,id13,p153,True,True,0.9999986886978149,0.013082327718798727,0.07409179210662842
id14|p153,infu_aes2,id14,p153,True,True,0.9999655485153198,0.03600596359982925,0.0864570140838623
id15|p153,infu_aes2,id15,p153,True,True,0.9999973773956299,0.03352575112022358,0.058693885803222656
id09|p154,infu_aes2,id09,p154,True,True,0.9975860118865967,0.009960920207974105,0.2515594959259033
id10|p154,infu_aes2,id10,p154,True,True,0.9999990463256836,0.005919492634370446,0.2764442563056946
id11|p154,infu_aes2,id11,p154,True,True,0.9999997615814209,0.03278331053751171,0.0732417106628418
id12|p154,infu_aes2,id12,p154,True,True,1.0,0.00397990220060767,0.37156248092651367
id13|p154,infu_aes2,id13,p154,True,True,0.9999346733093262,0.005393833902947638,0.2699669599533081
id14|p154,infu_aes2,id14,p154,True,True,0.9999986886978149,0.02760391496536209,0.06716412305831909
id15|p154,infu_aes2,id15,p154,True,True,0.9999442100524902,0.03686644441224843,0.12029486894607544
id09|p155,infu_aes2,id09,p155,True,True,0.9999988079071045,0.010459104403812695,0.15675032138824463
id10|p155,infu_aes2,id10,p155,True,True,0.9999997615814209,0.028642401482332467,0.13972413539886475
id11|p155,infu_aes2,id11,p155,True,True,0.8353931903839111,0.0007029196431812659,1.143333077430725
id12|p155,infu_aes2,id12,p155,True,True,0.9999942779541016,0.0107865472139363,0.14723408222198486
id13|p155,infu_aes2,id13,p155,True,True,0.9999929666519165,0.013557986313695258,0.10308676958084106
id14|p155,infu_aes2,id14,p155,True,True,0.9999918937683105,0.007255402968349913,0.12570804357528687
id15|p155,infu_aes2,id15,p155,True,True,0.9790136814117432,0.0018432481338394808,0.9956617369316518
id09|p156,infu_aes2,id09,p156,True,True,0.9999997615814209,0.35253451605339203,0.1809772253036499
id10|p156,infu_aes2,id10,p156,True,True,0.9999994039535522,0.2517387105435184,0.1426149606704712
id11|p156,infu_aes2,id11,p156,True,True,0.9997987151145935,0.26717524643547985,0.12790918350219727
id12|p156,infu_aes2,id12,p156,True,True,0.9999344348907471,0.1751413071319887,0.10350275039672852
id13|p156,infu_aes2,id13,p156,True,True,0.999934196472168,0.24846737613969663,0.19264990091323853
id14|p156,infu_aes2,id14,p156,True,True,1.0,0.2674786824015358,0.08475589752197266
id15|p156,infu_aes2,id15,p156,True,True,0.9999805688858032,0.3590156918775953,0.14293527603149414
id09|p157,infu_aes2,id09,p157,True,True,0.9999827146530151,0.04796770598077629,0.17984223365783691
id10|p157,infu_aes2,id10,p157,True,True,0.9999814033508301,0.021871289167527855,0.25468093156814575
id11|p157,infu_aes2,id11,p157,True,True,0.9999958276748657,0.021043252001715695,0.14157819747924805
id12|p157,infu_aes2,id12,p157,True,True,0.9999574422836304,0.03096504449171495,0.1146044135093689
id13|p157,infu_aes2,id13,p157,True,True,0.9999969005584717,0.05189111872989552,0.12358015775680542
id14|p157,infu_aes2,id14,p157,True,True,0.9999580383300781,0.03760095600299803,0.11062705516815186
id15|p157,infu_aes2,id15,p157,True,True,0.9999991655349731,0.0346330806100427,0.12073379755020142
id09|p158,infu_aes2,id09,p158,True,True,0.999993085861206,0.006431231954885323,0.14500749111175537
id10|p158,infu_aes2,id10,p158,True,True,0.9999980926513672,0.006654990789528909,0.15896886587142944
id11|p158,infu_aes2,id11,p158,True,True,0.9999995231628418,0.00832474215491853,0.10741829872131348
id12|p158,infu_aes2,id12,p158,True,True,0.9999130964279175,0.005417655727592038,0.19137704372406006
id13|p158,infu_aes2,id13,p158,True,True,0.9999803304672241,0.00357674414013156,0.4200936555862427
id14|p158,infu_aes2,id14,p158,True,True,1.0,0.007017886614155926,0.16512131690979004
id15|p158,infu_aes2,id15,p158,True,True,0.978670060634613,0.008165170478728945,1.0128118749707937
id09|p159,infu_aes2,id09,p159,True,True,0.9999868869781494,0.35535080823091797,0.1757696270942688
id10|p159,infu_aes2,id10,p159,True,True,0.9999994039535522,0.12513780191096915,0.17612934112548828
id11|p159,infu_aes2,id11,p159,True,True,0.9999490976333618,0.28040314447119913,0.10333645343780518
id12|p159,infu_aes2,id12,p159,True,True,0.9999876022338867,0.21429581003661327,0.22087669372558594
id13|p159,infu_aes2,id13,p159,True,True,1.0,0.12855762127448409,0.14984363317489624
id14|p159,infu_aes2,id14,p159,True,True,0.9999409914016724,0.2755608923241213,0.1030806303024292
id15|p159,infu_aes2,id15,p159,True,True,0.9999997615814209,0.23507538309299908,0.12957024574279785
id09|p160,infu_aes2,id09,p160,True,True,0.9999513626098633,0.02592704479716472,0.22372561693191528
id10|p160,infu_aes2,id10,p160,True,True,1.0,0.034100457929549736,0.14321023225784302
id11|p160,infu_aes2,id11,p160,True,True,0.9999994039535522,0.0239355962065229,0.07236123085021973
id12|p160,infu_aes2,id12,p160,True,True,0.999983549118042,0.04646898910377814,0.15301436185836792
id13|p160,infu_aes2,id13,p160,True,True,0.9999990463256836,0.03198585933722504,0.16140979528427124
id14|p160,infu_aes2,id14,p160,True,True,1.0,0.024752090887905594,0.10158222913742065
id15|p160,infu_aes2,id15,p160,True,True,0.9999977350234985,0.03302381106375668,0.11471956968307495
id09|p161,infu_aes2,id09,p161,True,True,0.9999998807907104,0.033397700320719245,0.10844743251800537
id10|p161,infu_aes2,id10,p161,True,True,1.0,0.011217147307674534,0.09331023693084717
id11|p161,infu_aes2,id11,p161,True,False,,,
id12|p161,infu_aes2,id12,p161,True,True,0.9999912977218628,0.007985174635864253,0.12021470069885254
id13|p161,infu_aes2,id13,p161,True,True,0.8071701526641846,0.0026421373543396636,0.8142888695001602
id14|p161,infu_aes2,id14,p161,True,True,1.0,0.009115760497750057,0.09473127126693726
id15|p161,infu_aes2,id15,p161,True,False,,,
id09|p162,infu_aes2,id09,p162,True,True,0.9999985694885254,0.011138675910739795,0.1368168592453003
id10|p162,infu_aes2,id10,p162,True,True,0.9999998807907104,0.01118980110895641,0.12331503629684448
id11|p162,infu_aes2,id11,p162,True,True,0.9999994039535522,0.006844900250635076,0.1801215410232544
id12|p162,infu_aes2,id12,p162,True,True,0.9999885559082031,0.01553319894772193,0.10210305452346802
id13|p162,infu_aes2,id13,p162,True,True,0.9999986886978149,0.014815004905018707,0.11462879180908203
id14|p162,infu_aes2,id14,p162,True,True,1.0,0.02123466137707738,0.08563607931137085
id15|p162,infu_aes2,id15,p162,True,True,0.999997615814209,0.015286728702997498,0.06787741184234619
id09|p163,infu_aes2,id09,p163,True,True,0.9998708963394165,0.046056105643796544,0.3236348628997803
id10|p163,infu_aes2,id10,p163,True,True,0.9999994039535522,0.036763813251223805,0.17023229598999023
id11|p163,infu_aes2,id11,p163,True,True,0.9993208646774292,0.06215413902603157,0.3116501569747925
id12|p163,infu_aes2,id12,p163,True,True,0.9998241066932678,0.04937965089013902,0.13121020793914795
id13|p163,infu_aes2,id13,p163,True,True,0.9999966621398926,0.048089248697056906,0.13734471797943115
id14|p163,infu_aes2,id14,p163,True,True,0.9999978542327881,0.05179334286108895,0.08359599113464355
id15|p163,infu_aes2,id15,p163,True,True,0.9999347925186157,0.04837662246507126,0.13202309608459473
id09|p164,infu_aes2,id09,p164,True,True,0.9882767796516418,0.006648585221396557,0.6324382424354553
id10|p164,infu_aes2,id10,p164,True,True,0.9980081915855408,0.001536546829899369,0.5959595739841461
id11|p164,infu_aes2,id11,p164,True,True,0.9999996423721313,0.01672711128340581,0.12185394763946533
id12|p164,infu_aes2,id12,p164,True,True,0.9972346425056458,0.01107318047498093,0.644203245639801
id13|p164,infu_aes2,id13,p164,True,True,0.9743733406066895,0.0021274191718146413,0.7457379102706909
id14|p164,infu_aes2,id14,p164,True,True,0.9999659061431885,0.01178034696604412,0.17529940605163574
id15|p164,infu_aes2,id15,p164,True,True,0.9999972581863403,0.017925873896300622,0.11633467674255371
id09|p165,infu_aes2,id09,p165,True,True,0.9999924898147583,0.41936732462745857,0.18454408645629883
id10|p165,infu_aes2,id10,p165,True,True,0.9999909400939941,0.4060549674179539,0.21532130241394043
id11|p165,infu_aes2,id11,p165,True,True,0.9999353885650635,0.411085369827899,0.13658559322357178
id12|p165,infu_aes2,id12,p165,True,True,0.9999988079071045,0.4842064139956475,0.18569481372833252
id13|p165,infu_aes2,id13,p165,True,True,0.9999980926513672,0.2898826451876035,0.18471896648406982
id14|p165,infu_aes2,id14,p165,True,True,0.9999921321868896,0.4965768149396118,0.11904358863830566
id15|p165,infu_aes2,id15,p165,True,True,0.9999978542327881,0.2816229323127713,0.19773465394973755
id09|p166,infu_aes2,id09,p166,True,True,0.9997335076332092,0.026925307488014787,0.3047908544540405
id10|p166,infu_aes2,id10,p166,True,True,0.9999305009841919,0.041181524382880995,0.12169283628463745
id11|p166,infu_aes2,id11,p166,True,True,0.9970786571502686,0.054043100236370906,0.5147192478179932
id12|p166,infu_aes2,id12,p166,True,True,0.9999998807907104,0.047516679695402936,0.19892942905426025
id13|p166,infu_aes2,id13,p166,True,True,0.9999535083770752,0.03450298233860568,0.10080063343048096
id14|p166,infu_aes2,id14,p166,True,True,0.9999979734420776,0.051070943832787694,0.15700572729110718
id15|p166,infu_aes2,id15,p166,True,True,0.9999940395355225,0.036768821482055895,0.1015927791595459
id09|p167,infu_aes2,id09,p167,True,True,0.9999998807907104,0.004226358002222194,0.2595725655555725
id10|p167,infu_aes2,id10,p167,True,True,0.9999996423721313,0.006436137696513425,0.230415940284729
id11|p167,infu_aes2,id11,p167,True,True,0.9999451637268066,0.002222210211260066,0.5260402858257294
id12|p167,infu_aes2,id12,p167,True,True,0.9992146492004395,0.010307987614396552,0.15259850025177002
id13|p167,infu_aes2,id13,p167,True,True,0.9999996423721313,0.012631772797061066,0.12632536888122559
id14|p167,infu_aes2,id14,p167,True,True,0.9999969005584717,0.001392483814998056,0.657162070274353
id15|p167,infu_aes2,id15,p167,True,True,0.9999996423721313,0.005664993951183529,0.1024332046508789
id09|p168,infu_aes2,id09,p168,True,True,0.9999990463256836,0.04748982584636243,0.13056117296218872
id10|p168,infu_aes2,id10,p168,True,True,1.0,0.04651795124363285,0.152746319770813
id11|p168,infu_aes2,id11,p168,True,True,0.9996384382247925,0.04871808416168439,0.10746145248413086
id12|p168,infu_aes2,id12,p168,True,True,0.9999899864196777,0.046234136709689844,0.11700868606567383
id13|p168,infu_aes2,id13,p168,True,True,0.9999473094940186,0.04753003892236859,0.08150529861450195
id14|p168,infu_aes2,id14,p168,True,True,1.0,0.03472711531645069,0.0822913646697998
id15|p168,infu_aes2,id15,p168,True,True,0.9999970197677612,0.06406302113294039,0.10857188701629639
id09|p169,infu_aes2,id09,p169,True,True,0.9991549253463745,0.24838975559701615,0.17704987525939941
id10|p169,infu_aes2,id10,p169,True,True,0.999963641166687,0.17254424681692368,0.2919080853462219
id11|p169,infu_aes2,id11,p169,True,True,0.9999436140060425,0.16555883011470454,0.20610731840133667
id12|p169,infu_aes2,id12,p169,True,True,0.9988265633583069,0.2654744337532077,0.4083758592605591
id13|p169,infu_aes2,id13,p169,True,True,0.9999881982803345,0.27919333183537537,0.23730099201202393
id14|p169,infu_aes2,id14,p169,True,True,0.9999814033508301,0.2572656358133436,0.2371424436569214
id15|p169,infu_aes2,id15,p169,True,True,0.9999666213989258,0.3007900231905766,0.19907188415527344
id09|p170,infu_aes2,id09,p170,True,True,0.8788108229637146,0.0005718732367455576,0.9207591563463211
id10|p170,infu_aes2,id10,p170,True,False,,,
id11|p170,infu_aes2,id11,p170,True,False,,,
id12|p170,infu_aes2,id12,p170,True,False,,,
id13|p170,infu_aes2,id13,p170,True,True,0.9999949932098389,0.01571912288911013,0.19446611404418945
id14|p170,infu_aes2,id14,p170,True,True,0.991479218006134,0.001053047886774192,0.8390479236841202
id15|p170,infu_aes2,id15,p170,True,False,,,
id09|p171,infu_aes2,id09,p171,True,True,0.9999797344207764,0.02810766874808681,0.16694635152816772
id10|p171,infu_aes2,id10,p171,True,True,0.999975323677063,0.023898395570770923,0.1330326795578003
id11|p171,infu_aes2,id11,p171,True,True,0.9999562501907349,0.017731890361390792,0.05077362060546875
id12|p171,infu_aes2,id12,p171,True,True,0.9999085664749146,0.02554199878389586,0.11245214939117432
id13|p171,infu_aes2,id13,p171,True,True,0.9999948740005493,0.012065362831445135,0.11318105459213257
id14|p171,infu_aes2,id14,p171,True,True,0.9998984336853027,0.01668924958366803,0.12507498264312744
id15|p171,infu_aes2,id15,p171,True,True,0.9999947547912598,0.024214615845362403,0.1138770580291748
id09|p172,infu_aes2,id09,p172,True,True,0.9999994039535522,0.1938462516742452,0.1368401050567627
id10|p172,infu_aes2,id10,p172,True,True,0.9999995231628418,0.235330179028004,0.16799050569534302
id11|p172,infu_aes2,id11,p172,True,True,0.9999994039535522,0.222152370484482,0.07681649923324585
id12|p172,infu_aes2,id12,p172,True,True,1.0,0.27954298681191553,0.1488499641418457
id13|p172,infu_aes2,id13,p172,True,True,0.9999984502792358,0.24940342861271594,0.1833791732788086
id14|p172,infu_aes2,id14,p172,True,True,0.9998084902763367,0.13348230725099852,0.09569036960601807
id15|p172,infu_aes2,id15,p172,True,True,1.0,0.14124150287384585,0.07256227731704712
id09|p173,infu_aes2,id09,p173,True,True,0.8155348896980286,0.0007844751487510498,0.8342299163341522
id10|p173,infu_aes2,id10,p173,True,True,0.8886930346488953,0.0062735496015646226,0.6974877715110779
id11|p173,infu_aes2,id11,p173,True,True,0.9031842350959778,0.0005506932399077915,0.9043910503387451
id12|p173,infu_aes2,id12,p173,True,True,0.9999960660934448,0.007544368378951473,0.17975091934204102
id13|p173,infu_aes2,id13,p173,True,True,0.9999997615814209,0.028629988491264777,0.09318196773529053
id14|p173,infu_aes2,id14,p173,True,True,0.7305815815925598,0.00522072396936746,0.8850952014327049
id15|p173,infu_aes2,id15,p173,True,True,0.9999942779541016,0.0042667041939197315,0.9653196930885315
id09|p174,infu_aes2,id09,p174,True,True,0.9999725818634033,0.008623433127632843,0.19504141807556152
id10|p174,infu_aes2,id10,p174,True,True,0.9999504089355469,0.003795823547594267,0.3360535502433777
id11|p174,infu_aes2,id11,p174,True,True,0.999967098236084,0.012041532927970767,0.18501603603363037
id12|p174,infu_aes2,id12,p174,True,True,0.9999279975891113,0.009061612179721124,0.245833158493042
id13|p174,infu_aes2,id13,p174,True,True,0.999998927116394,0.008890871250462066,0.2584012746810913
id14|p174,infu_aes2,id14,p174,True,True,0.9999562501907349,0.010477136024651428,0.18856430053710938
id15|p174,infu_aes2,id15,p174,True,True,1.0,0.0059397701545409,0.33539968729019165
id09|p175,infu_aes2,id09,p175,True,True,0.9999996423721313,0.0559743726995067,0.16212821006774902
id10|p175,infu_aes2,id10,p175,True,True,0.9999902248382568,0.03212287157001822,0.18703818321228027
id11|p175,infu_aes2,id11,p175,True,True,0.999992847442627,0.029323301789280564,0.06410032510757446
id12|p175,infu_aes2,id12,p175,True,True,0.999992847442627,0.023833652525521897,0.1840575933456421
id13|p175,infu_aes2,id13,p175,True,True,0.9999924898147583,0.019211032170410793,0.09639978408813477
id14|p175,infu_aes2,id14,p175,True,True,1.0,0.03175412617807007,0.10074007511138916
id15|p175,infu_aes2,id15,p175,True,True,0.9999936819076538,0.02053463648159474,0.08337610960006714
id09|p176,infu_aes2,id09,p176,True,True,0.9989593029022217,0.007267703575839003,0.5829533040523529
id10|p176,infu_aes2,id10,p176,True,True,0.9996892213821411,0.008018352048120767,0.3427009582519531
id11|p176,infu_aes2,id11,p176,True,True,0.9993392825126648,0.010984457901734126,0.11200141906738281
id12|p176,infu_aes2,id12,p176,True,True,0.9999479055404663,0.01582390309039634,0.15004980564117432
id13|p176,infu_aes2,id13,p176,True,True,0.9999969005584717,0.0069999922346295285,0.15189653635025024
id14|p176,infu_aes2,id14,p176,True,True,0.9999998807907104,0.01094601447456487,0.10948944091796875
id15|p176,infu_aes2,id15,p176,True,True,0.9999920129776001,0.0077036928859391535,0.44323110580444336
id09|p177,infu_aes2,id09,p177,True,True,0.9999988079071045,0.434542766055009,0.24256134033203125
id10|p177,infu_aes2,id10,p177,True,True,0.999998927116394,0.225907812480734,0.22747260332107544
id11|p177,infu_aes2,id11,p177,True,True,0.9999995231628418,0.21820949472197643,0.1340559720993042
id12|p177,infu_aes2,id12,p177,True,True,0.9999827146530151,0.40589967415802464,0.3832881450653076
id13|p177,infu_aes2,id13,p177,True,True,0.9999995231628418,0.260141679087153,0.19389641284942627
id14|p177,infu_aes2,id14,p177,True,True,0.9999996423721313,0.3076382460514156,0.12428009510040283
id15|p177,infu_aes2,id15,p177,True,True,0.9999730587005615,0.3365668220957856,0.18434011936187744
id09|p178,infu_aes2,id09,p178,True,True,0.9999998807907104,0.00847772285026532,0.17823660373687744
id10|p178,infu_aes2,id10,p178,True,True,0.866776704788208,0.001409967559172135,0.8663188517093658
id11|p178,infu_aes2,id11,p178,True,True,0.9999951124191284,0.002859744848949962,0.45529383420944214
id12|p178,infu_aes2,id12,p178,True,False,,,
id13|p178,infu_aes2,id13,p178,True,True,0.9999988079071045,0.008170889578055429,0.1180831789970398
id14|p178,infu_aes2,id14,p178,True,True,0.9997605681419373,0.008794137761387415,0.09177267551422119
id15|p178,infu_aes2,id15,p178,True,True,0.999908447265625,0.004332681706144308,0.1900773048400879
id09|p179,infu_aes2,id09,p179,True,True,0.9995536208152771,0.01696544672755977,0.17737436294555664
id10|p179,infu_aes2,id10,p179,True,True,0.9994764924049377,0.012454047756703819,0.3392144441604614
id11|p179,infu_aes2,id11,p179,True,True,0.9999868869781494,0.03180540984921669,0.08128923177719116
id12|p179,infu_aes2,id12,p179,True,True,0.999983549118042,0.026028379783566966,0.14749228954315186
id13|p179,infu_aes2,id13,p179,True,True,0.9999998807907104,0.024981628861176098,0.22631365060806274
id14|p179,infu_aes2,id14,p179,True,True,0.9999490976333618,0.024418364384675643,0.15394145250320435
id15|p179,infu_aes2,id15,p179,True,True,0.9999390840530396,0.015791747878315825,0.15533924102783203
id09|p180,infu_aes2,id09,p180,True,True,0.9999488592147827,0.016753287368626642,0.16255807876586914
id10|p180,infu_aes2,id10,p180,True,True,0.999997615814209,0.01753706175170717,0.2395482063293457
id11|p180,infu_aes2,id11,p180,True,True,0.9999887943267822,0.05334495636334732,0.08821958303451538
id12|p180,infu_aes2,id12,p180,True,True,1.0,0.017839883454755946,0.18135428428649902
id13|p180,infu_aes2,id13,p180,True,True,0.9999969005584717,0.011489316240840708,0.17725872993469238
id14|p180,infu_aes2,id14,p180,True,True,0.9999927282333374,0.02490681217111923,0.2547796964645386
id15|p180,infu_aes2,id15,p180,True,True,0.9999722242355347,0.031022039934635325,0.2585395574569702
id09|p181,infu_aes2,id09,p181,True,False,,,
id10|p181,infu_aes2,id10,p181,True,False,,,
id11|p181,infu_aes2,id11,p181,True,True,0.9999874830245972,0.0020041441342638243,0.46935296058654785
id12|p181,infu_aes2,id12,p181,True,False,,,
id13|p181,infu_aes2,id13,p181,True,False,,,
id14|p181,infu_aes2,id14,p181,True,False,,,
id15|p181,infu_aes2,id15,p181,True,False,,,
id09|p182,infu_aes2,id09,p182,True,True,0.9999966621398926,0.05229754719135879,0.1697608232498169
id10|p182,infu_aes2,id10,p182,True,True,0.9999998807907104,0.03644749989144496,0.17483437061309814
id11|p182,infu_aes2,id11,p182,True,True,0.9999954700469971,0.03346422334249646,0.11736607551574707
id12|p182,infu_aes2,id12,p182,True,True,0.9999992847442627,0.03308751901340282,0.18196487426757812
id13|p182,infu_aes2,id13,p182,True,True,0.999964714050293,0.0399592263468192,0.1334283947944641
id14|p182,infu_aes2,id14,p182,True,True,0.9999985694885254,0.046376029486740765,0.10418206453323364
id15|p182,infu_aes2,id15,p182,True,True,0.9954925775527954,0.029746881346592303,0.6221556663513184
id09|p183,infu_aes2,id09,p183,True,True,0.9999864101409912,0.43090973838519886,0.13731849193572998
id10|p183,infu_aes2,id10,p183,True,True,0.9999945163726807,0.5007384427759928,0.21595549583435059
id11|p183,infu_aes2,id11,p183,True,True,0.9999997615814209,0.31214277857530626,0.06678527593612671
id12|p183,infu_aes2,id12,p183,True,True,1.0,0.45544417762281275,0.1457463502883911
id13|p183,infu_aes2,id13,p183,True,True,0.9998763799667358,0.4726570818735466,0.21770071983337402
id14|p183,infu_aes2,id14,p183,True,True,0.9999923706054688,0.39685202243955797,0.08641809225082397
id15|p183,infu_aes2,id15,p183,True,True,0.9999948740005493,0.4049377065639026,0.15194785594940186
id09|p184,infu_aes2,id09,p184,True,True,0.984264075756073,0.007737482802324328,0.8017098605632782
id10|p184,infu_aes2,id10,p184,True,True,0.9998354911804199,0.0012118922985176182,0.9798680208623409
id11|p184,infu_aes2,id11,p184,True,False,,,
id12|p184,infu_aes2,id12,p184,True,False,,,
id13|p184,infu_aes2,id13,p184,True,False,,,
id14|p184,infu_aes2,id14,p184,True,False,,,
id15|p184,infu_aes2,id15,p184,True,False,,,
id09|p185,infu_aes2,id09,p185,True,True,0.9999821186065674,0.023878890405633426,0.16301023960113525
id10|p185,infu_aes2,id10,p185,True,True,0.9999978542327881,0.021895018228473485,0.17806249856948853
id11|p185,infu_aes2,id11,p185,True,True,0.9999885559082031,0.01618166305085816,0.09731519222259521
id12|p185,infu_aes2,id12,p185,True,True,1.0,0.021343685959537752,0.12469476461410522
id13|p185,infu_aes2,id13,p185,True,True,0.9999974966049194,0.014169299797180833,0.19917768239974976
id14|p185,infu_aes2,id14,p185,True,True,0.9999984502792358,0.017502360424699454,0.10450440645217896
id15|p185,infu_aes2,id15,p185,True,True,0.9999969005584717,0.018478898972065932,0.0770949125289917
id09|p186,infu_aes2,id09,p186,True,True,0.9999985694885254,0.026272335960618468,0.2330784797668457
id10|p186,infu_aes2,id10,p186,True,True,0.9999995231628418,0.09885670327373047,0.19954609870910645
id11|p186,infu_aes2,id11,p186,True,True,0.9988055229187012,0.04249115946289788,0.06751829385757446
id12|p186,infu_aes2,id12,p186,True,True,0.9993315935134888,0.037206463742418254,0.10340046882629395
id13|p186,infu_aes2,id13,p186,True,True,0.9999992847442627,0.03935842970059001,0.1165398359298706
id14|p186,infu_aes2,id14,p186,True,True,0.9999984502792358,0.0679050131141518,0.08397114276885986
id15|p186,infu_aes2,id15,p186,True,True,1.0,0.04760598221270597,0.07851433753967285
id09|p187,infu_aes2,id09,p187,True,True,0.9999651908874512,0.005258984880724093,0.29458045959472656
id10|p187,infu_aes2,id10,p187,True,True,0.8788655400276184,0.00680833397415915,0.6899070143699646
id11|p187,infu_aes2,id11,p187,True,True,0.9999990463256836,0.0009497467939499497,0.8300634175539017
id12|p187,infu_aes2,id12,p187,True,True,0.9999998807907104,0.0032792904167864537,0.4059833884239197
id13|p187,infu_aes2,id13,p187,True,True,0.9280516505241394,0.0008168259042846599,1.0670769959688187
id14|p187,infu_aes2,id14,p187,True,True,1.0,0.003386600111436804,0.3049367070198059
id15|p187,infu_aes2,id15,p187,True,True,0.9999969005584717,0.0042200678700805,0.12884044647216797
id09|p188,infu_aes2,id09,p188,True,True,0.9999617338180542,0.004564130568433067,0.1544433832168579
id10|p188,infu_aes2,id10,p188,True,True,0.9999973773956299,0.007711617518626879,0.12703847885131836
id11|p188,infu_aes2,id11,p188,True,True,0.9999973773956299,0.005799789192955838,0.13167822360992432
id12|p188,infu_aes2,id12,p188,True,True,0.9998601675033569,0.006911002531572647,0.10344564914703369
id13|p188,infu_aes2,id13,p188,True,True,0.9999995231628418,0.005644854492123537,0.13641655445098877
id14|p188,infu_aes2,id14,p188,True,True,0.9999996423721313,0.004601926144301735,0.343020498752594
id15|p188,infu_aes2,id15,p188,True,True,0.9999994039535522,0.0051177718164581165,0.25217974185943604
id09|p189,infu_aes2,id09,p189,True,True,0.999966025352478,0.08120234447446426,0.22299057245254517
id10|p189,infu_aes2,id10,p189,True,True,0.9999791383743286,0.06127726300481322,0.17879986763000488
id11|p189,infu_aes2,id11,p189,True,True,0.9999966621398926,0.08005794511450684,0.24240803718566895
id12|p189,infu_aes2,id12,p189,True,True,0.9999183416366577,0.07374904624900294,0.2848318815231323
id13|p189,infu_aes2,id13,p189,True,True,1.0,0.06827193516891732,0.14327239990234375
id14|p189,infu_aes2,id14,p189,True,True,0.9999967813491821,0.06372690236639895,0.09306001663208008
id15|p189,infu_aes2,id15,p189,True,True,0.9999703168869019,0.06540614341097942,0.09963297843933105
id09|p190,infu_aes2,id09,p190,True,False,,,
id10|p190,infu_aes2,id10,p190,True,True,0.9999868869781494,0.003365127196270674,0.43967294692993164
id11|p190,infu_aes2,id11,p190,True,False,,,
id12|p190,infu_aes2,id12,p190,True,True,0.7334360480308533,0.0019159579635379207,0.7643875032663345
id13|p190,infu_aes2,id13,p190,True,False,,,
id14|p190,infu_aes2,id14,p190,True,True,0.9999961853027344,0.004293883046523627,0.2756968140602112
id15|p190,infu_aes2,id15,p190,True,False,,,
id09|p191,infu_aes2,id09,p191,True,True,0.7620578408241272,0.05026270168342315,0.8396977782249451
id10|p191,infu_aes2,id10,p191,True,True,0.9996984004974365,0.006202991855287918,0.28297579288482666
id11|p191,infu_aes2,id11,p191,True,True,0.9999986886978149,0.005964551105914022,0.3982177972793579
id12|p191,infu_aes2,id12,p191,True,True,0.7414056658744812,0.05560196792184039,0.8254715800285339
id13|p191,infu_aes2,id13,p191,True,True,0.9981574416160583,0.011032448723854182,0.17441225051879883
id14|p191,infu_aes2,id14,p191,True,True,0.9999969005584717,0.006009931821365636,0.16325652599334717
id15|p191,infu_aes2,id15,p191,True,True,0.9999854564666748,0.013544485170631348,0.1286831498146057
id09|p192,infu_aes2,id09,p192,True,True,0.9977217316627502,0.19392076866265764,0.2215965986251831
id10|p192,infu_aes2,id10,p192,True,True,0.9999537467956543,0.12931962524121052,0.22610211372375488
id11|p192,infu_aes2,id11,p192,True,True,0.9997748732566833,0.2035868913262336,0.09917676448822021
id12|p192,infu_aes2,id12,p192,True,True,0.9986897110939026,0.1867758739701772,0.17521733045578003
id13|p192,infu_aes2,id13,p192,True,True,0.9985350370407104,0.3063566286615974,0.26013481616973877
id14|p192,infu_aes2,id14,p192,True,False,,,
id15|p192,infu_aes2,id15,p192,True,True,0.999150276184082,0.17874668826473758,0.1444563865661621
id09|p193,infu_aes2,id09,p193,True,True,0.9999809265136719,0.02731250609712962,0.2507815361022949
id10|p193,infu_aes2,id10,p193,True,True,0.9998080134391785,0.02914194562469708,0.2817710041999817
id11|p193,infu_aes2,id11,p193,True,True,0.9999979734420776,0.026945102356061314,0.09231579303741455
id12|p193,infu_aes2,id12,p193,True,True,0.9999998807907104,0.01909201596191328,0.18156230449676514
id13|p193,infu_aes2,id13,p193,True,True,0.9999978542327881,0.04452048941412574,0.13437378406524658
id14|p193,infu_aes2,id14,p193,True,True,0.9991492033004761,0.022312699931633147,0.44517940282821655
id15|p193,infu_aes2,id15,p193,True,True,0.9999997615814209,0.01972969586672811,0.35930919647216797
id09|p194,infu_aes2,id09,p194,True,False,,,
id10|p194,infu_aes2,id10,p194,True,False,,,
id11|p194,infu_aes2,id11,p194,True,False,,,
id12|p194,infu_aes2,id12,p194,True,False,,,
id13|p194,infu_aes2,id13,p194,True,False,,,
id14|p194,infu_aes2,id14,p194,True,False,,,
id15|p194,infu_aes2,id15,p194,True,False,,,
id09|p195,infu_aes2,id09,p195,True,True,0.9499868154525757,0.014887429232206238,0.4685182571411133
id10|p195,infu_aes2,id10,p195,True,True,0.997334897518158,0.010323196813856475,0.6332180500030518
id11|p195,infu_aes2,id11,p195,True,True,0.983231782913208,0.009466361570190545,1.0968537405133247
id12|p195,infu_aes2,id12,p195,True,True,0.9999998807907104,0.02961162246397236,0.18865442276000977
id13|p195,infu_aes2,id13,p195,True,True,0.9998481273651123,0.01766902373615903,0.28734278678894043
id14|p195,infu_aes2,id14,p195,True,True,0.999997615814209,0.02835139604188459,0.0946725606918335
id15|p195,infu_aes2,id15,p195,True,True,0.9999997615814209,0.019050248485752486,0.12185966968536377
id09|p196,infu_aes2,id09,p196,True,True,1.0,0.055085456033062176,0.22063899040222168
id10|p196,infu_aes2,id10,p196,True,True,0.9999922513961792,0.08214720196028868,0.15471428632736206
id11|p196,infu_aes2,id11,p196,True,True,0.998870313167572,0.056811688036654935,0.09874117374420166
id12|p196,infu_aes2,id12,p196,True,True,0.9999909400939941,0.03925803495972273,0.08783197402954102
id13|p196,infu_aes2,id13,p196,True,True,0.9999802112579346,0.04202839541012284,0.1326676607131958
id14|p196,infu_aes2,id14,p196,True,True,0.9999833106994629,0.031187726167920694,0.06910037994384766
id15|p196,infu_aes2,id15,p196,True,True,0.9999878406524658,0.03509758128916006,0.11273670196533203
id09|p197,infu_aes2,id09,p197,True,True,0.9253131747245789,0.0016946124830354262,1.0418084636330605
id10|p197,infu_aes2,id10,p197,True,False,,,
id11|p197,infu_aes2,id11,p197,True,False,,,
id12|p197,infu_aes2,id12,p197,True,False,,,
id13|p197,infu_aes2,id13,p197,True,False,,,
id14|p197,infu_aes2,id14,p197,True,False,,,
id15|p197,infu_aes2,id15,p197,True,False,,,
id09|p198,infu_aes2,id09,p198,True,True,0.9999995231628418,0.03113647351266463,0.23307573795318604
id10|p198,infu_aes2,id10,p198,True,False,,,
id11|p198,infu_aes2,id11,p198,True,False,,,
id12|p198,infu_aes2,id12,p198,True,False,,,
id13|p198,infu_aes2,id13,p198,True,True,0.9995926022529602,0.006184127508153504,0.3634902834892273
id14|p198,infu_aes2,id14,p198,True,False,,,
id15|p198,infu_aes2,id15,p198,True,True,0.9996258020401001,0.0025522733868173692,0.9217869117856026
id09|p199,infu_aes2,id09,p199,True,True,0.9999969005584717,0.011088839061874661,0.15038615465164185
id10|p199,infu_aes2,id10,p199,True,True,0.9305552244186401,0.01505282029162574,0.7504831701517105
id11|p199,infu_aes2,id11,p199,True,True,0.9999881982803345,0.009427932999866138,0.12289631366729736
id12|p199,infu_aes2,id12,p199,True,True,0.9999959468841553,0.01394308951564382,0.14861464500427246
id13|p199,infu_aes2,id13,p199,True,True,0.999995231628418,0.008902949683387205,0.21895229816436768
id14|p199,infu_aes2,id14,p199,True,True,1.0,0.013776703060361778,0.11043328046798706
id15|p199,infu_aes2,id15,p199,True,True,0.9999998807907104,0.007748507031110496,0.14060592651367188
id09|p200,infu_aes2,id09,p200,True,True,0.9999420642852783,0.06758781839501188,0.1980147361755371
id10|p200,infu_aes2,id10,p200,True,True,0.9999982118606567,0.12636360751783168,0.22163689136505127
id11|p200,infu_aes2,id11,p200,True,True,0.9999970197677612,0.0944678704799577,0.08023107051849365
id12|p200,infu_aes2,id12,p200,True,True,0.9999799728393555,0.10431471627625348,0.11856842041015625
id13|p200,infu_aes2,id13,p200,True,True,0.999923586845398,0.07262219408779474,0.13059473037719727
id14|p200,infu_aes2,id14,p200,True,True,0.9999971389770508,0.08778219092471458,0.0997992753982544
id15|p200,infu_aes2,id15,p200,True,True,0.999982476234436,0.10853977650058724,0.09105110168457031
