cell,method,iid,pid,image_found,face_detected_facenet,det_prob_facenet,face_frac_facenet,id_loss_facenet
id01|p001,pulid,id01,p001,True,True,0.9999992847442627,0.07394705599945445,0.1735398769378662
id02|p001,pulid,id02,p001,True,True,0.999997615814209,0.07010800965834862,0.10688185691833496
id03|p001,pulid,id03,p001,True,True,0.9999862909317017,0.06464792091850757,0.09082520008087158
id04|p001,pulid,id04,p001,True,True,0.9999948740005493,0.10451706175037409,0.08994722366333008
id05|p001,pulid,id05,p001,True,True,0.999988317489624,0.09111712708471276,0.13538777828216553
id06|p001,pulid,id06,p001,True,True,0.9999998807907104,0.062398264650482815,0.11406087875366211
id07|p001,pulid,id07,p001,True,True,0.9998887777328491,0.07820529916824837,0.11145132780075073
id08|p001,pulid,id08,p001,True,True,0.99998939037323,0.08038087803605143,0.11788392066955566
id01|p002,pulid,id01,p002,True,True,1.0,0.18218299266945723,0.23844730854034424
id02|p002,pulid,id02,p002,True,True,0.9997923970222473,0.05147688948313453,0.12559115886688232
id03|p002,pulid,id03,p002,True,True,0.9989851117134094,0.18668224754055476,0.1341124176979065
id04|p002,pulid,id04,p002,True,True,0.9999955892562866,0.1361692322147038,0.10436022281646729
id05|p002,pulid,id05,p002,True,True,0.9998996257781982,0.07813432859570134,0.13733237981796265
id06|p002,pulid,id06,p002,True,True,0.9999996423721313,0.1655603005679321,0.11978459358215332
id07|p002,pulid,id07,p002,True,True,0.9997759461402893,0.10392992199617035,0.1311700940132141
id08|p002,pulid,id08,p002,True,True,0.9999985694885254,0.15637883124705554,0.21082961559295654
id01|p003,pulid,id01,p003,True,False,,,
id02|p003,pulid,id02,p003,True,False,,,
id03|p003,pulid,id03,p003,True,False,,,
id04|p003,pulid,id04,p003,True,True,1.0,0.00985664652396309,0.08761394023895264
id05|p003,pulid,id05,p003,True,True,0.7073002457618713,0.00899159572804539,0.9040576964616776
id06|p003,pulid,id06,p003,True,True,0.7904443740844727,0.0006841847941056282,1.0309176556766033
id07|p003,pulid,id07,p003,True,True,0.9995579123497009,0.0017824662272547065,1.0601033493876457
id08|p003,pulid,id08,p003,True,False,,,
id01|p004,pulid,id01,p004,True,True,0.9999822378158569,0.5595037151798343,0.17281699180603027
id02|p004,pulid,id02,p004,True,True,0.9999998807907104,0.5507793742960416,0.13069117069244385
id03|p004,pulid,id03,p004,True,True,0.9999663829803467,0.6120487738267434,0.11856818199157715
id04|p004,pulid,id04,p004,True,True,0.9998249411582947,0.306303009557557,0.11889219284057617
id05|p004,pulid,id05,p004,True,True,0.9999994039535522,0.37034779966191245,0.16252756118774414
id06|p004,pulid,id06,p004,True,True,0.9998729228973389,0.34850584893099973,0.14965105056762695
id07|p004,pulid,id07,p004,True,True,0.999998927116394,0.7480939680004637,0.19701778888702393
id08|p004,pulid,id08,p004,True,True,0.9999779462814331,0.5935437007064523,0.22261440753936768
id01|p005,pulid,id01,p005,True,True,0.9997648596763611,0.037597316404397715,0.2099078893661499
id02|p005,pulid,id02,p005,True,False,,,
id03|p005,pulid,id03,p005,True,True,0.9999879598617554,0.020176072610845374,0.15507054328918457
id04|p005,pulid,id04,p005,True,True,0.9999985694885254,0.04769358962970982,0.07091265916824341
id05|p005,pulid,id05,p005,True,True,0.9999840259552002,0.04060245017533015,0.1784423589706421
id06|p005,pulid,id06,p005,True,True,0.999792754650116,0.04432371279378566,0.21012723445892334
id07|p005,pulid,id07,p005,True,True,0.9999525547027588,0.011275442903662437,0.44227272272109985
id08|p005,pulid,id08,p005,True,True,0.9999508857727051,0.01987559697963549,0.4152202606201172
id01|p006,pulid,id01,p006,True,True,0.9999911785125732,0.014767732520112051,0.1655091643333435
id02|p006,pulid,id02,p006,True,True,0.8375135660171509,0.01875067514372488,1.107255533337593
id03|p006,pulid,id03,p006,True,True,0.999998927116394,0.01417091581020443,0.08069634437561035
id04|p006,pulid,id04,p006,True,True,0.9999880790710449,0.009066352913046683,0.07623529434204102
id05|p006,pulid,id05,p006,True,True,1.0,0.005937452450655809,0.16866135597229004
id06|p006,pulid,id06,p006,True,True,0.9999823570251465,0.014503067118817449,0.1714574694633484
id07|p006,pulid,id07,p006,True,True,0.9996868371963501,0.008501738444360647,0.18144798278808594
id08|p006,pulid,id08,p006,True,True,0.9996744394302368,0.01600396028295947,0.11174720525741577
id01|p007,pulid,id01,p007,True,True,0.9999998807907104,0.064681316648787,0.18790531158447266
id02|p007,pulid,id02,p007,True,True,0.9999969005584717,0.13772821133125548,0.13024193048477173
id03|p007,pulid,id03,p007,True,True,0.9999833106994629,0.11279602292791016,0.09203982353210449
id04|p007,pulid,id04,p007,True,True,0.9999761581420898,0.12130144265811002,0.0917477011680603
id05|p007,pulid,id05,p007,True,True,0.9999817609786987,0.13033462611980182,0.16707658767700195
id06|p007,pulid,id06,p007,True,True,0.9999983310699463,0.15449554689505315,0.13183903694152832
id07|p007,pulid,id07,p007,True,True,0.9997394680976868,0.12301568128317639,0.1350688934326172
id08|p007,pulid,id08,p007,True,True,0.9991400241851807,0.09638527407985377,0.1654074788093567
id01|p008,pulid,id01,p008,True,False,,,
id02|p008,pulid,id02,p008,True,True,0.9999979734420776,0.0926965975820472,0.12765532732009888
id03|p008,pulid,id03,p008,True,False,,,
id04|p008,pulid,id04,p008,True,False,,,
id05|p008,pulid,id05,p008,True,False,,,
id06|p008,pulid,id06,p008,True,True,0.9999971389770508,0.12246946918984494,0.1603996753692627
id07|p008,pulid,id07,p008,True,False,,,
id08|p008,pulid,id08,p008,True,False,,,
id01|p009,pulid,id01,p009,True,False,,,
id02|p009,pulid,id02,p009,True,True,0.9999998807907104,0.005649769527653429,0.10578757524490356
id03|p009,pulid,id03,p009,True,True,0.9999933242797852,0.004889222905916196,0.15027618408203125
id04|p009,pulid,id04,p009,True,True,0.9999998807907104,0.00877959392225445,0.0802847146987915
id05|p009,pulid,id05,p009,True,True,0.9999988079071045,0.0049039493469535955,0.12503576278686523
id06|p009,pulid,id06,p009,True,True,0.9999992847442627,0.005125388893241324,0.16949385404586792
id07|p009,pulid,id07,p009,True,True,0.9999860525131226,0.007446542697389567,0.14336764812469482
id08|p009,pulid,id08,p009,True,True,0.9998600482940674,0.010221998587856737,0.2352135181427002
id01|p010,pulid,id01,p010,True,True,0.9999998807907104,0.034703325206691234,0.14865374565124512
id02|p010,pulid,id02,p010,True,True,0.999995231628418,0.019846777397571094,0.10818946361541748
id03|p010,pulid,id03,p010,True,True,0.9999758005142212,0.041059913442617474,0.1198955774307251
id04|p010,pulid,id04,p010,True,True,0.9999897480010986,0.02245442238495811,0.1069413423538208
id05|p010,pulid,id05,p010,True,True,0.9999974966049194,0.026447189968739286,0.48437929153442383
id06|p010,pulid,id06,p010,True,True,0.9999932050704956,0.03249901035796344,0.10578137636184692
id07|p010,pulid,id07,p010,True,True,0.9999825954437256,0.028418960546506566,0.1291261911392212
id08|p010,pulid,id08,p010,True,True,0.9997314810752869,0.015482957963143215,0.152243971824646
id01|p011,pulid,id01,p011,True,True,0.9999327659606934,0.02573443211190071,0.2845572233200073
id02|p011,pulid,id02,p011,True,True,0.9998030066490173,0.028754433103531783,0.2379469871520996
id03|p011,pulid,id03,p011,True,True,0.9999843835830688,0.03311523343472426,0.12266910076141357
id04|p011,pulid,id04,p011,True,True,0.9999994039535522,0.027954456297771282,0.13791263103485107
id05|p011,pulid,id05,p011,True,True,0.999365508556366,0.01783562610657897,0.5828366279602051
id06|p011,pulid,id06,p011,True,True,0.994284451007843,0.03370631081139546,0.5641495287418365
id07|p011,pulid,id07,p011,True,True,0.9999992847442627,0.017116021935174856,0.47277748584747314
id08|p011,pulid,id08,p011,True,True,0.9967696666717529,0.008626469925592361,0.7212731838226318
id01|p012,pulid,id01,p012,True,True,0.9999614953994751,0.06272565507852387,0.20283722877502441
id02|p012,pulid,id02,p012,True,True,0.803654670715332,0.038723975199589804,0.8604419529438019
id03|p012,pulid,id03,p012,True,True,0.9999971389770508,0.04398039626492339,0.08184307813644409
id04|p012,pulid,id04,p012,True,True,0.999993085861206,0.021899229211539004,0.09686613082885742
id05|p012,pulid,id05,p012,True,True,0.9999997615814209,0.032650507226469054,0.11132258176803589
id06|p012,pulid,id06,p012,True,True,0.9999834299087524,0.011694108725249761,0.12679362297058105
id07|p012,pulid,id07,p012,True,True,0.9997530579566956,0.04467986404620907,0.12207186222076416
id08|p012,pulid,id08,p012,True,True,0.9999083280563354,0.028617413809928185,0.17194795608520508
id01|p013,pulid,id01,p013,True,True,0.9999996423721313,0.1411177749340104,0.1898806095123291
id02|p013,pulid,id02,p013,True,True,1.0,0.2046760719178114,0.19334471225738525
id03|p013,pulid,id03,p013,True,True,0.9999868869781494,0.14952185940066337,0.12739050388336182
id04|p013,pulid,id04,p013,True,True,1.0,0.09909750565580297,0.1281353235244751
id05|p013,pulid,id05,p013,True,True,0.9999936819076538,0.1737497846676206,0.2212611436843872
id06|p013,pulid,id06,p013,True,True,0.9999886751174927,0.18602107686216007,0.11998867988586426
id07|p013,pulid,id07,p013,True,True,0.9999872446060181,0.039980489062747,0.14002060890197754
id08|p013,pulid,id08,p013,True,True,0.9999847412109375,0.09614514518654216,0.24661076068878174
id01|p014,pulid,id01,p014,True,False,,,
id02|p014,pulid,id02,p014,True,True,0.99988853931427,0.03475949989155601,0.14041006565093994
id03|p014,pulid,id03,p014,True,True,0.9999966621398926,0.035460635371021794,0.08247113227844238
id04|p014,pulid,id04,p014,True,True,0.9999972581863403,0.03510664876065069,0.10152566432952881
id05|p014,pulid,id05,p014,True,True,0.9999752044677734,0.050236843236058655,0.10291695594787598
id06|p014,pulid,id06,p014,True,True,0.9999983310699463,0.0426836596747356,0.14159518480300903
id07|p014,pulid,id07,p014,True,True,0.9999803304672241,0.04563347232395566,0.09275156259536743
id08|p014,pulid,id08,p014,True,True,0.9997277855873108,0.05235061991499509,0.16104567050933838
id01|p015,pulid,id01,p015,True,True,0.9999997615814209,0.028153964551690624,0.17809218168258667
id02|p015,pulid,id02,p015,True,True,0.9999972581863403,0.023153162029113612,0.10990309715270996
id03|p015,pulid,id03,p015,True,True,0.9997056126594543,0.030653540923592976,0.07843917608261108
id04|p015,pulid,id04,p015,True,True,0.9999788999557495,0.017256858090898317,0.09039771556854248
id05|p015,pulid,id05,p015,True,True,0.999991774559021,0.013227018963547896,0.24980437755584717
id06|p015,pulid,id06,p015,True,True,0.9999911785125732,0.004656866385361085,0.18610906600952148
id07|p015,pulid,id07,p015,True,True,0.99988853931427,0.018463352746308642,0.11121052503585815
id08|p015,pulid,id08,p015,True,True,0.999757707118988,0.04022499794860711,0.16787433624267578
id01|p016,pulid,id01,p016,True,True,0.999963641166687,0.15186360236412152,0.19581067562103271
id02|p016,pulid,id02,p016,True,True,0.9998039603233337,0.10548985969166501,0.15258699655532837
id03|p016,pulid,id03,p016,True,True,0.9999996423721313,0.13958497172842943,0.06933528184890747
id04|p016,pulid,id04,p016,True,True,0.9996269941329956,0.13490003613232748,0.08049213886260986
id05|p016,pulid,id05,p016,True,True,0.9999980926513672,0.20216306439862852,0.13472133874893188
id06|p016,pulid,id06,p016,True,True,1.0,0.15152034280644341,0.09526938199996948
id07|p016,pulid,id07,p016,True,True,0.9999980926513672,0.10158517141882219,0.11621969938278198
id08|p016,pulid,id08,p016,True,True,0.9999790191650391,0.09776032757727005,0.20854735374450684
id01|p017,pulid,id01,p017,True,True,0.9994403719902039,0.12053495122435921,0.1735941767692566
id02|p017,pulid,id02,p017,True,False,,,
id03|p017,pulid,id03,p017,True,True,0.9999899864196777,0.027696546637360844,0.10626673698425293
id04|p017,pulid,id04,p017,True,True,0.9992600083351135,0.04319240071748545,0.08909392356872559
id05|p017,pulid,id05,p017,True,True,0.9999994039535522,0.09576345589351691,0.17233943939208984
id06|p017,pulid,id06,p017,True,True,0.9999890327453613,0.04429548614093276,0.28839367628097534
id07|p017,pulid,id07,p017,True,True,0.9999911785125732,0.02446557367537478,0.40937089920043945
id08|p017,pulid,id08,p017,True,True,0.9999263286590576,0.034738017673303784,0.44598710536956787
id01|p018,pulid,id01,p018,True,True,0.9999738931655884,0.005238258383360891,0.1568065881729126
id02|p018,pulid,id02,p018,True,True,0.9999994039535522,0.0033493016922396465,0.16919809579849243
id03|p018,pulid,id03,p018,True,True,0.999881386756897,0.0051258797258013095,0.13410985469818115
id04|p018,pulid,id04,p018,True,True,0.9999986886978149,0.006667688064372209,0.08467364311218262
id05|p018,pulid,id05,p018,True,True,1.0,0.006064331548966745,0.10415196418762207
id06|p018,pulid,id06,p018,True,True,0.9999699592590332,0.00959556627791476,0.11143052577972412
id07|p018,pulid,id07,p018,True,True,0.9999279975891113,0.005071108607630346,0.18821746110916138
id08|p018,pulid,id08,p018,True,True,0.9999915361404419,0.005985726629976145,0.22569459676742554
id01|p019,pulid,id01,p019,True,True,0.9999960660934448,0.11875884288063898,0.1823117733001709
id02|p019,pulid,id02,p019,True,True,0.9999992847442627,0.12048416873874983,0.1427019238471985
id03|p019,pulid,id03,p019,True,True,0.9999699592590332,0.2332788784329234,0.09243416786193848
id04|p019,pulid,id04,p019,True,True,0.9999791383743286,0.15025549019913495,0.08751583099365234
id05|p019,pulid,id05,p019,True,True,0.9995496869087219,0.17450270260231568,0.18153679370880127
id06|p019,pulid,id06,p019,True,True,1.0,0.21983374866471428,0.15379059314727783
id07|p019,pulid,id07,p019,True,True,0.999994158744812,0.1333227826226611,0.07970297336578369
id08|p019,pulid,id08,p019,True,True,0.9999966621398926,0.18709422334662706,0.26994097232818604
id01|p020,pulid,id01,p020,True,True,0.9999998807907104,0.2574708897783724,0.23203253746032715
id02|p020,pulid,id02,p020,True,True,0.9999964237213135,0.07235505438123052,0.11121737957000732
id03|p020,pulid,id03,p020,True,True,0.9999879598617554,0.06966298894269678,0.07837569713592529
id04|p020,pulid,id04,p020,True,True,0.9999563694000244,0.1016089397416136,0.08900082111358643
id05|p020,pulid,id05,p020,True,True,1.0,0.15807609066772796,0.11005938053131104
id06|p020,pulid,id06,p020,True,True,0.9999998807907104,0.1049646056277186,0.10231578350067139
id07|p020,pulid,id07,p020,True,True,0.9999982118606567,0.10800946892182285,0.1075582504272461
id08|p020,pulid,id08,p020,True,True,0.9992296695709229,0.12989164262574615,0.20264697074890137
id01|p021,pulid,id01,p021,True,True,0.999997615814209,0.006801334892090434,0.18880409002304077
id02|p021,pulid,id02,p021,True,True,0.7109318971633911,0.004772209276770547,0.6311033070087433
id03|p021,pulid,id03,p021,True,True,0.9998961687088013,0.0024375453152363966,0.19863265752792358
id04|p021,pulid,id04,p021,True,True,0.9999943971633911,0.003972482393591135,0.09878170490264893
id05|p021,pulid,id05,p021,True,False,,,
id06|p021,pulid,id06,p021,True,True,0.7893239855766296,0.00030034898562170397,0.9711313843727112
id07|p021,pulid,id07,p021,True,True,0.802588939666748,0.0004260546460904556,1.103946015238762
id08|p021,pulid,id08,p021,True,True,0.9999481439590454,0.003907596853247546,0.31301021575927734
id01|p022,pulid,id01,p022,True,True,0.9999998807907104,0.10977249000972861,0.16177725791931152
id02|p022,pulid,id02,p022,True,True,0.9999887943267822,0.13291201125820007,0.13692069053649902
id03|p022,pulid,id03,p022,True,True,0.9988738894462585,0.11063451824982176,0.0713508129119873
id04|p022,pulid,id04,p022,True,True,0.9997047781944275,0.11931704953599317,0.07082504034042358
id05|p022,pulid,id05,p022,True,True,0.9999696016311646,0.10129249780666888,0.13976514339447021
id06|p022,pulid,id06,p022,True,True,0.9999991655349731,0.08386654143562479,0.1101372241973877
id07|p022,pulid,id07,p022,True,True,0.9998775720596313,0.0695885408888874,0.10509920120239258
id08|p022,pulid,id08,p022,True,True,0.9999234676361084,0.09424184922497744,0.1774148941040039
id01|p023,pulid,id01,p023,True,False,,,
id02|p023,pulid,id02,p023,True,True,0.9998243451118469,0.04234673130593275,0.07394200563430786
id03|p023,pulid,id03,p023,True,True,0.9999992847442627,0.05709036282926619,0.1242111325263977
id04|p023,pulid,id04,p023,True,True,0.9998729228973389,0.056048116754134104,0.055469810962677
id05|p023,pulid,id05,p023,True,False,,,
id06|p023,pulid,id06,p023,True,True,0.9999983310699463,0.04615150918883124,0.11202287673950195
id07|p023,pulid,id07,p023,True,False,,,
id08|p023,pulid,id08,p023,True,False,,,
id01|p024,pulid,id01,p024,True,True,0.9999998807907104,0.04623229144447488,0.16020792722702026
id02|p024,pulid,id02,p024,True,True,0.9999847412109375,0.02383251044759365,0.09169125556945801
id03|p024,pulid,id03,p024,True,True,0.9999939203262329,0.01998670477548701,0.12412583827972412
id04|p024,pulid,id04,p024,True,True,0.9999638795852661,0.026385181913232702,0.13056349754333496
id05|p024,pulid,id05,p024,True,True,0.9999998807907104,0.030193028680416296,0.1172592043876648
id06|p024,pulid,id06,p024,True,True,0.9998465776443481,0.03499477733834593,0.16442787647247314
id07|p024,pulid,id07,p024,True,True,0.9999905824661255,0.03708850796398698,0.1776944398880005
id08|p024,pulid,id08,p024,True,True,0.999976634979248,0.03661750610208606,0.17369258403778076
id01|p025,pulid,id01,p025,True,True,0.9999403953552246,0.19694928414075244,0.20979654788970947
id02|p025,pulid,id02,p025,True,True,0.9999983310699463,0.15353864244044452,0.1253412961959839
id03|p025,pulid,id03,p025,True,True,0.9999603033065796,0.19707480430856458,0.16765964031219482
id04|p025,pulid,id04,p025,True,True,0.9999985694885254,0.10553968785322389,0.13309359550476074
id05|p025,pulid,id05,p025,True,True,0.9999997615814209,0.15409531502816962,0.1681644320487976
id06|p025,pulid,id06,p025,True,True,0.9999998807907104,0.15525647422138789,0.1471233367919922
id07|p025,pulid,id07,p025,True,True,0.9999979734420776,0.047682681801460576,0.1328907012939453
id08|p025,pulid,id08,p025,True,True,0.9996285438537598,0.15107822456576445,0.22143161296844482
id01|p026,pulid,id01,p026,True,True,0.9999998807907104,0.2157353853213248,0.18259650468826294
id02|p026,pulid,id02,p026,True,True,0.999968409538269,0.1201299250212054,0.12548017501831055
id03|p026,pulid,id03,p026,True,True,0.9999982118606567,0.15979651673014691,0.07337784767150879
id04|p026,pulid,id04,p026,True,True,0.999951958656311,0.12401330060733196,0.0923265814781189
id05|p026,pulid,id05,p026,True,True,0.9999794960021973,0.11945008239864466,0.11594891548156738
id06|p026,pulid,id06,p026,True,True,0.9999990463256836,0.16039917627736985,0.13006186485290527
id07|p026,pulid,id07,p026,True,True,0.9999936819076538,0.08276306847633602,0.10503524541854858
id08|p026,pulid,id08,p026,True,True,0.9999359846115112,0.24567707525966398,0.20362800359725952
id01|p027,pulid,id01,p027,True,True,0.9999998807907104,0.0015357188501330251,0.38827407360076904
id02|p027,pulid,id02,p027,True,True,0.9898714423179626,0.0009712356177541226,0.9845204427838326
id03|p027,pulid,id03,p027,True,True,0.9999911785125732,0.002352905154339169,0.2174784541130066
id04|p027,pulid,id04,p027,True,True,0.9999865293502808,0.0010468656738665254,0.4632234573364258
id05|p027,pulid,id05,p027,True,True,0.9999994039535522,0.0021256159538333356,0.23255681991577148
id06|p027,pulid,id06,p027,True,True,0.9999909400939941,0.0007474095367527938,0.8844105675816536
id07|p027,pulid,id07,p027,True,True,0.9997735619544983,0.0007976005953163614,0.619380533695221
id08|p027,pulid,id08,p027,True,True,0.9994677901268005,0.0013138158654332178,0.6586847007274628
id01|p028,pulid,id01,p028,True,True,0.9999998807907104,0.1536935901946325,0.1716465950012207
id02|p028,pulid,id02,p028,True,True,0.999988317489624,0.08000890451649612,0.11138999462127686
id03|p028,pulid,id03,p028,True,True,0.9999957084655762,0.04504805522398705,0.08367139101028442
id04|p028,pulid,id04,p028,True,True,0.9999980926513672,0.0833128451256162,0.11461418867111206
id05|p028,pulid,id05,p028,True,True,0.9999616146087646,0.056487343839006575,0.10233205556869507
id06|p028,pulid,id06,p028,True,True,0.9999998807907104,0.06436383090074764,0.1005932092666626
id07|p028,pulid,id07,p028,True,True,0.9998900890350342,0.11847807347762046,0.09082281589508057
id08|p028,pulid,id08,p028,True,True,0.9998229146003723,0.09135781055315588,0.14445728063583374
id01|p029,pulid,id01,p029,True,True,0.9999690055847168,0.038960145369099995,0.2533167600631714
id02|p029,pulid,id02,p029,True,True,0.9997377991676331,0.05438361345452384,0.13493168354034424
id03|p029,pulid,id03,p029,True,True,0.9999239444732666,0.037304536346095186,0.11271452903747559
id04|p029,pulid,id04,p029,True,True,0.9996325969696045,0.028531740305212643,0.09261107444763184
id05|p029,pulid,id05,p029,True,True,0.9999997615814209,0.032926423224351256,0.12858617305755615
id06|p029,pulid,id06,p029,True,True,0.999534010887146,0.05119064146587439,0.4099867343902588
id07|p029,pulid,id07,p029,True,True,0.9998676776885986,0.03187520899830819,0.10345393419265747
id08|p029,pulid,id08,p029,True,True,0.9999951124191284,0.029490446401173414,0.20430994033813477
id01|p030,pulid,id01,p030,True,False,,,
id02|p030,pulid,id02,p030,True,False,,,
id03|p030,pulid,id03,p030,True,False,,,
id04|p030,pulid,id04,p030,True,False,,,
id05|p030,pulid,id05,p030,True,False,,,
id06|p030,pulid,id06,p030,True,False,,,
id07|p030,pulid,id07,p030,True,False,,,
id08|p030,pulid,id08,p030,True,False,,,
id01|p031,pulid,id01,p031,True,True,0.9999997615814209,0.05812445718463213,0.15054655075073242
id02|p031,pulid,id02,p031,True,True,0.9999434947967529,0.029200669944196123,0.0855633020401001
id03|p031,pulid,id03,p031,True,True,0.9999819993972778,0.01106330250715956,0.09173941612243652
id04|p031,pulid,id04,p031,True,True,0.9999958276748657,0.058978783286891955,0.06918871402740479
id05|p031,pulid,id05,p031,True,True,0.9999997615814209,0.011143537007583684,0.1722041368484497
id06|p031,pulid,id06,p031,True,True,1.0,0.0443670429490758,0.10932809114456177
id07|p031,pulid,id07,p031,True,True,0.9990652203559875,0.0407521144740171,0.0953296422958374
id08|p031,pulid,id08,p031,True,True,0.9998118281364441,0.053023302450375565,0.16498279571533203
id01|p032,pulid,id01,p032,True,True,0.9999986886978149,0.014135431823297321,0.24054449796676636
id02|p032,pulid,id02,p032,True,True,0.9999874830245972,0.04231907647787617,0.1577405333518982
id03|p032,pulid,id03,p032,True,True,0.98014235496521,0.0381787353597737,0.2755810022354126
id04|p032,pulid,id04,p032,True,True,0.9999802112579346,0.031517736129998926,0.07679617404937744
id05|p032,pulid,id05,p032,True,True,1.0,0.02147947972237792,0.1324843168258667
id06|p032,pulid,id06,p032,True,True,0.9290940165519714,0.07396651625247173,1.2349948287010193
id07|p032,pulid,id07,p032,True,True,0.9999966621398926,0.045793154559861354,0.1694468855857849
id08|p032,pulid,id08,p032,True,True,0.9998258948326111,0.019745667816723017,0.2311684489250183
id01|p033,pulid,id01,p033,True,True,0.9999605417251587,0.018427404450278805,0.1480027437210083
id02|p033,pulid,id02,p033,True,True,0.9999923706054688,0.017124802574585842,0.10334336757659912
id03|p033,pulid,id03,p033,True,True,0.99998939037323,0.017085241225305504,0.11568272113800049
id04|p033,pulid,id04,p033,True,True,0.9999818801879883,0.03370003099219806,0.0676531195640564
id05|p033,pulid,id05,p033,True,True,0.9999994039535522,0.01621730541703275,0.15001779794692993
id06|p033,pulid,id06,p033,True,True,0.9999964237213135,0.014171631555814107,0.1461319923400879
id07|p033,pulid,id07,p033,True,True,0.9997290968894958,0.05524604655879501,0.10722702741622925
id08|p033,pulid,id08,p033,True,True,0.9999935626983643,0.023994499107696864,0.15859365463256836
id01|p034,pulid,id01,p034,True,True,0.9999992847442627,0.03173030382366747,0.13651525974273682
id02|p034,pulid,id02,p034,True,True,0.9996902942657471,0.022942913259219405,0.11064755916595459
id03|p034,pulid,id03,p034,True,True,0.9999066591262817,0.025846971000706008,0.04833143949508667
id04|p034,pulid,id04,p034,True,True,0.9998205304145813,0.026028086156454973,0.07541847229003906
id05|p034,pulid,id05,p034,True,True,0.9999998807907104,0.017616474125611323,0.1215282678604126
id06|p034,pulid,id06,p034,True,True,0.9999780654907227,0.02529823279637864,0.12244617938995361
id07|p034,pulid,id07,p034,True,True,0.9998592138290405,0.021731766132071232,0.11438846588134766
id08|p034,pulid,id08,p034,True,True,0.9999692440032959,0.048668243401343604,0.16199195384979248
id01|p035,pulid,id01,p035,True,True,0.9999010562896729,0.5230182706636185,0.23357880115509033
id02|p035,pulid,id02,p035,True,True,0.9999972581863403,0.6726899212102972,0.2106955647468567
id03|p035,pulid,id03,p035,True,True,0.9999927282333374,0.3618446952389664,0.11414647102355957
id04|p035,pulid,id04,p035,True,True,0.9999868869781494,0.386467163057503,0.09614646434783936
id05|p035,pulid,id05,p035,True,True,0.9999978542327881,0.3570261508540404,0.19484788179397583
id06|p035,pulid,id06,p035,True,True,0.9999997615814209,0.485197405929638,0.18913114070892334
id07|p035,pulid,id07,p035,True,True,0.9999774694442749,0.4724419292275678,0.17503482103347778
id08|p035,pulid,id08,p035,True,True,0.9999730587005615,0.31065214933503876,0.1942671537399292
id01|p036,pulid,id01,p036,True,True,0.9999905824661255,0.01794661419704246,0.18199652433395386
id02|p036,pulid,id02,p036,True,True,0.9998800754547119,0.042416404354899434,0.14349675178527832
id03|p036,pulid,id03,p036,True,True,0.9997367262840271,0.030962786964793827,0.06350517272949219
id04|p036,pulid,id04,p036,True,True,0.9999934434890747,0.03550189343175761,0.08961719274520874
id05|p036,pulid,id05,p036,True,True,0.9999998807907104,0.019282645421569978,0.12290269136428833
id06|p036,pulid,id06,p036,True,True,0.9999922513961792,0.02859541375386594,0.11474359035491943
id07|p036,pulid,id07,p036,True,True,0.9999934434890747,0.018099435301584997,0.3302270770072937
id08|p036,pulid,id08,p036,True,True,0.9984862804412842,0.0282922114687535,0.14760029315948486
id01|p037,pulid,id01,p037,True,True,0.9999994039535522,0.03510156824137803,0.16499531269073486
id02|p037,pulid,id02,p037,True,True,0.9999998807907104,0.044200430612543216,0.13238525390625
id03|p037,pulid,id03,p037,True,True,1.0,0.035067596008452204,0.09809660911560059
id04|p037,pulid,id04,p037,True,True,0.999963641166687,0.053550824763494154,0.07154601812362671
id05|p037,pulid,id05,p037,True,True,0.9981750249862671,0.0276622985056747,0.49922144412994385
id06|p037,pulid,id06,p037,True,True,0.999822199344635,0.05214183101289085,0.1277483105659485
id07|p037,pulid,id07,p037,True,True,0.9997125267982483,0.024891294884318883,0.14140915870666504
id08|p037,pulid,id08,p037,True,True,0.9999994039535522,0.04426888921191436,0.2782268524169922
id01|p038,pulid,id01,p038,True,True,0.998279333114624,0.6052291539477735,0.27737927436828613
id02|p038,pulid,id02,p038,True,True,0.9999926090240479,0.2241637989660217,0.09025633335113525
id03|p038,pulid,id03,p038,True,True,0.9997519850730896,0.3058059628456249,0.3903104066848755
id04|p038,pulid,id04,p038,True,True,0.9999904632568359,0.2901750188454076,0.11393845081329346
id05|p038,pulid,id05,p038,True,True,0.9999514818191528,0.6664434953036745,0.2874777913093567
id06|p038,pulid,id06,p038,True,True,0.9993517994880676,0.39722291367663,0.18093490600585938
id07|p038,pulid,id07,p038,True,True,0.999996542930603,0.25347768095116596,0.11983919143676758
id08|p038,pulid,id08,p038,True,True,0.9998652935028076,0.47988424846375705,0.3918178081512451
id01|p039,pulid,id01,p039,True,True,0.8674256205558777,0.00289203149048921,0.7676907181739807
id02|p039,pulid,id02,p039,True,True,0.9999959468841553,0.00581580235785125,0.595403641462326
id03|p039,pulid,id03,p039,True,True,0.881837785243988,0.0023216588513473597,0.826932430267334
id04|p039,pulid,id04,p039,True,True,0.9487608075141907,0.013924609116258332,0.9813812486827374
id05|p039,pulid,id05,p039,True,True,0.9909752011299133,0.013860717621153325,1.0959317088127136
id06|p039,pulid,id06,p039,True,True,0.9996028542518616,0.003612117521817424,1.0954420566558838
id07|p039,pulid,id07,p039,True,True,0.8910962343215942,0.005727382969330991,1.069208599627018
id08|p039,pulid,id08,p039,True,True,0.7636503577232361,0.006557399968793713,0.8424907177686691
id01|p040,pulid,id01,p040,True,True,0.9999918937683105,0.016458721154892893,0.18125760555267334
id02|p040,pulid,id02,p040,True,True,0.9998358488082886,0.031524570678157816,0.11477208137512207
id03|p040,pulid,id03,p040,True,True,0.9999998807907104,0.020237371074208456,0.10162264108657837
id04|p040,pulid,id04,p040,True,True,1.0,0.0152848803156636,0.08994936943054199
id05|p040,pulid,id05,p040,True,True,1.0,0.0327770024523507,0.10613930225372314
id06|p040,pulid,id06,p040,True,True,0.9999949932098389,0.013880735358108855,0.09344923496246338
id07|p040,pulid,id07,p040,True,True,0.9996880292892456,0.009015588925769123,0.12713629007339478
id08|p040,pulid,id08,p040,True,True,0.9996943473815918,0.03799755595608435,0.14161813259124756
id01|p041,pulid,id01,p041,True,True,0.9999953508377075,0.12274498029961595,0.23069512844085693
id02|p041,pulid,id02,p041,True,True,0.9999990463256836,0.23883580940592866,0.11172127723693848
id03|p041,pulid,id03,p041,True,True,0.9999995231628418,0.12434991981846041,0.11246699094772339
id04|p041,pulid,id04,p041,True,True,0.9999997615814209,0.11100991521469175,0.08608174324035645
id05|p041,pulid,id05,p041,True,True,0.9999916553497314,0.10656406533164248,0.16575169563293457
id06|p041,pulid,id06,p041,True,True,0.9999850988388062,0.18622400768007924,0.12668061256408691
id07|p041,pulid,id07,p041,True,True,0.9998553991317749,0.1998090638302231,0.13244295120239258
id08|p041,pulid,id08,p041,True,True,0.9995585083961487,0.15709578252412779,0.18055200576782227
id01|p042,pulid,id01,p042,True,True,0.9999996423721313,0.006949392020567255,0.17867279052734375
id02|p042,pulid,id02,p042,True,True,0.9997875094413757,0.0011446899250497336,0.6760889291763306
id03|p042,pulid,id03,p042,True,False,,,
id04|p042,pulid,id04,p042,True,False,,,
id05|p042,pulid,id05,p042,True,True,0.913446843624115,0.0004917630655435696,0.9544119462370872
id06|p042,pulid,id06,p042,True,False,,,
id07|p042,pulid,id07,p042,True,True,0.9999754428863525,0.0029840743145513565,0.2797148823738098
id08|p042,pulid,id08,p042,True,False,,,
id01|p043,pulid,id01,p043,True,True,1.0,0.05877617109077888,0.1624649167060852
id02|p043,pulid,id02,p043,True,True,0.9995785355567932,0.03806219338489034,0.08718401193618774
id03|p043,pulid,id03,p043,True,True,0.9999138116836548,0.0602958244348375,0.2440224289894104
id04|p043,pulid,id04,p043,True,True,0.8310392498970032,0.0026577914976780763,1.0340081453323364
id05|p043,pulid,id05,p043,True,True,0.9999939203262329,0.0537361841548331,0.20373982191085815
id06|p043,pulid,id06,p043,True,True,0.7027215361595154,0.0013918858683445187,1.1034887805581093
id07|p043,pulid,id07,p043,True,True,0.9477490186691284,0.04687163821878745,0.5634299218654633
id08|p043,pulid,id08,p043,True,True,0.711607813835144,0.0073399036985022205,0.8173989802598953
id01|p044,pulid,id01,p044,True,True,0.9999798536300659,0.15115292443522416,0.1761026382446289
id02|p044,pulid,id02,p044,True,True,0.9997230172157288,0.11468878212186318,0.11789059638977051
id03|p044,pulid,id03,p044,True,True,0.9997615218162537,0.0975257034757996,0.093655526638031
id04|p044,pulid,id04,p044,True,True,0.9999997615814209,0.10735010099463096,0.0863499641418457
id05|p044,pulid,id05,p044,True,True,0.9999502897262573,0.14202678940917418,0.17936933040618896
id06|p044,pulid,id06,p044,True,True,0.9999932050704956,0.08582644492716522,0.1376183032989502
id07|p044,pulid,id07,p044,True,True,0.9999836683273315,0.09931435697464075,0.10842782258987427
id08|p044,pulid,id08,p044,True,True,0.9977589845657349,0.09866114620262285,0.21972203254699707
id01|p045,pulid,id01,p045,True,True,0.9999998807907104,0.00671864189030296,0.21260440349578857
id02|p045,pulid,id02,p045,True,True,0.9999730587005615,0.010064869934256893,0.13425779342651367
id03|p045,pulid,id03,p045,True,True,0.9999997615814209,0.003631376677093025,0.10342466831207275
id04|p045,pulid,id04,p045,True,True,0.9999889135360718,0.007264295821535339,0.09842848777770996
id05|p045,pulid,id05,p045,True,True,0.9580113291740417,0.01242789306278621,0.6805135905742645
id06|p045,pulid,id06,p045,True,True,0.9999998807907104,0.01913407488284604,0.13647806644439697
id07|p045,pulid,id07,p045,True,True,0.9999927282333374,0.004227482380058602,0.1486603021621704
id08|p045,pulid,id08,p045,True,True,0.9999045133590698,0.007640629242764084,0.22472238540649414
id01|p046,pulid,id01,p046,True,True,0.9997801184654236,0.03100634298857866,0.3924189805984497
id02|p046,pulid,id02,p046,True,True,0.9998291730880737,0.03082305963380256,0.11698246002197266
id03|p046,pulid,id03,p046,True,True,0.9999997615814209,0.03199779251843121,0.11621147394180298
id04|p046,pulid,id04,p046,True,True,0.999991774559021,0.030174315624341117,0.08879399299621582
id05|p046,pulid,id05,p046,True,True,0.999967098236084,0.052346161807135,0.1272740364074707
id06|p046,pulid,id06,p046,True,True,0.9999858140945435,0.023139363770960025,0.26741260290145874
id07|p046,pulid,id07,p046,True,True,0.9999983310699463,0.05259705442799882,0.13014769554138184
id08|p046,pulid,id08,p046,True,True,0.9999958276748657,0.02742505815516135,0.2322016954421997
id01|p047,pulid,id01,p047,True,True,0.9999961853027344,0.07993882293571578,0.20681142807006836
id02|p047,pulid,id02,p047,True,True,0.9998162388801575,0.024730704410356137,0.12341040372848511
id03|p047,pulid,id03,p047,True,True,0.9999926090240479,0.031277681434423,0.11967772245407104
id04|p047,pulid,id04,p047,True,True,0.9999006986618042,0.02215349150602648,0.09526288509368896
id05|p047,pulid,id05,p047,True,True,0.9999819993972778,0.02236739561447163,0.1369922161102295
id06|p047,pulid,id06,p047,True,True,0.9999918937683105,0.04066061163310106,0.10476982593536377
id07|p047,pulid,id07,p047,True,True,0.9999997615814209,0.017677059222861585,0.47579658031463623
id08|p047,pulid,id08,p047,True,True,0.9998815059661865,0.047311175536608116,0.2074437141418457
id01|p048,pulid,id01,p048,True,True,0.9999051094055176,0.08692284099383017,0.21678650379180908
id02|p048,pulid,id02,p048,True,True,0.9998112320899963,0.09739552700695833,0.22779881954193115
id03|p048,pulid,id03,p048,True,True,0.999977707862854,0.07564681322299446,0.31058377027511597
id04|p048,pulid,id04,p048,True,True,0.999997615814209,0.06321060262972712,0.2651256322860718
id05|p048,pulid,id05,p048,True,True,0.9999884366989136,0.08307895008217675,0.328305721282959
id06|p048,pulid,id06,p048,True,True,0.9990420937538147,0.10150324575822314,0.5110748112201691
id07|p048,pulid,id07,p048,True,True,1.0,0.06062933118639957,0.24076712131500244
id08|p048,pulid,id08,p048,True,True,0.9999532699584961,0.09413495897150723,0.42153823375701904
id01|p049,pulid,id01,p049,True,True,0.9999750852584839,0.00593864700690181,0.20520776510238647
id02|p049,pulid,id02,p049,True,False,,,
id03|p049,pulid,id03,p049,True,True,1.0,0.007194040413471584,0.10702311992645264
id04|p049,pulid,id04,p049,True,True,0.898991584777832,0.04214800349910985,1.2402665317058563
id05|p049,pulid,id05,p049,True,True,0.9999998807907104,0.0065196251676208,0.17219668626785278
id06|p049,pulid,id06,p049,True,True,0.9999998807907104,0.009174937099923612,0.1279207468032837
id07|p049,pulid,id07,p049,True,True,0.9999579191207886,0.007018719439862559,0.14897441864013672
id08|p049,pulid,id08,p049,True,True,0.9999489784240723,0.004123521825727694,0.27469414472579956
id01|p050,pulid,id01,p050,True,True,0.9999755620956421,0.29106157757491213,0.21632933616638184
id02|p050,pulid,id02,p050,True,True,0.9999964237213135,0.3430597832837255,0.20546185970306396
id03|p050,pulid,id03,p050,True,True,0.9999995231628418,0.4880782008928622,0.10433304309844971
id04|p050,pulid,id04,p050,True,False,,,
id05|p050,pulid,id05,p050,True,True,0.9999955892562866,0.2381205814561143,0.19578617811203003
id06|p050,pulid,id06,p050,True,True,0.9999998807907104,0.40326501075532956,0.25668853521347046
id07|p050,pulid,id07,p050,True,False,,,
id08|p050,pulid,id08,p050,True,True,0.9999986886978149,0.3736287091819525,0.41319334506988525
id01|p051,pulid,id01,p051,True,False,,,
id02|p051,pulid,id02,p051,True,False,,,
id03|p051,pulid,id03,p051,True,False,,,
id04|p051,pulid,id04,p051,True,True,1.0,0.09495327135663008,0.14671647548675537
id05|p051,pulid,id05,p051,True,False,,,
id06|p051,pulid,id06,p051,True,False,,,
id07|p051,pulid,id07,p051,True,False,,,
id08|p051,pulid,id08,p051,True,False,,,
id01|p052,pulid,id01,p052,True,False,,,
id02|p052,pulid,id02,p052,True,True,0.9999922513961792,0.01954724154022446,0.112862229347229
id03|p052,pulid,id03,p052,True,True,0.9999995231628418,0.01650079520531119,0.08458411693572998
id04|p052,pulid,id04,p052,True,False,,,
id05|p052,pulid,id05,p052,True,True,0.8858125805854797,0.000867020381493779,0.9139647856354713
id06|p052,pulid,id06,p052,True,True,0.9998350143432617,0.020315887168555057,0.4113885164260864
id07|p052,pulid,id07,p052,True,False,,,
id08|p052,pulid,id08,p052,True,True,0.9995419979095459,0.03155269446512737,0.1446824073791504
id01|p053,pulid,id01,p053,True,True,0.999990701675415,0.0339096849773401,0.16737020015716553
id02|p053,pulid,id02,p053,True,True,0.9999666213989258,0.034412383801940706,0.12153935432434082
id03|p053,pulid,id03,p053,True,True,0.9999998807907104,0.02771379286767661,0.0744783878326416
id04|p053,pulid,id04,p053,True,True,0.9999778270721436,0.0528492515529451,0.08063524961471558
id05|p053,pulid,id05,p053,True,True,0.9999997615814209,0.027657976173963268,0.09241163730621338
id06|p053,pulid,id06,p053,True,True,1.0,0.042562152885231415,0.14488106966018677
id07|p053,pulid,id07,p053,True,True,0.9995566010475159,0.02390630401587989,0.12149864435195923
id08|p053,pulid,id08,p053,True,True,0.9995995163917542,0.020341032094888536,0.12352293729782104
id01|p054,pulid,id01,p054,True,True,0.9999951124191284,0.01700996676987479,0.14036297798156738
id02|p054,pulid,id02,p054,True,True,0.9999808073043823,0.025391885272207676,0.1202242374420166
id03|p054,pulid,id03,p054,True,True,0.999998927116394,0.03636488965821627,0.05636096000671387
id04|p054,pulid,id04,p054,True,True,0.9999996423721313,0.020272079179871998,0.08459949493408203
id05|p054,pulid,id05,p054,True,True,0.9999983310699463,0.03162823634183502,0.2552531957626343
id06|p054,pulid,id06,p054,True,True,0.9999384880065918,0.01544730711534818,0.17443829774856567
id07|p054,pulid,id07,p054,True,True,0.9996128678321838,0.026695220410208914,0.0993267297744751
id08|p054,pulid,id08,p054,True,True,0.9976469874382019,0.03168857510615861,0.16477859020233154
id01|p055,pulid,id01,p055,True,False,,,
id02|p055,pulid,id02,p055,True,True,0.9999947547912598,0.0073600737172410495,0.08548438549041748
id03|p055,pulid,id03,p055,True,True,0.9920421242713928,0.007234259777227253,0.17271709442138672
id04|p055,pulid,id04,p055,True,True,0.7546439170837402,0.0032931983239387185,0.9018533155322075
id05|p055,pulid,id05,p055,True,True,0.9999990463256836,0.010966406616267861,0.09268099069595337
id06|p055,pulid,id06,p055,True,True,0.7269443869590759,0.004815145205433988,0.9872375577688217
id07|p055,pulid,id07,p055,True,True,0.9999309778213501,0.02463295476829646,0.12033158540725708
id08|p055,pulid,id08,p055,True,True,0.9999226331710815,0.02613147339434363,0.18591976165771484
id01|p056,pulid,id01,p056,True,True,0.9999986886978149,0.30413174654603636,0.22984206676483154
id02|p056,pulid,id02,p056,True,True,0.9999887943267822,0.1788800716103829,0.13040554523468018
id03|p056,pulid,id03,p056,True,True,0.9999918937683105,0.20968920709497574,0.09920096397399902
id04|p056,pulid,id04,p056,True,True,0.9998196959495544,0.32478199350061127,0.07430833578109741
id05|p056,pulid,id05,p056,True,True,0.9999996423721313,0.19766278554922478,0.15343636274337769
id06|p056,pulid,id06,p056,True,True,0.9999985694885254,0.20074196606574585,0.12926316261291504
id07|p056,pulid,id07,p056,True,True,0.9999805688858032,0.2890860753157141,0.11498141288757324
id08|p056,pulid,id08,p056,True,True,0.9994515776634216,0.2529083040732287,0.15543150901794434
id01|p057,pulid,id01,p057,True,True,0.9999942779541016,0.041349891956301295,0.14449822902679443
id02|p057,pulid,id02,p057,True,True,0.9999994039535522,0.06607699973148225,0.0920635461807251
id03|p057,pulid,id03,p057,True,True,0.999962329864502,0.049914412845289656,0.0946810245513916
id04|p057,pulid,id04,p057,True,True,0.9999880790710449,0.05242054431920241,0.07495474815368652
id05|p057,pulid,id05,p057,True,True,1.0,0.06903814448957966,0.16195833683013916
id06|p057,pulid,id06,p057,True,True,0.9999383687973022,0.049592615230385155,0.1578843593597412
id07|p057,pulid,id07,p057,True,True,0.999901533126831,0.0533944417761725,0.08914375305175781
id08|p057,pulid,id08,p057,True,True,0.9999420642852783,0.029634255906905962,0.16545653343200684
id01|p058,pulid,id01,p058,True,True,0.9999998807907104,0.005435479943818431,0.19777190685272217
id02|p058,pulid,id02,p058,True,True,0.9999301433563232,0.007224895544775364,0.10785192251205444
id03|p058,pulid,id03,p058,True,True,0.9999598264694214,0.00782916397371183,0.09970301389694214
id04|p058,pulid,id04,p058,True,True,0.9999468326568604,0.004648315448141574,0.1047675609588623
id05|p058,pulid,id05,p058,True,True,0.9999480247497559,0.007873689997759937,0.18207836151123047
id06|p058,pulid,id06,p058,True,True,0.9999970197677612,0.009845390186238834,0.12464070320129395
id07|p058,pulid,id07,p058,True,False,,,
id08|p058,pulid,id08,p058,True,True,0.9996336698532104,0.0058984056097457415,0.21861732006072998
id01|p059,pulid,id01,p059,True,True,0.9999996423721313,0.19749783653931327,0.22249835729599
id02|p059,pulid,id02,p059,True,True,0.9999973773956299,0.2992483661007772,0.12967193126678467
id03|p059,pulid,id03,p059,True,True,1.0,0.16084040545469452,0.05873215198516846
id04|p059,pulid,id04,p059,True,True,0.9998233914375305,0.3013617578097816,0.09291988611221313
id05|p059,pulid,id05,p059,True,True,0.9999778270721436,0.1747089446277282,0.09917795658111572
id06|p059,pulid,id06,p059,True,True,0.9999988079071045,0.2008949736407318,0.12782108783721924
id07|p059,pulid,id07,p059,True,True,0.9990660548210144,0.2861382671789479,0.14550161361694336
id08|p059,pulid,id08,p059,True,True,0.9999926090240479,0.2635807189566195,0.30319881439208984
id01|p060,pulid,id01,p060,True,True,0.9999650716781616,0.04634553649366086,0.250524640083313
id02|p060,pulid,id02,p060,True,True,0.9999908208847046,0.06117852403770919,0.08893430233001709
id03|p060,pulid,id03,p060,True,True,0.9999711513519287,0.05086308410092388,0.07547914981842041
id04|p060,pulid,id04,p060,True,True,0.9998633861541748,0.03735439563990333,0.13220876455307007
id05|p060,pulid,id05,p060,True,True,0.8909482955932617,0.07957590300247455,0.8727473616600037
id06|p060,pulid,id06,p060,True,True,0.9999992847442627,0.034621265817247,0.14375585317611694
id07|p060,pulid,id07,p060,True,True,0.9999983310699463,0.04720984335907171,0.1225738525390625
id08|p060,pulid,id08,p060,True,True,0.9999901056289673,0.04142499306806959,0.4026902914047241
id01|p061,pulid,id01,p061,True,False,,,
id02|p061,pulid,id02,p061,True,False,,,
id03|p061,pulid,id03,p061,True,True,0.9999903440475464,0.020749844201526996,0.07329773902893066
id04|p061,pulid,id04,p061,True,True,0.999982476234436,0.017694665768771742,0.09078484773635864
id05|p061,pulid,id05,p061,True,True,0.9999996423721313,0.013921407779994503,0.12088817358016968
id06|p061,pulid,id06,p061,True,False,,,
id07|p061,pulid,id07,p061,True,False,,,
id08|p061,pulid,id08,p061,True,True,0.9343295693397522,0.004649914305359126,0.6389395296573639
id01|p062,pulid,id01,p062,True,True,0.9999996423721313,0.010946443475894825,0.23876702785491943
id02|p062,pulid,id02,p062,True,True,0.9999995231628418,0.015700783452518536,0.10560011863708496
id03|p062,pulid,id03,p062,True,True,0.9999988079071045,0.011588673242683544,0.07422208786010742
id04|p062,pulid,id04,p062,True,True,0.9999938011169434,0.017743204014631368,0.0923166275024414
id05|p062,pulid,id05,p062,True,True,0.9999984502792358,0.01724640286450383,0.15359723567962646
id06|p062,pulid,id06,p062,True,True,0.9999998807907104,0.01580442413196036,0.14694738388061523
id07|p062,pulid,id07,p062,True,True,0.9998792409896851,0.024117993761294965,0.12548339366912842
id08|p062,pulid,id08,p062,True,True,0.9999074935913086,0.01275891078966077,0.15284323692321777
id01|p063,pulid,id01,p063,True,True,0.9998082518577576,0.034984085032739906,0.18543744087219238
id02|p063,pulid,id02,p063,True,True,0.9999897480010986,0.041312041447440606,0.12991303205490112
id03|p063,pulid,id03,p063,True,True,0.9999892711639404,0.045553106232216437,0.09771770238876343
id04|p063,pulid,id04,p063,True,True,0.9999991655349731,0.04729255854355707,0.10586416721343994
id05|p063,pulid,id05,p063,True,True,0.9999998807907104,0.03574985067959662,0.12016212940216064
id06|p063,pulid,id06,p063,True,True,0.9997338652610779,0.03495861073819293,0.1833508014678955
id07|p063,pulid,id07,p063,True,True,0.9989160299301147,0.028412181098468006,0.11322188377380371
id08|p063,pulid,id08,p063,True,True,0.9999996423721313,0.05161750756473687,0.18525761365890503
id01|p064,pulid,id01,p064,True,True,0.9475248456001282,0.030236396673463402,0.5808577537536621
id02|p064,pulid,id02,p064,True,True,0.748582124710083,0.001087150700456092,0.9623848646879196
id03|p064,pulid,id03,p064,True,False,,,
id04|p064,pulid,id04,p064,True,True,0.9998642206192017,0.023424518360350914,0.3182210922241211
id05|p064,pulid,id05,p064,True,True,0.9997301697731018,0.01814529511552099,0.46790260076522827
id06|p064,pulid,id06,p064,True,False,,,
id07|p064,pulid,id07,p064,True,False,,,
id08|p064,pulid,id08,p064,True,False,,,
id01|p065,pulid,id01,p065,True,True,1.0,1.2343872476659563,0.23554909229278564
id02|p065,pulid,id02,p065,True,True,0.9998282194137573,0.4739799398472659,0.13747620582580566
id03|p065,pulid,id03,p065,True,True,0.9999997615814209,0.5532592164064832,0.35098254680633545
id04|p065,pulid,id04,p065,True,True,0.9999998807907104,1.152892907330327,0.17435622215270996
id05|p065,pulid,id05,p065,True,True,0.9999995231628418,0.5749699221639782,0.22558265924453735
id06|p065,pulid,id06,p065,True,True,0.9999997615814209,0.7038624376620848,0.1650160551071167
id07|p065,pulid,id07,p065,True,True,0.9999982118606567,0.7521819132907772,0.30112767219543457
id08|p065,pulid,id08,p065,True,False,,,
id01|p066,pulid,id01,p066,True,True,0.9999964237213135,0.060449679290160124,0.1800093650817871
id02|p066,pulid,id02,p066,True,True,0.9607018232345581,0.05896236320972722,0.442554235458374
id03|p066,pulid,id03,p066,True,True,0.8661186099052429,0.17960734665871314,0.9749520923942327
id04|p066,pulid,id04,p066,True,True,0.9998549222946167,0.057817603832813896,0.11159825325012207
id05|p066,pulid,id05,p066,True,True,0.9995230436325073,0.0630326565404759,0.5425262451171875
id06|p066,pulid,id06,p066,True,True,0.9998121857643127,0.053600195045986274,0.2131534218788147
id07|p066,pulid,id07,p066,True,True,0.9995017051696777,0.07217822849885057,0.5479692816734314
id08|p066,pulid,id08,p066,True,True,0.999968409538269,0.04845046709599061,0.2569555640220642
id01|p067,pulid,id01,p067,True,True,0.8165409564971924,0.006613111460602254,0.9864228814840317
id02|p067,pulid,id02,p067,True,True,0.999774158000946,0.008120697631508769,0.36687779426574707
id03|p067,pulid,id03,p067,True,True,0.9999504089355469,0.008256176285712688,0.33586591482162476
id04|p067,pulid,id04,p067,True,True,0.9901465773582458,0.0022594648691781054,1.0166775211691856
id05|p067,pulid,id05,p067,True,True,0.9999856948852539,0.0035281646235792627,0.45063984394073486
id06|p067,pulid,id06,p067,True,True,0.9999988079071045,0.0059742300203401355,0.17630863189697266
id07|p067,pulid,id07,p067,True,True,0.999186098575592,0.0017211537829187125,1.0878024697303772
id08|p067,pulid,id08,p067,True,True,0.9990934133529663,0.005822998810099251,0.24178838729858398
id01|p068,pulid,id01,p068,True,True,0.9999996423721313,0.07497942407371645,0.22201186418533325
id02|p068,pulid,id02,p068,True,True,0.9999356269836426,0.05424411541619598,0.09553384780883789
id03|p068,pulid,id03,p068,True,True,0.9999654293060303,0.0924071438719229,0.09414446353912354
id04|p068,pulid,id04,p068,True,True,0.9999167919158936,0.050863852499185166,0.08550459146499634
id05|p068,pulid,id05,p068,True,True,0.9999986886978149,0.08498009104391993,0.14746248722076416
id06|p068,pulid,id06,p068,True,True,0.9999794960021973,0.09314905047241143,0.0984264612197876
id07|p068,pulid,id07,p068,True,True,0.9999922513961792,0.054202805585431064,0.15917158126831055
id08|p068,pulid,id08,p068,True,True,0.9999982118606567,0.09337759720020163,0.13746172189712524
id01|p069,pulid,id01,p069,True,True,0.9999954700469971,0.0790810784365405,0.21641415357589722
id02|p069,pulid,id02,p069,True,True,0.9999984502792358,0.18656416903569253,0.12976640462875366
id03|p069,pulid,id03,p069,True,True,0.9999990463256836,0.2913175845062026,0.12908029556274414
id04|p069,pulid,id04,p069,True,True,0.9999793767929077,0.27566864591033385,0.13879305124282837
id05|p069,pulid,id05,p069,True,True,0.9999722242355347,0.3549730255012329,0.17986047267913818
id06|p069,pulid,id06,p069,True,True,0.9999992847442627,0.1156802853317127,0.10950076580047607
id07|p069,pulid,id07,p069,True,True,0.9999525547027588,0.24653195652740578,0.14701640605926514
id08|p069,pulid,id08,p069,True,True,0.9999858140945435,0.1534490742788565,0.18665039539337158
id01|p070,pulid,id01,p070,True,False,,,
id02|p070,pulid,id02,p070,True,False,,,
id03|p070,pulid,id03,p070,True,False,,,
id04|p070,pulid,id04,p070,True,False,,,
id05|p070,pulid,id05,p070,True,True,0.7720198035240173,0.011975659271893577,0.655750036239624
id06|p070,pulid,id06,p070,True,True,0.8775696158409119,0.0027745825326496087,0.9684412628412247
id07|p070,pulid,id07,p070,True,False,,,
id08|p070,pulid,id08,p070,True,False,,,
id01|p071,pulid,id01,p071,True,True,0.9999982118606567,0.03457044918006128,0.15654230117797852
id02|p071,pulid,id02,p071,True,True,0.9999834299087524,0.039950614176907,0.08863800764083862
id03|p071,pulid,id03,p071,True,True,0.9999974966049194,0.028852113891616682,0.14946222305297852
id04|p071,pulid,id04,p071,True,True,0.9999912977218628,0.03124698233467724,0.07342690229415894
id05|p071,pulid,id05,p071,True,True,0.999991774559021,0.025648625357308698,0.10694938898086548
id06|p071,pulid,id06,p071,True,True,0.9999380111694336,0.02940637283653507,0.11004149913787842
id07|p071,pulid,id07,p071,True,True,0.9998741149902344,0.03949325188837121,0.2503814101219177
id08|p071,pulid,id08,p071,True,True,0.9999887943267822,0.02668868334597863,0.2686583995819092
id01|p072,pulid,id01,p072,True,True,0.9999996423721313,0.28768335457654437,0.18507206439971924
id02|p072,pulid,id02,p072,True,True,0.9999911785125732,0.18706556208997113,0.13752782344818115
id03|p072,pulid,id03,p072,True,True,0.9995065927505493,0.1798166121658205,0.10266989469528198
id04|p072,pulid,id04,p072,True,True,0.9999345541000366,0.17949677202809858,0.08364301919937134
id05|p072,pulid,id05,p072,True,True,0.9999905824661255,0.2083701865794191,0.10663372278213501
id06|p072,pulid,id06,p072,True,True,0.9999879598617554,0.1843444062142029,0.10257017612457275
id07|p072,pulid,id07,p072,True,True,0.9999022483825684,0.217559513185541,0.17607897520065308
id08|p072,pulid,id08,p072,True,True,0.9998962879180908,0.19600690333146462,0.19019794464111328
id01|p073,pulid,id01,p073,True,True,1.0,0.0076402250730432855,0.13134610652923584
id02|p073,pulid,id02,p073,True,True,0.9999740123748779,0.009014269432386587,0.12707304954528809
id03|p073,pulid,id03,p073,True,True,0.9999281167984009,0.005174992554966144,0.09971499443054199
id04|p073,pulid,id04,p073,True,True,0.9997255206108093,0.01214480330821252,0.07422119379043579
id05|p073,pulid,id05,p073,True,True,0.9999990463256836,0.00762673811523537,0.13399416208267212
id06|p073,pulid,id06,p073,True,True,0.9999997615814209,0.016618618667554475,0.17303425073623657
id07|p073,pulid,id07,p073,True,True,0.9998668432235718,0.004915957363486565,0.2513554096221924
id08|p073,pulid,id08,p073,True,True,0.9999955892562866,0.009205317442302722,0.1921977996826172
id01|p074,pulid,id01,p074,True,True,0.9999996423721313,0.007328313372489052,0.159781813621521
id02|p074,pulid,id02,p074,True,True,0.9999994039535522,0.008795380441167962,0.0939716100692749
id03|p074,pulid,id03,p074,True,True,0.9999905824661255,0.005418121630216385,0.11905676126480103
id04|p074,pulid,id04,p074,True,True,0.9999270439147949,0.005981478762053338,0.09586405754089355
id05|p074,pulid,id05,p074,True,True,0.9997656941413879,0.004698864865567061,0.2748696208000183
id06|p074,pulid,id06,p074,True,True,0.9999881982803345,0.005882218810155691,0.1896146535873413
id07|p074,pulid,id07,p074,True,True,0.9999974966049194,0.0056152675533891775,0.14508628845214844
id08|p074,pulid,id08,p074,True,True,0.9774262309074402,0.004622800177439261,0.7536739557981491
id01|p075,pulid,id01,p075,True,True,0.9999998807907104,0.04363834349594892,0.2263866662979126
id02|p075,pulid,id02,p075,True,True,0.9999712705612183,0.02397126949336806,0.13383805751800537
id03|p075,pulid,id03,p075,True,True,0.9999948740005493,0.028715979232963294,0.07857495546340942
id04|p075,pulid,id04,p075,True,True,0.9999980926513672,0.01820313498370494,0.07921242713928223
id05|p075,pulid,id05,p075,True,True,0.9999442100524902,0.0302368408887964,0.15118694305419922
id06|p075,pulid,id06,p075,True,True,0.9999915361404419,0.013941180269995941,0.12598192691802979
id07|p075,pulid,id07,p075,True,True,0.9999549388885498,0.019519503681518367,0.12414813041687012
id08|p075,pulid,id08,p075,True,True,0.9999994039535522,0.02038533806750994,0.17831742763519287
id01|p076,pulid,id01,p076,True,True,0.9998923540115356,0.016241211126478805,0.13677042722702026
id02|p076,pulid,id02,p076,True,True,0.9999589920043945,0.00927877434192372,0.1552128791809082
id03|p076,pulid,id03,p076,True,True,0.9998990297317505,0.02008232990667815,0.07913661003112793
id04|p076,pulid,id04,p076,True,True,0.9999426603317261,0.012801427061688332,0.08728855848312378
id05|p076,pulid,id05,p076,True,True,0.9996273517608643,0.006986074900357189,0.39078080654144287
id06|p076,pulid,id06,p076,True,True,0.9999935626983643,0.011393516020037098,0.2763557434082031
id07|p076,pulid,id07,p076,True,False,,,
id08|p076,pulid,id08,p076,True,True,0.9998581409454346,0.015867878331241984,0.17568296194076538
id01|p077,pulid,id01,p077,True,True,0.9999853372573853,0.3296369881759871,0.22896528244018555
id02|p077,pulid,id02,p077,True,True,0.9997387528419495,0.2943413398066605,0.2048342227935791
id03|p077,pulid,id03,p077,True,True,0.9999829530715942,0.3371799237708584,0.2667369246482849
id04|p077,pulid,id04,p077,True,True,0.9999669790267944,0.46960179638879,0.17581117153167725
id05|p077,pulid,id05,p077,True,True,0.9999998807907104,0.31480859124987737,0.19873225688934326
id06|p077,pulid,id06,p077,True,True,1.0,0.5090640667813274,0.16520744562149048
id07|p077,pulid,id07,p077,True,True,0.9999984502792358,0.3258282705163486,0.21681582927703857
id08|p077,pulid,id08,p077,True,True,0.9999501705169678,0.3414048885956646,0.29406285285949707
id01|p078,pulid,id01,p078,True,False,,,
id02|p078,pulid,id02,p078,True,True,0.999998927116394,0.007343866623482371,0.08902043104171753
id03|p078,pulid,id03,p078,True,True,0.9615873098373413,0.0006204640693694172,0.7562148571014404
id04|p078,pulid,id04,p078,True,True,0.999997615814209,0.00469251381823241,0.09666144847869873
id05|p078,pulid,id05,p078,True,False,,,
id06|p078,pulid,id06,p078,True,True,0.7773205041885376,0.0056286903366268275,0.9593840166926384
id07|p078,pulid,id07,p078,True,False,,,
id08|p078,pulid,id08,p078,True,False,,,
id01|p079,pulid,id01,p079,True,True,1.0,0.01340944382198718,0.20853185653686523
id02|p079,pulid,id02,p079,True,True,0.999992847442627,0.057811427890675705,0.08223927021026611
id03|p079,pulid,id03,p079,True,True,0.9999377727508545,0.05524498155625819,0.08538424968719482
id04|p079,pulid,id04,p079,True,True,0.9995362758636475,0.05965294616691174,0.0811457633972168
id05|p079,pulid,id05,p079,True,True,0.9999973773956299,0.042136001972798445,0.1259709596633911
id06|p079,pulid,id06,p079,True,True,0.9999979734420776,0.06744857818087555,0.13105642795562744
id07|p079,pulid,id07,p079,True,True,0.9999909400939941,0.04254214317919937,0.09770172834396362
id08|p079,pulid,id08,p079,True,True,0.999988317489624,0.019262793311062384,0.15221285820007324
id01|p080,pulid,id01,p080,True,True,0.99997878074646,0.029025770462244565,0.2083284854888916
id02|p080,pulid,id02,p080,True,True,0.9999804496765137,0.04664491722107756,0.13252776861190796
id03|p080,pulid,id03,p080,True,True,0.9999059438705444,0.025099834785660764,0.0671684741973877
id04|p080,pulid,id04,p080,True,True,0.9999899864196777,0.0073926607653481404,0.08910316228866577
id05|p080,pulid,id05,p080,True,True,0.9999657869338989,0.029047143040206384,0.15357708930969238
id06|p080,pulid,id06,p080,True,True,0.9999967813491821,0.03545664837563464,0.11437249183654785
id07|p080,pulid,id07,p080,True,True,0.9999980926513672,0.021209259937433198,0.13418471813201904
id08|p080,pulid,id08,p080,True,True,0.9999947547912598,0.010266972593447915,0.2405450940132141
id01|p081,pulid,id01,p081,True,True,0.9999672174453735,0.008493271926982057,0.19064974784851074
id02|p081,pulid,id02,p081,True,True,0.9999622106552124,0.004383542939728086,0.1408834457397461
id03|p081,pulid,id03,p081,True,True,0.9999996423721313,0.006413102804679795,0.081443190574646
id04|p081,pulid,id04,p081,True,True,0.9998612403869629,0.0037083978180210884,0.09178435802459717
id05|p081,pulid,id05,p081,True,True,1.0,0.0046753102390000465,0.18531882762908936
id06|p081,pulid,id06,p081,True,True,0.9999973773956299,0.0034063142698240556,0.27227532863616943
id07|p081,pulid,id07,p081,True,True,0.9999369382858276,0.0027297719735307276,0.4246981143951416
id08|p081,pulid,id08,p081,True,True,0.9999258518218994,0.00432143909860869,0.2386934757232666
id01|p082,pulid,id01,p082,True,True,0.9999992847442627,0.05928196907180368,0.1968182921409607
id02|p082,pulid,id02,p082,True,True,0.9947547912597656,0.04511698043380568,0.3322226405143738
id03|p082,pulid,id03,p082,True,True,0.9969863295555115,0.05338319137101482,0.4060267210006714
id04|p082,pulid,id04,p082,True,True,0.9999998807907104,0.058019399561825266,0.1319199800491333
id05|p082,pulid,id05,p082,True,True,0.9999823570251465,0.030357488516813892,0.3007935881614685
id06|p082,pulid,id06,p082,True,True,0.9999887943267822,0.03600739933528142,0.6308903098106384
id07|p082,pulid,id07,p082,True,True,0.9998459815979004,0.04140218623487507,0.2188892960548401
id08|p082,pulid,id08,p082,True,False,,,
id01|p083,pulid,id01,p083,True,False,,,
id02|p083,pulid,id02,p083,True,True,0.9999139308929443,0.49954218642773535,0.16635346412658691
id03|p083,pulid,id03,p083,True,True,0.999996542930603,0.5464482166203974,0.19299548864364624
id04|p083,pulid,id04,p083,True,True,0.9999885559082031,0.8301099321168139,0.12721586227416992
id05|p083,pulid,id05,p083,True,True,0.9999991655349731,0.3868649321268811,0.18871748447418213
id06|p083,pulid,id06,p083,True,True,0.9999985694885254,0.7581372350499601,0.09863114356994629
id07|p083,pulid,id07,p083,True,True,0.9999982118606567,0.3404071635694473,0.1550387144088745
id08|p083,pulid,id08,p083,True,True,0.9999499320983887,0.38770377978367465,0.18572378158569336
id01|p084,pulid,id01,p084,True,True,1.0,0.0008707366838661758,0.41042447090148926
id02|p084,pulid,id02,p084,True,True,0.9849815368652344,0.0004508214389543991,0.781790554523468
id03|p084,pulid,id03,p084,True,True,0.813399612903595,0.0004245332710339695,1.040693774819374
id04|p084,pulid,id04,p084,True,True,0.999980092048645,0.0008852481538698333,0.607865959405899
id05|p084,pulid,id05,p084,True,True,0.7777255177497864,0.0004506297446513087,0.7832027822732925
id06|p084,pulid,id06,p084,True,True,0.9998726844787598,0.0004143586249910309,1.0450904816389084
id07|p084,pulid,id07,p084,True,True,0.9999501705169678,0.00047910067783256036,0.7110557854175568
id08|p084,pulid,id08,p084,True,True,0.9997156262397766,0.001270482058567468,0.6720404028892517
id01|p085,pulid,id01,p085,True,True,0.9999969005584717,0.018739731788676165,0.13486289978027344
id02|p085,pulid,id02,p085,True,True,0.9999995231628418,0.019521939258159666,0.1186293363571167
id03|p085,pulid,id03,p085,True,True,0.9999854564666748,0.019740259563477667,0.08013105392456055
id04|p085,pulid,id04,p085,True,True,0.9999967813491821,0.01924379783055187,0.08276581764221191
id05|p085,pulid,id05,p085,True,True,0.999972939491272,0.027229220163221334,0.20380568504333496
id06|p085,pulid,id06,p085,True,True,0.9999865293502808,0.016341774964217966,0.1361445188522339
id07|p085,pulid,id07,p085,True,True,0.9999792575836182,0.02212949570489007,0.13653260469436646
id08|p085,pulid,id08,p085,True,True,0.9999762773513794,0.0247888473862576,0.13628655672073364
id01|p086,pulid,id01,p086,True,True,0.9999977350234985,0.07471980913612276,0.16779524087905884
id02|p086,pulid,id02,p086,True,True,0.9999680519104004,0.031046545272762092,0.10770702362060547
id03|p086,pulid,id03,p086,True,True,0.9999449253082275,0.019441445863464555,0.08370411396026611
id04|p086,pulid,id04,p086,True,True,0.9999881982803345,0.011305349968626891,0.08972150087356567
id05|p086,pulid,id05,p086,True,True,1.0,0.009402785853735865,0.1550896167755127
id06|p086,pulid,id06,p086,True,True,0.9999897480010986,0.035060086097336136,0.11092042922973633
id07|p086,pulid,id07,p086,True,True,0.999723494052887,0.018792794667318462,0.10442125797271729
id08|p086,pulid,id08,p086,True,True,0.9994342923164368,0.024693865927286146,0.15452450513839722
id01|p087,pulid,id01,p087,True,True,0.9999997615814209,0.011227607247151971,0.2151397466659546
id02|p087,pulid,id02,p087,True,True,0.9999794960021973,0.009060968001017218,0.15474897623062134
id03|p087,pulid,id03,p087,True,True,0.9999997615814209,0.006594677466513711,0.11466389894485474
id04|p087,pulid,id04,p087,True,True,0.9999997615814209,0.0037965235660690436,0.1777782440185547
id05|p087,pulid,id05,p087,True,True,0.9999673366546631,0.013159361534914673,0.11765402555465698
id06|p087,pulid,id06,p087,True,True,0.9999998807907104,0.007263114380578152,0.1997639536857605
id07|p087,pulid,id07,p087,True,True,0.9997414946556091,0.00516573930070178,0.20284271240234375
id08|p087,pulid,id08,p087,True,True,0.9999949932098389,0.006398961464457089,0.26971733570098877
id01|p088,pulid,id01,p088,True,True,0.9999927282333374,0.009321778600561057,0.16891241073608398
id02|p088,pulid,id02,p088,True,True,0.9999995231628418,0.0067441678100092555,0.10020798444747925
id03|p088,pulid,id03,p088,True,True,1.0,0.007481876199349638,0.11918950080871582
id04|p088,pulid,id04,p088,True,True,0.9999991655349731,0.008598941717621158,0.11361086368560791
id05|p088,pulid,id05,p088,True,True,0.9999996423721313,0.008148829920218653,0.1452556848526001
id06|p088,pulid,id06,p088,True,True,0.9999998807907104,0.005961309874259007,0.13903671503067017
id07|p088,pulid,id07,p088,True,True,0.9999997615814209,0.007900338146942819,0.11710476875305176
id08|p088,pulid,id08,p088,True,True,0.999997615814209,0.009485495262819455,0.19766318798065186
id01|p089,pulid,id01,p089,True,True,0.9999899864196777,0.06979434237760915,0.18837034702301025
id02|p089,pulid,id02,p089,True,True,0.999931812286377,0.08568860678428229,0.1396346092224121
id03|p089,pulid,id03,p089,True,True,0.9999886751174927,0.08547379816628496,0.11574172973632812
id04|p089,pulid,id04,p089,True,True,0.9997580647468567,0.07083509606608938,0.09384214878082275
id05|p089,pulid,id05,p089,True,True,0.9999972581863403,0.09213868752645615,0.17390048503875732
id06|p089,pulid,id06,p089,True,True,0.9999052286148071,0.054498102715025414,0.14073312282562256
id07|p089,pulid,id07,p089,True,True,0.9999966621398926,0.05693721716977273,0.1458016037940979
id08|p089,pulid,id08,p089,True,True,0.9999856948852539,0.06177862984433303,0.12445193529129028
id01|p090,pulid,id01,p090,True,True,0.9999997615814209,0.005896127926500109,0.17642325162887573
id02|p090,pulid,id02,p090,True,True,0.9999052286148071,0.0021239518913166704,0.19588541984558105
id03|p090,pulid,id03,p090,True,True,0.9999597072601318,0.002124820432443273,0.18745648860931396
id04|p090,pulid,id04,p090,True,True,0.9999232292175293,0.001557372415677323,0.298958420753479
id05|p090,pulid,id05,p090,True,True,0.9193433523178101,0.001446903300798917,0.8562767505645752
id06|p090,pulid,id06,p090,True,True,0.9999862909317017,0.002241860128143108,0.21243524551391602
id07|p090,pulid,id07,p090,True,False,,,
id08|p090,pulid,id08,p090,True,True,0.9999973773956299,0.003738955084163124,0.2771151065826416
id01|p091,pulid,id01,p091,True,True,0.9999649524688721,0.009650296495541019,0.21850746870040894
id02|p091,pulid,id02,p091,True,True,0.9999997615814209,0.04468292362452707,0.11757135391235352
id03|p091,pulid,id03,p091,True,True,0.999976634979248,0.017670247108958672,0.10419166088104248
id04|p091,pulid,id04,p091,True,True,0.9999909400939941,0.012064956957122605,0.11261272430419922
id05|p091,pulid,id05,p091,True,True,0.9999996423721313,0.030843710600635295,0.14097875356674194
id06|p091,pulid,id06,p091,True,True,1.0,0.01703946585895283,0.11876803636550903
id07|p091,pulid,id07,p091,True,True,0.999994158744812,0.025352727793353267,0.15048176050186157
id08|p091,pulid,id08,p091,True,True,0.9999783039093018,0.025891168801662288,0.13983869552612305
id01|p092,pulid,id01,p092,True,True,0.9996951818466187,0.22059765039439916,0.22225457429885864
id02|p092,pulid,id02,p092,True,True,0.9999955892562866,0.18078542488547406,0.15324217081069946
id03|p092,pulid,id03,p092,True,True,0.9992595314979553,0.24319598932547873,0.15149980783462524
id04|p092,pulid,id04,p092,True,True,0.9991959929466248,0.34718603599013764,0.18444329500198364
id05|p092,pulid,id05,p092,True,True,0.9985039234161377,0.07948735706567456,0.15417790412902832
id06|p092,pulid,id06,p092,True,True,0.9999992847442627,0.21216788904198888,0.14183276891708374
id07|p092,pulid,id07,p092,True,True,0.9990090131759644,0.09909649762994377,0.11183393001556396
id08|p092,pulid,id08,p092,True,True,0.9996700286865234,0.22876629288022793,0.3346778154373169
id01|p093,pulid,id01,p093,True,True,0.9999986886978149,0.02847447400889673,0.1819760799407959
id02|p093,pulid,id02,p093,True,True,0.999975323677063,0.02833609354167489,0.1842036247253418
id03|p093,pulid,id03,p093,True,True,0.9999901056289673,0.021374193876437384,0.22078537940979004
id04|p093,pulid,id04,p093,True,True,0.9999979734420776,0.037324951431914825,0.15252888202667236
id05|p093,pulid,id05,p093,True,True,1.0,0.043652710834763124,0.2870365381240845
id06|p093,pulid,id06,p093,True,True,0.9999998807907104,0.027593345036009555,0.31878983974456787
id07|p093,pulid,id07,p093,True,True,1.0,0.0362403047785001,0.2854546904563904
id08|p093,pulid,id08,p093,True,True,0.9999998807907104,0.04624017002395614,0.23232769966125488
id01|p094,pulid,id01,p094,True,True,0.99980229139328,0.007502149504188059,0.29179131984710693
id02|p094,pulid,id02,p094,True,False,,,
id03|p094,pulid,id03,p094,True,False,,,
id04|p094,pulid,id04,p094,True,False,,,
id05|p094,pulid,id05,p094,True,False,,,
id06|p094,pulid,id06,p094,True,False,,,
id07|p094,pulid,id07,p094,True,True,0.9986423850059509,0.015372258308330115,0.508994460105896
id08|p094,pulid,id08,p094,True,False,,,
id01|p095,pulid,id01,p095,True,True,0.9764218330383301,0.009372480988475465,0.8137718290090561
id02|p095,pulid,id02,p095,True,True,0.9999986886978149,0.016532190927455115,0.36930906772613525
id03|p095,pulid,id03,p095,True,True,0.9999985694885254,0.02837188828299739,0.2676917314529419
id04|p095,pulid,id04,p095,True,True,0.9995157718658447,0.02288923900492973,0.32963860034942627
id05|p095,pulid,id05,p095,True,True,0.9976479411125183,0.013403905143917311,0.4648374319076538
id06|p095,pulid,id06,p095,True,True,0.9745941758155823,0.05425109672028896,0.9054163917899132
id07|p095,pulid,id07,p095,True,True,0.9999992847442627,0.017497816017701687,0.4241299629211426
id08|p095,pulid,id08,p095,True,True,0.9998947381973267,0.020800165320946907,0.1988968849182129
id01|p096,pulid,id01,p096,True,True,0.9999935626983643,0.0441714713467222,0.17204439640045166
id02|p096,pulid,id02,p096,True,True,0.9999809265136719,0.08009773429005554,0.11177140474319458
id03|p096,pulid,id03,p096,True,True,0.9999961853027344,0.0648296511075281,0.09036797285079956
id04|p096,pulid,id04,p096,True,True,0.9999833106994629,0.06509267177881595,0.07493746280670166
id05|p096,pulid,id05,p096,True,True,0.9999517202377319,0.08026950769647148,0.16100752353668213
id06|p096,pulid,id06,p096,True,True,0.999984622001648,0.05854496241309834,0.09865379333496094
id07|p096,pulid,id07,p096,True,True,0.9999984502792358,0.06648870234971675,0.09512114524841309
id08|p096,pulid,id08,p096,True,True,0.9997113347053528,0.04344153713960892,0.16805201768875122
id01|p097,pulid,id01,p097,True,False,,,
id02|p097,pulid,id02,p097,True,True,0.9214684367179871,0.01973670369414875,0.8659300953149796
id03|p097,pulid,id03,p097,True,False,,,
id04|p097,pulid,id04,p097,True,True,0.9998291730880737,0.00166165027658767,0.23966699838638306
id05|p097,pulid,id05,p097,True,True,0.9999979734420776,0.002392801152524388,0.18837207555770874
id06|p097,pulid,id06,p097,True,True,0.9999709129333496,0.0019252314054264625,0.2681681513786316
id07|p097,pulid,id07,p097,True,True,0.9999616146087646,0.001689234967356534,0.42911285161972046
id08|p097,pulid,id08,p097,True,True,0.9994606375694275,0.0015305991402817232,0.9059891477227211
id01|p098,pulid,id01,p098,True,True,0.9998315572738647,0.0030145237910202526,0.2529999017715454
id02|p098,pulid,id02,p098,True,True,0.9997397065162659,0.006493861390728493,0.29463016986846924
id03|p098,pulid,id03,p098,True,True,0.9999998807907104,0.007920752966430224,0.13697481155395508
id04|p098,pulid,id04,p098,True,True,0.9999459981918335,0.014718802632912375,0.117939293384552
id05|p098,pulid,id05,p098,True,False,,,
id06|p098,pulid,id06,p098,True,True,0.9998699426651001,0.017894877941126864,0.17136907577514648
id07|p098,pulid,id07,p098,True,True,0.999969482421875,0.002955378312604066,0.3263629674911499
id08|p098,pulid,id08,p098,True,True,0.9999934434890747,0.0037024131411744336,0.38133955001831055
id01|p099,pulid,id01,p099,True,True,0.9374057650566101,0.0087560350691631,0.9798828884959221
id02|p099,pulid,id02,p099,True,True,0.9999064207077026,0.01405816663342519,0.11412078142166138
id03|p099,pulid,id03,p099,True,True,0.9999997615814209,0.019497453199101112,0.08241832256317139
id04|p099,pulid,id04,p099,True,True,0.9999996423721313,0.012395764515546453,0.11832159757614136
id05|p099,pulid,id05,p099,True,True,0.9999992847442627,0.008494667694816816,0.14824509620666504
id06|p099,pulid,id06,p099,True,True,0.9999992847442627,0.017079989094811864,0.1556488275527954
id07|p099,pulid,id07,p099,True,True,0.9999966621398926,0.00981366078457664,0.119781494140625
id08|p099,pulid,id08,p099,True,True,0.8531274199485779,0.017290474298732175,1.0323716551065445
id01|p100,pulid,id01,p100,True,True,1.0,0.10457910053675784,0.18653517961502075
id02|p100,pulid,id02,p100,True,True,0.9999963045120239,0.08513516897305626,0.13400888442993164
id03|p100,pulid,id03,p100,True,True,0.9999996423721313,0.11041413965262069,0.09506356716156006
id04|p100,pulid,id04,p100,True,True,0.9999995231628418,0.09634407999896186,0.09196245670318604
id05|p100,pulid,id05,p100,True,True,1.0,0.14871662500599678,0.14145708084106445
id06|p100,pulid,id06,p100,True,True,0.9999887943267822,0.07588793558626869,0.08619129657745361
id07|p100,pulid,id07,p100,True,True,0.9999184608459473,0.06485830684673208,0.08539116382598877
id08|p100,pulid,id08,p100,True,True,0.9999496936798096,0.08741933158731671,0.20707076787948608
id09|p101,pulid,id09,p101,True,True,0.9999310970306396,0.21073044925296533,0.44458305835723877
id10|p101,pulid,id10,p101,True,True,0.9997466206550598,0.2635305387110796,0.3334920406341553
id11|p101,pulid,id11,p101,True,True,0.9999839067459106,0.21815118844261977,0.3722773790359497
id12|p101,pulid,id12,p101,True,True,0.9999997615814209,0.1494117554751369,0.25423669815063477
id13|p101,pulid,id13,p101,True,True,0.9999998807907104,0.2234863058425269,0.3285263180732727
id14|p101,pulid,id14,p101,True,True,0.9999978542327881,0.23708511434606155,0.31456446647644043
id15|p101,pulid,id15,p101,True,True,0.9991256594657898,0.30048962377341804,0.27963948249816895
id09|p102,pulid,id09,p102,True,True,0.9999960660934448,0.017501078160339117,0.213647723197937
id10|p102,pulid,id10,p102,True,True,0.9999997615814209,0.023117144376143456,0.1896868348121643
id11|p102,pulid,id11,p102,True,True,0.9998534917831421,0.038098083074247474,0.0646161437034607
id12|p102,pulid,id12,p102,True,True,0.9999798536300659,0.03987510559644716,0.05806863307952881
id13|p102,pulid,id13,p102,True,True,0.9999991655349731,0.00712383187063119,0.18077874183654785
id14|p102,pulid,id14,p102,True,True,0.9999961853027344,0.053456180528815754,0.16579341888427734
id15|p102,pulid,id15,p102,True,False,,,
id09|p103,pulid,id09,p103,True,True,0.999998927116394,0.0009540933809638859,0.5082103312015533
id10|p103,pulid,id10,p103,True,True,0.9993427395820618,0.0010317483053015931,0.22494328022003174
id11|p103,pulid,id11,p103,True,True,0.9998382329940796,0.0031761377139176788,0.15359866619110107
id12|p103,pulid,id12,p103,True,True,0.9999853372573853,0.0031491985028352983,0.18942582607269287
id13|p103,pulid,id13,p103,True,True,0.9999969005584717,0.003066552290116912,0.2486056089401245
id14|p103,pulid,id14,p103,True,True,0.9999992847442627,0.0020167655767460552,0.23479032516479492
id15|p103,pulid,id15,p103,True,True,0.9999995231628418,0.0035944441004217213,0.24719899892807007
id09|p104,pulid,id09,p104,True,True,0.9999990463256836,0.37239957869426826,0.2218034267425537
id10|p104,pulid,id10,p104,True,True,0.9999972581863403,0.1823934138577796,0.2119067907333374
id11|p104,pulid,id11,p104,True,True,0.9999991655349731,0.2886544928363265,0.10617411136627197
id12|p104,pulid,id12,p104,True,True,0.9999905824661255,0.17391639958857383,0.08191186189651489
id13|p104,pulid,id13,p104,True,True,0.9999746084213257,0.2128698394835569,0.46198880672454834
id14|p104,pulid,id14,p104,True,True,0.9998949766159058,0.3404445676757898,0.10875701904296875
id15|p104,pulid,id15,p104,True,True,0.9999998807907104,0.16840657996334563,0.12016439437866211
id09|p105,pulid,id09,p105,True,True,0.999982476234436,0.053124505376601815,0.13076001405715942
id10|p105,pulid,id10,p105,True,False,,,
id11|p105,pulid,id11,p105,True,True,0.9999953508377075,0.06602924505257315,0.16320401430130005
id12|p105,pulid,id12,p105,True,True,0.9999996423721313,0.04243542504190309,0.06763529777526855
id13|p105,pulid,id13,p105,True,True,0.9999974966049194,0.018854375328211753,0.0754547119140625
id14|p105,pulid,id14,p105,True,True,0.9999994039535522,0.05091558874606757,0.1265394687652588
id15|p105,pulid,id15,p105,True,True,0.9999955892562866,0.026695449160742842,0.1260697841644287
id09|p106,pulid,id09,p106,True,True,0.9999762773513794,0.008983870619151627,0.11920595169067383
id10|p106,pulid,id10,p106,True,True,0.9999841451644897,0.009295792800856609,0.17363393306732178
id11|p106,pulid,id11,p106,True,True,0.800208568572998,0.021005079307070882,0.9842956438660622
id12|p106,pulid,id12,p106,True,True,0.7731618285179138,0.004931669040927402,1.1558369100093842
id13|p106,pulid,id13,p106,True,False,,,
id14|p106,pulid,id14,p106,True,True,0.9999984502792358,0.009678903739280932,0.15474486351013184
id15|p106,pulid,id15,p106,True,True,0.7042969465255737,0.004752157204222138,1.0652013570070267
id09|p107,pulid,id09,p107,True,True,0.9999843835830688,0.2660706353938672,0.2710767984390259
id10|p107,pulid,id10,p107,True,True,0.9999998807907104,0.2327154284579566,0.22833043336868286
id11|p107,pulid,id11,p107,True,True,0.999991774559021,0.25425085990683616,0.22669219970703125
id12|p107,pulid,id12,p107,True,True,0.9999997615814209,0.2165200920976765,0.19820928573608398
id13|p107,pulid,id13,p107,True,True,0.9999997615814209,0.29132424778900534,0.21018266677856445
id14|p107,pulid,id14,p107,True,True,1.0,0.13856455089940084,0.15921437740325928
id15|p107,pulid,id15,p107,True,True,0.9993628859519958,0.20598232169031774,0.13522517681121826
id09|p108,pulid,id09,p108,True,True,0.908709704875946,0.24782711060070772,0.7911016643047333
id10|p108,pulid,id10,p108,True,False,,,
id11|p108,pulid,id11,p108,True,False,,,
id12|p108,pulid,id12,p108,True,False,,,
id13|p108,pulid,id13,p108,True,False,,,
id14|p108,pulid,id14,p108,True,False,,,
id15|p108,pulid,id15,p108,True,False,,,
id09|p109,pulid,id09,p109,True,True,0.8380369544029236,0.006694484069107097,0.7306022644042969
id10|p109,pulid,id10,p109,True,True,0.9999970197677612,0.0016823746488809452,0.2507658004760742
id11|p109,pulid,id11,p109,True,True,0.9997758269309998,0.0006779031450605544,0.47390568256378174
id12|p109,pulid,id12,p109,True,True,0.9998878240585327,0.00206599455026318,0.2316509485244751
id13|p109,pulid,id13,p109,True,True,0.9999971389770508,0.0006945164126340641,0.5068784952163696
id14|p109,pulid,id14,p109,True,True,0.9999589920043945,0.0014811310142971922,0.22061359882354736
id15|p109,pulid,id15,p109,True,True,0.9999978542327881,0.0009310300304618435,0.5353878736495972
id09|p110,pulid,id09,p110,True,True,0.9999986886978149,0.045035578423637534,0.1746654510498047
id10|p110,pulid,id10,p110,True,True,0.9999603033065796,0.03485971156788968,0.1181841492652893
id11|p110,pulid,id11,p110,True,True,0.9999974966049194,0.025101615929717224,0.05868399143218994
id12|p110,pulid,id12,p110,True,True,0.9999327659606934,0.02538782576104042,0.06488710641860962
id13|p110,pulid,id13,p110,True,True,0.9999992847442627,0.027123430882013435,0.20237582921981812
id14|p110,pulid,id14,p110,True,True,0.9999986886978149,0.039934938113709524,0.12289971113204956
id15|p110,pulid,id15,p110,True,True,0.9999251365661621,0.011222573378568123,0.16332966089248657
id09|p111,pulid,id09,p111,True,True,0.9999896287918091,0.01886141755129917,0.16637587547302246
id10|p111,pulid,id10,p111,True,True,0.9999996423721313,0.010997272934040209,0.15436410903930664
id11|p111,pulid,id11,p111,True,True,0.9999947547912598,0.02302823188605639,0.08893191814422607
id12|p111,pulid,id12,p111,True,True,0.9831070899963379,0.0416001087436104,0.30198216438293457
id13|p111,pulid,id13,p111,True,True,0.9999995231628418,0.01652874333568535,0.09079664945602417
id14|p111,pulid,id14,p111,True,True,0.9997482895851135,0.014682493616857284,0.35955530405044556
id15|p111,pulid,id15,p111,True,True,0.9998655319213867,0.013656252954711413,0.3232001066207886
id09|p112,pulid,id09,p112,True,False,,,
id10|p112,pulid,id10,p112,True,True,0.9999865293502808,0.025528860556064892,0.1571829915046692
id11|p112,pulid,id11,p112,True,True,0.7512859106063843,0.03679287776854094,1.185955822467804
id12|p112,pulid,id12,p112,True,True,0.7931182384490967,0.0015201726935764007,0.9696351066231728
id13|p112,pulid,id13,p112,True,True,0.9999991655349731,0.0176163052433161,0.12744569778442383
id14|p112,pulid,id14,p112,True,True,0.9999953508377075,0.01577047416518745,0.21503925323486328
id15|p112,pulid,id15,p112,True,True,0.9999368190765381,0.008518657356910774,0.33894622325897217
id09|p113,pulid,id09,p113,True,True,0.999990701675415,0.944152821486515,0.5521439909934998
id10|p113,pulid,id10,p113,True,True,0.9999953508377075,0.9802949167493189,0.5311362147331238
id11|p113,pulid,id11,p113,True,True,0.999923586845398,0.7133517040590287,0.48542284965515137
id12|p113,pulid,id12,p113,True,True,0.9999939203262329,1.0661924477875402,0.6874017417430878
id13|p113,pulid,id13,p113,True,True,0.9999984502792358,0.7645545949684605,0.32089030742645264
id14|p113,pulid,id14,p113,True,True,0.9999992847442627,2.1017179838246296,0.4439007043838501
id15|p113,pulid,id15,p113,True,True,0.9999980926513672,0.9072454009376961,0.47256678342819214
id09|p114,pulid,id09,p114,True,False,,,
id10|p114,pulid,id10,p114,True,False,,,
id11|p114,pulid,id11,p114,True,True,0.9986383318901062,0.07885723573963753,0.1017845869064331
id12|p114,pulid,id12,p114,True,True,0.9999959468841553,0.06557851264818808,0.08230018615722656
id13|p114,pulid,id13,p114,True,False,,,
id14|p114,pulid,id14,p114,True,True,0.9779399037361145,0.062436886880217715,0.5257599353790283
id15|p114,pulid,id15,p114,True,True,0.999100923538208,0.10050205346350147,0.3334449529647827
id09|p115,pulid,id09,p115,True,False,,,
id10|p115,pulid,id10,p115,True,True,0.9999943971633911,0.025913628858359388,0.12087053060531616
id11|p115,pulid,id11,p115,True,True,0.9756322503089905,0.023723311805866842,1.1798080503940582
id12|p115,pulid,id12,p115,True,True,0.9999983310699463,0.01688013087290895,0.08474302291870117
id13|p115,pulid,id13,p115,True,True,0.9999998807907104,0.02503315027714355,0.11034953594207764
id14|p115,pulid,id14,p115,True,True,0.9999656677246094,0.021167463672916845,0.10256940126419067
id15|p115,pulid,id15,p115,True,True,0.9999974966049194,0.02588577982864541,0.10755789279937744
id09|p116,pulid,id09,p116,True,True,0.9999853372573853,0.08030361098844467,0.15040147304534912
id10|p116,pulid,id10,p116,True,True,0.9999860525131226,0.23565753591421776,0.18081480264663696
id11|p116,pulid,id11,p116,True,True,0.9999994039535522,0.16517589194583066,0.06519687175750732
id12|p116,pulid,id12,p116,True,True,0.9999998807907104,0.18379062435538226,0.10233062505722046
id13|p116,pulid,id13,p116,True,True,0.999998927116394,0.2226361676941148,0.1695765256881714
id14|p116,pulid,id14,p116,True,True,0.9999998807907104,0.25180023884337777,0.11128759384155273
id15|p116,pulid,id15,p116,True,True,0.999953031539917,0.18117838219500804,0.14079225063323975
id09|p117,pulid,id09,p117,True,True,0.9923626184463501,0.056478437826981386,0.2823341488838196
id10|p117,pulid,id10,p117,True,True,0.9994375109672546,0.03197325349027397,0.1847568154335022
id11|p117,pulid,id11,p117,True,False,,,
id12|p117,pulid,id12,p117,True,True,0.9989283680915833,0.0709695873282714,0.19060003757476807
id13|p117,pulid,id13,p117,True,True,0.9988962411880493,0.039504740058778284,0.19913482666015625
id14|p117,pulid,id14,p117,True,True,0.9998944997787476,0.03870848637810036,0.30006396770477295
id15|p117,pulid,id15,p117,True,True,0.9986652135848999,0.034608301404936835,0.29116642475128174
id09|p118,pulid,id09,p118,True,True,0.9999878406524658,0.006706130767068114,0.0951606035232544
id10|p118,pulid,id10,p118,True,True,0.9999740123748779,0.020694887895213118,0.14539587497711182
id11|p118,pulid,id11,p118,True,True,0.9999523162841797,0.00923324064275972,0.08892202377319336
id12|p118,pulid,id12,p118,True,True,0.9999880790710449,0.018236534217388824,0.06233060359954834
id13|p118,pulid,id13,p118,True,True,0.9999995231628418,0.008668383344126443,0.09351468086242676
id14|p118,pulid,id14,p118,True,True,1.0,0.009249415333868553,0.11965453624725342
id15|p118,pulid,id15,p118,True,True,1.0,0.0061479810946545995,0.1576886773109436
id09|p119,pulid,id09,p119,True,True,0.9999083280563354,0.2047281685861145,0.24174869060516357
id10|p119,pulid,id10,p119,True,True,0.9999749660491943,0.22714205859777062,0.18516480922698975
id11|p119,pulid,id11,p119,True,True,0.999993085861206,0.12136825592584134,0.08978253602981567
id12|p119,pulid,id12,p119,True,True,0.9997667670249939,0.12866251296584474,0.13228178024291992
id13|p119,pulid,id13,p119,True,True,0.9999980926513672,0.0717587116340699,0.17086315155029297
id14|p119,pulid,id14,p119,True,True,0.9999996423721313,0.22175012032422542,0.13704848289489746
id15|p119,pulid,id15,p119,True,True,0.9999991655349731,0.18368466431155708,0.1668778657913208
id09|p120,pulid,id09,p120,True,True,0.9999990463256836,0.410100911185126,0.21006041765213013
id10|p120,pulid,id10,p120,True,True,0.9999988079071045,0.35049810834992207,0.2449359893798828
id11|p120,pulid,id11,p120,True,True,0.9999994039535522,0.2000788862218104,0.09546440839767456
id12|p120,pulid,id12,p120,True,True,0.9999960660934448,0.37002051226251464,0.41483426094055176
id13|p120,pulid,id13,p120,True,True,1.0,0.23951488734948928,0.28712892532348633
id14|p120,pulid,id14,p120,True,True,0.999994158744812,0.29188821941649884,0.25190412998199463
id15|p120,pulid,id15,p120,True,True,0.9999997615814209,0.3036920612305131,0.17967015504837036
id09|p121,pulid,id09,p121,True,True,0.9999841451644897,0.036139651780453516,0.1521512269973755
id10|p121,pulid,id10,p121,True,True,0.999984860420227,0.009352364076996175,0.16721761226654053
id11|p121,pulid,id11,p121,True,False,,,
id12|p121,pulid,id12,p121,True,False,,,
id13|p121,pulid,id13,p121,True,True,0.9999918937683105,0.012620958753389389,0.1437321901321411
id14|p121,pulid,id14,p121,True,True,0.9999994039535522,0.016166142953612513,0.1354348063468933
id15|p121,pulid,id15,p121,True,True,0.9981780052185059,0.014755959241222593,0.9114076346158981
id09|p122,pulid,id09,p122,True,True,0.9999880790710449,0.0534733380437097,0.11480891704559326
id10|p122,pulid,id10,p122,True,True,0.9998807907104492,0.042337956521029216,0.15416181087493896
id11|p122,pulid,id11,p122,True,True,0.9999063014984131,0.06507429028079059,0.16305017471313477
id12|p122,pulid,id12,p122,True,True,0.9999803304672241,0.03711728477158921,0.07054388523101807
id13|p122,pulid,id13,p122,True,True,0.9999995231628418,0.036862778981590114,0.09327751398086548
id14|p122,pulid,id14,p122,True,True,0.9999964237213135,0.07851997625011005,0.10915499925613403
id15|p122,pulid,id15,p122,True,True,0.9999556541442871,0.055762650521558044,0.15029406547546387
id09|p123,pulid,id09,p123,True,True,0.9960762858390808,0.060057661714580844,0.3625655174255371
id10|p123,pulid,id10,p123,True,True,0.9998327493667603,0.04636332958130475,0.1996554136276245
id11|p123,pulid,id11,p123,True,True,0.9999734163284302,0.06157561507931206,0.32006609439849854
id12|p123,pulid,id12,p123,True,True,0.9999986886978149,0.03195073419460978,0.14277130365371704
id13|p123,pulid,id13,p123,True,True,0.8246618509292603,0.04453970528406094,1.039621114730835
id14|p123,pulid,id14,p123,True,True,0.999924898147583,0.07828827549765977,0.28313755989074707
id15|p123,pulid,id15,p123,True,True,0.9163236618041992,0.029632442144966374,0.6100929379463196
id09|p124,pulid,id09,p124,True,True,0.999854326248169,0.027855174821942316,0.23057568073272705
id10|p124,pulid,id10,p124,True,True,0.9998921155929565,0.03435564992377081,0.1738911271095276
id11|p124,pulid,id11,p124,True,True,0.9999983310699463,0.03973686786612571,0.06370049715042114
id12|p124,pulid,id12,p124,True,True,0.999883770942688,0.039855417300897575,0.06160491704940796
id13|p124,pulid,id13,p124,True,True,0.9999531507492065,0.04120908574058387,0.2115376591682434
id14|p124,pulid,id14,p124,True,True,0.9999986886978149,0.047924021501688945,0.11920797824859619
id15|p124,pulid,id15,p124,True,True,0.9999536275863647,0.03357999102831293,0.2009727954864502
id09|p125,pulid,id09,p125,True,True,0.9999991655349731,0.10772252380973164,0.18703073263168335
id10|p125,pulid,id10,p125,True,True,0.9999208450317383,0.1821736895001126,0.2675633430480957
id11|p125,pulid,id11,p125,True,True,0.9999632835388184,0.14459475955616413,0.16061455011367798
id12|p125,pulid,id12,p125,True,True,0.9996193647384644,0.06733884496044859,0.1373620629310608
id13|p125,pulid,id13,p125,True,True,0.9999972581863403,0.15373949724950908,0.22993576526641846
id14|p125,pulid,id14,p125,True,True,0.999997615814209,0.10937125919247184,0.12435978651046753
id15|p125,pulid,id15,p125,True,True,0.9999688863754272,0.10546416590566451,0.13725966215133667
id09|p126,pulid,id09,p126,True,True,0.9999996423721313,0.16618664376752992,0.18062835931777954
id10|p126,pulid,id10,p126,True,True,0.9999978542327881,0.19527207125791013,0.19631338119506836
id11|p126,pulid,id11,p126,True,True,1.0,0.15292760835940677,0.1599266529083252
id12|p126,pulid,id12,p126,True,True,1.0,0.14993279241925772,0.19355404376983643
id13|p126,pulid,id13,p126,True,True,1.0,0.031713653697591666,0.292832612991333
id14|p126,pulid,id14,p126,True,True,1.0,0.144279274211301,0.16951096057891846
id15|p126,pulid,id15,p126,True,True,0.9999994039535522,0.21869947326782202,0.22873473167419434
id09|p127,pulid,id09,p127,True,True,0.999966025352478,0.00954210871010806,0.11314070224761963
id10|p127,pulid,id10,p127,True,True,0.9999488592147827,0.00580014191526832,0.1510867476463318
id11|p127,pulid,id11,p127,True,True,0.9999988079071045,0.0041334156332461,0.13063204288482666
id12|p127,pulid,id12,p127,True,True,0.9999353885650635,0.004973252656288232,0.13041818141937256
id13|p127,pulid,id13,p127,True,True,0.9999998807907104,0.00771562800228548,0.1525440216064453
id14|p127,pulid,id14,p127,True,True,0.9999998807907104,0.003531720972276334,0.20699769258499146
id15|p127,pulid,id15,p127,True,True,0.9999990463256836,0.004652340560822215,0.18480509519577026
id09|p128,pulid,id09,p128,True,True,0.9999954700469971,0.08843176046215706,0.16056382656097412
id10|p128,pulid,id10,p128,True,True,0.9999997615814209,0.08678330906662608,0.14310038089752197
id11|p128,pulid,id11,p128,True,True,0.9998182654380798,0.06456311245498045,0.07017368078231812
id12|p128,pulid,id12,p128,True,True,0.9999971389770508,0.08523823928017346,0.07544749975204468
id13|p128,pulid,id13,p128,True,True,1.0,0.15957208524702668,0.19473052024841309
id14|p128,pulid,id14,p128,True,True,0.9999986886978149,0.08858792254675701,0.1646963357925415
id15|p128,pulid,id15,p128,True,True,0.9999994039535522,0.06367799676861532,0.0980190634727478
id09|p129,pulid,id09,p129,True,True,0.999987006187439,0.03452584641914863,0.161523699760437
id10|p129,pulid,id10,p129,True,True,0.9999921321868896,0.03463604115010617,0.18274527788162231
id11|p129,pulid,id11,p129,True,True,0.9999949932098389,0.025303517013788752,0.0963178277015686
id12|p129,pulid,id12,p129,True,True,0.9993270635604858,0.037782877144165776,0.06098771095275879
id13|p129,pulid,id13,p129,True,True,0.9999998807907104,0.04018274841172085,0.14805608987808228
id14|p129,pulid,id14,p129,True,True,1.0,0.01851155693656154,0.12100768089294434
id15|p129,pulid,id15,p129,True,True,0.9999971389770508,0.03193086407626663,0.15090417861938477
id09|p130,pulid,id09,p130,True,True,0.9997316002845764,0.004590638319638472,0.990751413628459
id10|p130,pulid,id10,p130,True,False,,,
id11|p130,pulid,id11,p130,True,False,,,
id12|p130,pulid,id12,p130,True,True,0.9397141337394714,0.07853693693226871,0.8470123112201691
id13|p130,pulid,id13,p130,True,True,0.8058841824531555,0.004500941495527154,0.8883675783872604
id14|p130,pulid,id14,p130,True,True,0.7361088991165161,0.00275646560170751,0.8843577653169632
id15|p130,pulid,id15,p130,True,False,,,
id09|p131,pulid,id09,p131,True,True,0.9999964237213135,0.05767277987465492,0.10870766639709473
id10|p131,pulid,id10,p131,True,True,0.9999970197677612,0.023502848117134354,0.13508546352386475
id11|p131,pulid,id11,p131,True,True,0.9999866485595703,0.037554626136629514,0.08324086666107178
id12|p131,pulid,id12,p131,True,True,0.9999946355819702,0.05716866781208578,0.06173735857009888
id13|p131,pulid,id13,p131,True,True,0.9999967813491821,0.04559611419122701,0.13131022453308105
id14|p131,pulid,id14,p131,True,True,0.9999998807907104,0.06896386373656557,0.12695848941802979
id15|p131,pulid,id15,p131,True,True,0.9999994039535522,0.02909835810802869,0.15403389930725098
id09|p132,pulid,id09,p132,True,True,0.999971866607666,0.006003198180383058,0.1285489797592163
id10|p132,pulid,id10,p132,True,True,0.9999972581863403,0.00685977065714488,0.3321226239204407
id11|p132,pulid,id11,p132,True,True,0.9997984766960144,0.006588885628464898,0.1362771987915039
id12|p132,pulid,id12,p132,True,True,0.9999933242797852,0.0046982696693686635,0.1751624345779419
id13|p132,pulid,id13,p132,True,True,0.9999910593032837,0.018994493300718562,0.13740628957748413
id14|p132,pulid,id14,p132,True,True,0.9999961853027344,0.004491253926083253,0.13368111848831177
id15|p132,pulid,id15,p132,True,True,0.9999972581863403,0.00736980324458602,0.1747053861618042
id09|p133,pulid,id09,p133,True,True,0.9999881982803345,0.018428453980018293,0.1337619423866272
id10|p133,pulid,id10,p133,True,True,0.9999986886978149,0.011026309523230313,0.16187560558319092
id11|p133,pulid,id11,p133,True,True,0.9999949932098389,0.008374121218891705,0.10902649164199829
id12|p133,pulid,id12,p133,True,True,0.9999723434448242,0.010374662042796846,0.06943875551223755
id13|p133,pulid,id13,p133,True,True,0.9999920129776001,0.019537355294266524,0.12179189920425415
id14|p133,pulid,id14,p133,True,True,0.9999949932098389,0.009446567630372252,0.17954140901565552
id15|p133,pulid,id15,p133,True,True,0.9999997615814209,0.025371878804137705,0.09603893756866455
id09|p134,pulid,id09,p134,True,True,0.9999790191650391,0.028330743801863602,0.12347155809402466
id10|p134,pulid,id10,p134,True,True,0.9999643564224243,0.014059167933946988,0.11282473802566528
id11|p134,pulid,id11,p134,True,True,0.9998453855514526,0.00923107324613686,0.12329268455505371
id12|p134,pulid,id12,p134,True,True,0.9999974966049194,0.007933740297409897,0.10036444664001465
id13|p134,pulid,id13,p134,True,True,0.9999943971633911,0.011245540955323359,0.12233424186706543
id14|p134,pulid,id14,p134,True,True,0.9999953508377075,0.008630162690815924,0.175320565700531
id15|p134,pulid,id15,p134,True,True,0.9999986886978149,0.009566683963827587,0.1336308717727661
id09|p135,pulid,id09,p135,True,True,0.999848484992981,0.3457032052101923,0.5244145691394806
id10|p135,pulid,id10,p135,True,True,0.9999920129776001,0.3212199195818338,0.3653860092163086
id11|p135,pulid,id11,p135,True,True,0.999829888343811,0.2683029786880156,0.30977654457092285
id12|p135,pulid,id12,p135,True,True,1.0,0.2691251955311899,0.267045795917511
id13|p135,pulid,id13,p135,True,True,0.9999995231628418,0.3448516972285677,0.30181455612182617
id14|p135,pulid,id14,p135,True,True,0.9999959468841553,0.32932124908540983,0.3160857558250427
id15|p135,pulid,id15,p135,True,True,0.9995368719100952,0.563218369060543,0.3562666177749634
id09|p136,pulid,id09,p136,True,True,0.9999066591262817,0.025774205868030153,0.18726730346679688
id10|p136,pulid,id10,p136,True,True,0.9998891353607178,0.015915894502533563,0.1292654275894165
id11|p136,pulid,id11,p136,True,True,0.9999887943267822,0.017528903389548937,0.07601708173751831
id12|p136,pulid,id12,p136,True,True,0.9999892711639404,0.018553494842240913,0.07790815830230713
id13|p136,pulid,id13,p136,True,True,0.9999998807907104,0.02662365834757908,0.14202237129211426
id14|p136,pulid,id14,p136,True,True,0.9999839067459106,0.03965849167416487,0.1491628885269165
id15|p136,pulid,id15,p136,True,True,1.0,0.030982673048558555,0.1482919454574585
id09|p137,pulid,id09,p137,True,True,0.999995231628418,0.02091033197130956,0.08649176359176636
id10|p137,pulid,id10,p137,True,True,0.9999964237213135,0.014983489917907074,0.1127970814704895
id11|p137,pulid,id11,p137,True,True,0.9998793601989746,0.026684294072765624,0.07280093431472778
id12|p137,pulid,id12,p137,True,True,0.9999995231628418,0.02080281471917597,0.07175248861312866
id13|p137,pulid,id13,p137,True,True,0.9999994039535522,0.00844773697270812,0.20190882682800293
id14|p137,pulid,id14,p137,True,True,0.9999997615814209,0.019237799171422335,0.08671844005584717
id15|p137,pulid,id15,p137,True,True,0.9999967813491821,0.030124520182855323,0.11961042881011963
id09|p138,pulid,id09,p138,True,True,0.9999921321868896,0.43529392184108073,0.18802523612976074
id10|p138,pulid,id10,p138,True,True,0.9989942908287048,0.3555483593328592,0.3661944270133972
id11|p138,pulid,id11,p138,True,True,0.9999048709869385,0.3157053970946413,0.09301167726516724
id12|p138,pulid,id12,p138,True,True,0.9999680519104004,1.3023025253463731,0.30965036153793335
id13|p138,pulid,id13,p138,True,True,0.9984641075134277,1.1644047190601652,0.3613455891609192
id14|p138,pulid,id14,p138,True,True,0.9998363256454468,0.8731360720506237,0.39279085397720337
id15|p138,pulid,id15,p138,True,True,0.999947190284729,0.37625076351385883,0.20960217714309692
id09|p139,pulid,id09,p139,True,False,,,
id10|p139,pulid,id10,p139,True,True,0.9898576736450195,0.02398902234052951,0.24628758430480957
id11|p139,pulid,id11,p139,True,True,0.999984860420227,0.008509576188434611,0.12013137340545654
id12|p139,pulid,id12,p139,True,True,0.9999881982803345,0.00497211394720883,0.1769864559173584
id13|p139,pulid,id13,p139,True,True,0.9999557733535767,0.014535329631607292,0.16667604446411133
id14|p139,pulid,id14,p139,True,True,0.9999946355819702,0.006080839584638504,0.1624009609222412
id15|p139,pulid,id15,p139,True,True,0.9999996423721313,0.004400363345223327,0.17818939685821533
id09|p140,pulid,id09,p140,True,True,0.9999979734420776,0.012148358338789775,0.11917924880981445
id10|p140,pulid,id10,p140,True,True,0.9994315505027771,0.007387531031664262,0.24951589107513428
id11|p140,pulid,id11,p140,True,True,0.9999856948852539,0.010628959370478697,0.22327196598052979
id12|p140,pulid,id12,p140,True,True,0.9999574422836304,0.009933348334482488,0.07756972312927246
id13|p140,pulid,id13,p140,True,True,0.9999924898147583,0.006858595514592423,0.11869651079177856
id14|p140,pulid,id14,p140,True,True,0.9999986886978149,0.009111698717197962,0.21836388111114502
id15|p140,pulid,id15,p140,True,True,0.736850380897522,0.004331844426917682,0.5716734528541565
id09|p141,pulid,id09,p141,True,True,0.9999723434448242,0.33491760558748446,0.2260587215423584
id10|p141,pulid,id10,p141,True,True,0.9999980926513672,0.2737186888756679,0.182944655418396
id11|p141,pulid,id11,p141,True,True,0.9999593496322632,0.24049022856551638,0.07166075706481934
id12|p141,pulid,id12,p141,True,True,0.9999996423721313,0.16461775070831805,0.14905017614364624
id13|p141,pulid,id13,p141,True,True,0.9999995231628418,0.21670936286864348,0.1777094602584839
id14|p141,pulid,id14,p141,True,True,0.9999630451202393,0.2496532801612633,0.12047404050827026
id15|p141,pulid,id15,p141,True,True,0.9999985694885254,0.26777221172754806,0.202281653881073
id09|p142,pulid,id09,p142,True,True,0.7451379299163818,0.023377889208455196,1.0368745997548103
id10|p142,pulid,id10,p142,True,True,0.9999986886978149,0.006351766320367909,0.16216224431991577
id11|p142,pulid,id11,p142,True,True,0.7625400424003601,0.004199922152051073,0.9886090029031038
id12|p142,pulid,id12,p142,True,True,0.999997615814209,0.005859553720194616,0.11686879396438599
id13|p142,pulid,id13,p142,True,True,0.746131956577301,0.0010723989423386678,0.6676708459854126
id14|p142,pulid,id14,p142,True,False,,,
id15|p142,pulid,id15,p142,True,True,0.9138184189796448,0.002246612861934993,0.8235625624656677
id09|p143,pulid,id09,p143,True,True,0.9999668598175049,0.035071832084156776,0.24236690998077393
id10|p143,pulid,id10,p143,True,True,0.9997064471244812,0.01719306817402279,0.1433863639831543
id11|p143,pulid,id11,p143,True,True,0.9993512034416199,0.01585714836100977,0.11709737777709961
id12|p143,pulid,id12,p143,True,True,0.9999997615814209,0.024212785583492512,0.10824239253997803
id13|p143,pulid,id13,p143,True,True,0.9999926090240479,0.028062266368234667,0.1160651445388794
id14|p143,pulid,id14,p143,True,True,0.9999903440475464,0.033676851817664576,0.18556642532348633
id15|p143,pulid,id15,p143,True,True,0.9999996423721313,0.02672011651279044,0.10611045360565186
id09|p144,pulid,id09,p144,True,True,0.9999884366989136,0.19050967409156958,0.16546392440795898
id10|p144,pulid,id10,p144,True,True,0.999987006187439,0.17146205129933556,0.21327710151672363
id11|p144,pulid,id11,p144,True,True,0.9989526271820068,0.04091751784076616,0.07129466533660889
id12|p144,pulid,id12,p144,True,True,0.9999923706054688,0.11927665360143759,0.06957250833511353
id13|p144,pulid,id13,p144,True,True,0.999957799911499,0.25607425812705203,0.24303585290908813
id14|p144,pulid,id14,p144,True,True,0.9999946355819702,0.18982221135755667,0.14167344570159912
id15|p144,pulid,id15,p144,True,True,0.9997478127479553,0.07507590003550843,0.14955741167068481
id09|p145,pulid,id09,p145,True,True,0.7614176273345947,0.0030204988541471995,0.8784823268651962
id10|p145,pulid,id10,p145,True,True,0.9999164342880249,0.004378814261489061,0.7666318118572235
id11|p145,pulid,id11,p145,True,True,0.8725453019142151,0.009787850216996494,0.9954241579398513
id12|p145,pulid,id12,p145,True,True,0.725145161151886,0.014416117959020388,0.9781366214156151
id13|p145,pulid,id13,p145,True,True,0.9999955892562866,0.005720347977141665,0.3939988613128662
id14|p145,pulid,id14,p145,True,True,0.9998636245727539,0.01616644212184905,0.4077102541923523
id15|p145,pulid,id15,p145,True,True,0.9999288320541382,0.021932181269800666,0.20303326845169067
id09|p146,pulid,id09,p146,True,True,0.9996601343154907,0.0324786429099139,0.14348828792572021
id10|p146,pulid,id10,p146,True,True,0.9997524619102478,0.021995315588619745,0.1649303436279297
id11|p146,pulid,id11,p146,True,True,0.9988272786140442,0.0171857546793428,0.10335326194763184
id12|p146,pulid,id12,p146,True,True,0.9999796152114868,0.01838581548097998,0.07710272073745728
id13|p146,pulid,id13,p146,True,True,0.9999997615814209,0.03870837929095199,0.14424604177474976
id14|p146,pulid,id14,p146,True,True,0.9999676942825317,0.028232866129554977,0.1286141276359558
id15|p146,pulid,id15,p146,True,True,0.9996631145477295,0.025839919513389764,0.13157802820205688
id09|p147,pulid,id09,p147,True,True,0.9999990463256836,0.002141179433086412,0.3066031336784363
id10|p147,pulid,id10,p147,True,True,0.9999579191207886,0.0039817964542571685,0.23349034786224365
id11|p147,pulid,id11,p147,True,True,0.9999973773956299,0.0006459254888604958,0.6205725073814392
id12|p147,pulid,id12,p147,True,True,0.9999634027481079,0.0003657992000861904,0.5395434200763702
id13|p147,pulid,id13,p147,True,True,1.0,0.005019754016656306,0.18245738744735718
id14|p147,pulid,id14,p147,True,True,0.9999912977218628,0.0030387620248523866,0.2114824652671814
id15|p147,pulid,id15,p147,True,True,0.9999998807907104,0.0018819598665568602,0.39499831199645996
id09|p148,pulid,id09,p148,True,True,0.9999102354049683,0.036346230975826156,0.2545759081840515
id10|p148,pulid,id10,p148,True,True,0.9999991655349731,0.06911418639947395,0.14591753482818604
id11|p148,pulid,id11,p148,True,True,0.9999970197677612,0.06638850584867366,0.11552655696868896
id12|p148,pulid,id12,p148,True,True,0.9999994039535522,0.04765605997161199,0.09054374694824219
id13|p148,pulid,id13,p148,True,True,0.9999955892562866,0.06055447046707587,0.2635209560394287
id14|p148,pulid,id14,p148,True,True,0.9999873638153076,0.060133893888717094,0.10731959342956543
id15|p148,pulid,id15,p148,True,True,0.9999988079071045,0.050078199666965396,0.15228337049484253
id09|p149,pulid,id09,p149,True,True,0.9999793767929077,0.027128290881562024,0.13697683811187744
id10|p149,pulid,id10,p149,True,False,,,
id11|p149,pulid,id11,p149,True,False,,,
id12|p149,pulid,id12,p149,True,False,,,
id13|p149,pulid,id13,p149,True,False,,,
id14|p149,pulid,id14,p149,True,True,0.738555908203125,0.0013783372938425242,1.014650970697403
id15|p149,pulid,id15,p149,True,False,,,
id09|p150,pulid,id09,p150,True,True,0.9999301433563232,0.21318785314245495,0.1530369520187378
id10|p150,pulid,id10,p150,True,True,0.9999963045120239,0.201527566961433,0.20350295305252075
id11|p150,pulid,id11,p150,True,True,0.9999822378158569,0.1101853731972066,0.08119148015975952
id12|p150,pulid,id12,p150,True,True,1.0,0.11841702461847509,0.0812753438949585
id13|p150,pulid,id13,p150,True,True,0.9999996423721313,0.1258403215659653,0.167610764503479
id14|p150,pulid,id14,p150,True,True,1.0,0.14578353727461035,0.1210893988609314
id15|p150,pulid,id15,p150,True,True,0.999998927116394,0.09032596284650973,0.16749894618988037
id09|p151,pulid,id09,p151,True,False,,,
id10|p151,pulid,id10,p151,True,False,,,
id11|p151,pulid,id11,p151,True,False,,,
id12|p151,pulid,id12,p151,True,False,,,
id13|p151,pulid,id13,p151,True,False,,,
id14|p151,pulid,id14,p151,True,False,,,
id15|p151,pulid,id15,p151,True,False,,,
id09|p152,pulid,id09,p152,True,True,0.7218515872955322,0.0025409165573478626,0.9375151991844177
id10|p152,pulid,id10,p152,True,False,,,
id11|p152,pulid,id11,p152,True,False,,,
id12|p152,pulid,id12,p152,True,False,,,
id13|p152,pulid,id13,p152,True,False,,,
id14|p152,pulid,id14,p152,True,False,,,
id15|p152,pulid,id15,p152,True,False,,,
id09|p153,pulid,id09,p153,True,True,0.999998927116394,0.0068977931053945995,0.1254255771636963
id10|p153,pulid,id10,p153,True,True,0.999996542930603,0.006010436583854546,0.20412594079971313
id11|p153,pulid,id11,p153,True,True,0.9999830722808838,0.006741745823426103,0.09801292419433594
id12|p153,pulid,id12,p153,True,True,0.9999970197677612,0.006790194270078855,0.15220290422439575
id13|p153,pulid,id13,p153,True,True,0.9999972581863403,0.012588182893379384,0.12238585948944092
id14|p153,pulid,id14,p153,True,True,0.9999998807907104,0.009433884405128948,0.16286808252334595
id15|p153,pulid,id15,p153,True,True,1.0,0.01320094076933052,0.12059569358825684
id09|p154,pulid,id09,p154,True,True,0.9988540410995483,0.004343859106884638,0.3121301531791687
id10|p154,pulid,id10,p154,True,True,0.999997615814209,0.006769696712544716,0.1302626132965088
id11|p154,pulid,id11,p154,True,True,0.999993085861206,0.005567632488798412,0.39246970415115356
id12|p154,pulid,id12,p154,True,True,0.9997782111167908,0.004244286415884329,0.13229703903198242
id13|p154,pulid,id13,p154,True,True,0.9999773502349854,0.005161428044252136,0.18641966581344604
id14|p154,pulid,id14,p154,True,True,0.9999995231628418,0.006960063125560786,0.18234574794769287
id15|p154,pulid,id15,p154,True,True,0.9970365762710571,0.00515922363597327,0.9425767287611961
id09|p155,pulid,id09,p155,True,True,0.9999957084655762,0.0077129983215235304,0.15208518505096436
id10|p155,pulid,id10,p155,True,True,0.9999935626983643,0.016128885701725524,0.15021783113479614
id11|p155,pulid,id11,p155,True,True,0.9999934434890747,0.00929019859678452,0.11211508512496948
id12|p155,pulid,id12,p155,True,True,0.9999949932098389,0.012116053389683598,0.08805322647094727
id13|p155,pulid,id13,p155,True,True,0.8612141013145447,0.007545402609506066,0.8686852306127548
id14|p155,pulid,id14,p155,True,True,0.9999904632568359,0.0094855152883648,0.17882812023162842
id15|p155,pulid,id15,p155,True,True,0.9999428987503052,0.005386421439570281,0.3268813490867615
id09|p156,pulid,id09,p156,True,True,0.999901533126831,0.4971319534737839,0.252685010433197
id10|p156,pulid,id10,p156,True,True,0.999998927116394,0.3104338613152355,0.25287795066833496
id11|p156,pulid,id11,p156,True,True,0.9999918937683105,0.22269155886794612,0.09194159507751465
id12|p156,pulid,id12,p156,True,True,1.0,0.1905769916997197,0.13516467809677124
id13|p156,pulid,id13,p156,True,True,0.9999750852584839,0.25956458242138525,0.1405808925628662
id14|p156,pulid,id14,p156,True,True,0.9999994039535522,0.25323496030661263,0.16890215873718262
id15|p156,pulid,id15,p156,True,True,0.9999998807907104,0.33807189473099963,0.2009393572807312
id09|p157,pulid,id09,p157,True,True,0.9999880790710449,0.02311589223343078,0.14067137241363525
id10|p157,pulid,id10,p157,True,True,0.9995352029800415,0.03183501360399532,0.19452953338623047
id11|p157,pulid,id11,p157,True,True,0.9967849254608154,0.03629404629739355,0.07564616203308105
id12|p157,pulid,id12,p157,True,True,0.9999996423721313,0.05631885440571103,0.10030031204223633
id13|p157,pulid,id13,p157,True,True,0.9998915195465088,0.02793513827208635,0.1901392936706543
id14|p157,pulid,id14,p157,True,True,0.9999955892562866,0.03508072953744617,0.10599946975708008
id15|p157,pulid,id15,p157,True,True,0.9999958276748657,0.03849606704154676,0.11410391330718994
id09|p158,pulid,id09,p158,True,True,0.9999752044677734,0.010694858483497856,0.12573200464248657
id10|p158,pulid,id10,p158,True,True,0.9999918937683105,0.011015654061013243,0.1946347951889038
id11|p158,pulid,id11,p158,True,True,0.9999997615814209,0.005771362247736603,0.1471964716911316
id12|p158,pulid,id12,p158,True,True,0.9999986886978149,0.0070733653556538986,0.10623067617416382
id13|p158,pulid,id13,p158,True,True,0.9337567090988159,0.007753556972139156,0.7952973544597626
id14|p158,pulid,id14,p158,True,True,0.9999998807907104,0.004432182554444867,0.1909770965576172
id15|p158,pulid,id15,p158,True,True,0.9999905824661255,0.0040376890459391775,0.17874401807785034
id09|p159,pulid,id09,p159,True,True,0.999997615814209,0.23530877908086933,0.1874159574508667
id10|p159,pulid,id10,p159,True,True,0.9999891519546509,0.21799427025566326,0.15843796730041504
id11|p159,pulid,id11,p159,True,True,0.9990204572677612,0.20618495682027307,0.1512535810470581
id12|p159,pulid,id12,p159,True,True,0.999998927116394,0.16931857355243551,0.20892906188964844
id13|p159,pulid,id13,p159,True,True,0.9999946355819702,0.2774582997346869,0.10915428400039673
id14|p159,pulid,id14,p159,True,True,0.9999884366989136,0.15514277697008294,0.15996670722961426
id15|p159,pulid,id15,p159,True,True,0.9999942779541016,0.31538423742934657,0.18095272779464722
id09|p160,pulid,id09,p160,True,True,0.9999988079071045,0.025529477387728414,0.14493238925933838
id10|p160,pulid,id10,p160,True,True,0.9995354413986206,0.034836037854914556,0.30487990379333496
id11|p160,pulid,id11,p160,True,True,0.999995231628418,0.040708836434077966,0.8433391451835632
id12|p160,pulid,id12,p160,True,True,0.9999985694885254,0.036612304735649276,0.08824145793914795
id13|p160,pulid,id13,p160,True,True,0.9999984502792358,0.023446995789818136,0.10524177551269531
id14|p160,pulid,id14,p160,True,True,0.9998138546943665,0.06466456562442444,0.09638363122940063
id15|p160,pulid,id15,p160,True,True,0.9999760389328003,0.04643027162971966,0.11342471837997437
id09|p161,pulid,id09,p161,True,True,0.9999914169311523,0.01959975572352447,0.13946795463562012
id10|p161,pulid,id10,p161,True,True,0.993517279624939,0.008320869197102407,0.8742043524980545
id11|p161,pulid,id11,p161,True,True,0.9999852180480957,0.004381348513816043,0.16232740879058838
id12|p161,pulid,id12,p161,True,True,0.9748228788375854,0.005084973986806379,0.45413529872894287
id13|p161,pulid,id13,p161,True,False,,,
id14|p161,pulid,id14,p161,True,False,,,
id15|p161,pulid,id15,p161,True,True,0.9948148131370544,0.0054367367803453085,1.1046381145715714
id09|p162,pulid,id09,p162,True,True,0.9999969005584717,0.012555179443907898,0.10140478610992432
id10|p162,pulid,id10,p162,True,True,0.9999998807907104,0.015246943251567145,0.10323214530944824
id11|p162,pulid,id11,p162,True,True,0.9988723397254944,0.009447732902319532,0.09122979640960693
id12|p162,pulid,id12,p162,True,True,0.9999992847442627,0.005326547050781712,0.1589505672454834
id13|p162,pulid,id13,p162,True,True,0.9999998807907104,0.010938788517643933,0.1284792423248291
id14|p162,pulid,id14,p162,True,True,0.9999997615814209,0.010278058289543658,0.14592188596725464
id15|p162,pulid,id15,p162,True,True,1.0,0.013096034113412824,0.138511061668396
id09|p163,pulid,id09,p163,True,True,0.9996684789657593,0.07679398825721533,0.19193238019943237
id10|p163,pulid,id10,p163,True,True,0.999666690826416,0.03379412590464483,0.14232951402664185
id11|p163,pulid,id11,p163,True,True,0.9999656677246094,0.05407488309532272,0.060228586196899414
id12|p163,pulid,id12,p163,True,True,0.999687671661377,0.03339577574641585,0.14156699180603027
id13|p163,pulid,id13,p163,True,True,0.9999992847442627,0.05804909161120852,0.20367878675460815
id14|p163,pulid,id14,p163,True,True,0.9999996423721313,0.033344862035595745,0.0867660641670227
id15|p163,pulid,id15,p163,True,True,0.9995083808898926,0.03705109550569413,0.31792956590652466
id09|p164,pulid,id09,p164,True,False,,,
id10|p164,pulid,id10,p164,True,True,0.9904428124427795,0.007005328311640403,0.7406498789787292
id11|p164,pulid,id11,p164,True,True,0.8611681461334229,0.021074792371880195,1.003992977552116
id12|p164,pulid,id12,p164,True,True,0.9153528213500977,0.008437669498797968,0.6983088850975037
id13|p164,pulid,id13,p164,True,True,0.9928765892982483,0.002503383277222765,0.6312203705310822
id14|p164,pulid,id14,p164,True,True,0.9545896053314209,0.004911845382083149,0.5242432057857513
id15|p164,pulid,id15,p164,True,True,0.9962058067321777,0.010250210138533495,0.7037802934646606
id09|p165,pulid,id09,p165,True,True,0.9999514818191528,0.7234690851015684,0.23575377464294434
id10|p165,pulid,id10,p165,True,True,0.9999994039535522,0.4573910762514397,0.27185285091400146
id11|p165,pulid,id11,p165,True,True,0.9999853372573853,0.4560700472603874,0.11258316040039062
id12|p165,pulid,id12,p165,True,True,0.9999998807907104,0.4158776372178097,0.2042650580406189
id13|p165,pulid,id13,p165,True,True,0.9999998807907104,0.7119758893955043,0.25117790699005127
id14|p165,pulid,id14,p165,True,True,0.9999996423721313,0.5842932268171209,0.14075839519500732
id15|p165,pulid,id15,p165,True,True,0.9999462366104126,0.5634615456082372,0.3009742498397827
id09|p166,pulid,id09,p166,True,True,0.9991427659988403,0.06737375803396266,0.22845548391342163
id10|p166,pulid,id10,p166,True,True,0.9727746248245239,0.04016528389771607,0.29935359954833984
id11|p166,pulid,id11,p166,True,True,0.9972333312034607,0.037361870612430945,0.2402539849281311
id12|p166,pulid,id12,p166,True,True,0.999992847442627,0.06167047443727263,0.13189339637756348
id13|p166,pulid,id13,p166,True,True,0.9999924898147583,0.07555873977729295,0.17298805713653564
id14|p166,pulid,id14,p166,True,True,0.9999986886978149,0.04258909733274545,0.16359734535217285
id15|p166,pulid,id15,p166,True,True,0.9999319314956665,0.08091937099364001,0.19012635946273804
id09|p167,pulid,id09,p167,True,True,0.9999985694885254,0.006087091028120059,0.11789524555206299
id10|p167,pulid,id10,p167,True,True,0.9999923706054688,0.004521262907078212,0.24663972854614258
id11|p167,pulid,id11,p167,True,True,0.9999951124191284,0.00597949146777797,0.1413692831993103
id12|p167,pulid,id12,p167,True,True,0.9999998807907104,0.006974622921557001,0.13130128383636475
id13|p167,pulid,id13,p167,True,True,0.9999897480010986,0.004980827748843212,0.149206280708313
id14|p167,pulid,id14,p167,True,True,0.9998509883880615,0.002764130400764059,1.0744765177369118
id15|p167,pulid,id15,p167,True,True,0.9999985694885254,0.005192509937505411,0.1553422212600708
id09|p168,pulid,id09,p168,True,True,0.9999896287918091,0.07979120827627803,0.1261347532272339
id10|p168,pulid,id10,p168,True,True,0.9999942779541016,0.09087548482002715,0.1660170555114746
id11|p168,pulid,id11,p168,True,True,0.9996970891952515,0.08016487293147341,0.08901941776275635
id12|p168,pulid,id12,p168,True,True,0.9999991655349731,0.028614090288582993,0.059492409229278564
id13|p168,pulid,id13,p168,True,True,1.0,0.0739492142932749,0.15638697147369385
id14|p168,pulid,id14,p168,True,True,0.9999997615814209,0.06380348162855187,0.08762383460998535
id15|p168,pulid,id15,p168,True,True,0.9999510049819946,0.03717740291791628,0.11452996730804443
id09|p169,pulid,id09,p169,True,True,0.9999982118606567,0.6556068716576197,0.23843896389007568
id10|p169,pulid,id10,p169,True,True,0.9993513226509094,0.3090136952102246,0.256342351436615
id11|p169,pulid,id11,p169,True,True,0.998953104019165,0.294121688273453,0.25811755657196045
id12|p169,pulid,id12,p169,True,True,0.9998346567153931,0.4822354134181045,0.3616909980773926
id13|p169,pulid,id13,p169,True,True,0.999840259552002,0.40372915976908613,0.17957031726837158
id14|p169,pulid,id14,p169,True,True,0.999987006187439,0.24755592814965524,0.2302769422531128
id15|p169,pulid,id15,p169,True,True,0.9999594688415527,0.3294385787418238,0.29870283603668213
id09|p170,pulid,id09,p170,True,False,,,
id10|p170,pulid,id10,p170,True,False,,,
id11|p170,pulid,id11,p170,True,False,,,
id12|p170,pulid,id12,p170,True,True,0.9995667338371277,0.021557482919639676,0.14471197128295898
id13|p170,pulid,id13,p170,True,True,0.8910389542579651,0.06659512296502929,0.8431183397769928
id14|p170,pulid,id14,p170,True,False,,,
id15|p170,pulid,id15,p170,True,False,,,
id09|p171,pulid,id09,p171,True,True,0.9995595812797546,0.027333020598765263,0.2620466947555542
id10|p171,pulid,id10,p171,True,True,0.9972303509712219,0.023339551354188786,0.21789133548736572
id11|p171,pulid,id11,p171,True,True,0.9999374151229858,0.02022443959817287,0.07386493682861328
id12|p171,pulid,id12,p171,True,True,0.9999861717224121,0.02782410555910864,0.13779973983764648
id13|p171,pulid,id13,p171,True,True,0.9999867677688599,0.028671281531924504,0.1400831937789917
id14|p171,pulid,id14,p171,True,True,0.9999366998672485,0.027194936585049623,0.1502763032913208
id15|p171,pulid,id15,p171,True,True,0.9999103546142578,0.030263981961095882,0.09674715995788574
id09|p172,pulid,id09,p172,True,True,0.9999977350234985,0.2664232082415278,0.1790892481803894
id10|p172,pulid,id10,p172,True,True,0.9999990463256836,0.24923303419155043,0.18506276607513428
id11|p172,pulid,id11,p172,True,True,0.9999853372573853,0.26224397711143305,0.08445113897323608
id12|p172,pulid,id12,p172,True,True,0.9999947547912598,0.2613247119495882,0.18000370264053345
id13|p172,pulid,id13,p172,True,True,1.0,0.17607210458750777,0.14835011959075928
id14|p172,pulid,id14,p172,True,True,0.9999974966049194,0.17110581985733928,0.0880206823348999
id15|p172,pulid,id15,p172,True,True,0.9999998807907104,0.327545347248353,0.18516522645950317
id09|p173,pulid,id09,p173,True,True,0.9999996423721313,0.0058230403065459135,0.19879305362701416
id10|p173,pulid,id10,p173,True,True,0.8097883462905884,0.0054177888699006435,0.9770177006721497
id11|p173,pulid,id11,p173,True,True,0.7762501835823059,0.0029199431210238692,1.0420277044177055
id12|p173,pulid,id12,p173,True,True,0.9215638041496277,0.007290031195368472,1.0063289059326053
id13|p173,pulid,id13,p173,True,True,0.7312068343162537,0.008560885047109716,0.6273346841335297
id14|p173,pulid,id14,p173,True,True,0.7916575074195862,0.004940519612622059,0.7342951595783234
id15|p173,pulid,id15,p173,True,True,0.8929038047790527,0.008050239040046538,0.7889438271522522
id09|p174,pulid,id09,p174,True,False,,,
id10|p174,pulid,id10,p174,True,True,0.9999942779541016,0.009244572548977661,0.14720302820205688
id11|p174,pulid,id11,p174,True,True,0.9996103644371033,0.004379164686752905,0.5534400343894958
id12|p174,pulid,id12,p174,True,True,0.9999997615814209,0.007109591958093612,0.13525080680847168
id13|p174,pulid,id13,p174,True,True,0.9527397751808167,0.0013699665355058413,0.9109918624162674
id14|p174,pulid,id14,p174,True,False,,,
id15|p174,pulid,id15,p174,True,True,0.9996340274810791,0.005426309896300289,0.3082784414291382
id09|p175,pulid,id09,p175,True,True,0.9999940395355225,0.09163576789628884,0.1753556728363037
id10|p175,pulid,id10,p175,True,True,0.9999370574951172,0.016472980371236564,0.10751539468765259
id11|p175,pulid,id11,p175,True,True,0.9999780654907227,0.01980618400744571,0.07898151874542236
id12|p175,pulid,id12,p175,True,True,1.0,0.025390764571198224,0.07439959049224854
id13|p175,pulid,id13,p175,True,True,0.9999778270721436,0.0405017552815547,0.09947943687438965
id14|p175,pulid,id14,p175,True,True,0.9999998807907104,0.025309056896424,0.11716049909591675
id15|p175,pulid,id15,p175,True,True,0.9999979734420776,0.03945572234754393,0.1165502667427063
id09|p176,pulid,id09,p176,True,True,0.9888156652450562,0.00866089607896154,0.33854377269744873
id10|p176,pulid,id10,p176,True,True,0.9945019483566284,0.0045164468673770716,0.28716230392456055
id11|p176,pulid,id11,p176,True,True,0.978337824344635,0.004146923402105231,0.987340684980154
id12|p176,pulid,id12,p176,True,True,0.9999865293502808,0.014803720181928319,0.06879204511642456
id13|p176,pulid,id13,p176,True,True,0.9938238859176636,0.010924849228875006,0.21506643295288086
id14|p176,pulid,id14,p176,True,True,0.9999967813491821,0.007743268515663651,0.19442278146743774
id15|p176,pulid,id15,p176,True,True,0.9966821074485779,0.01361270092971092,0.26369988918304443
id09|p177,pulid,id09,p177,True,True,0.9999774694442749,0.5445706544612091,0.46010124683380127
id10|p177,pulid,id10,p177,True,True,0.9999903440475464,0.37732150810486725,0.2752746343612671
id11|p177,pulid,id11,p177,True,True,0.9992697834968567,0.4817215193427348,0.41887354850769043
id12|p177,pulid,id12,p177,True,True,0.9999972581863403,0.40337414480273126,0.3518444299697876
id13|p177,pulid,id13,p177,True,True,0.9999974966049194,0.39732195689934613,0.2801140546798706
id14|p177,pulid,id14,p177,True,True,0.9999864101409912,0.34382207752056543,0.2732006311416626
id15|p177,pulid,id15,p177,True,True,0.9999998807907104,0.48516233610711634,0.27464020252227783
id09|p178,pulid,id09,p178,True,True,0.9999943971633911,0.007625990892356528,0.10970854759216309
id10|p178,pulid,id10,p178,True,False,,,
id11|p178,pulid,id11,p178,True,True,0.7550680041313171,0.004539295565920816,1.212363287806511
id12|p178,pulid,id12,p178,True,False,,,
id13|p178,pulid,id13,p178,True,False,,,
id14|p178,pulid,id14,p178,True,True,0.9882577061653137,0.003496440001954459,0.7960139811038971
id15|p178,pulid,id15,p178,True,True,0.7247864007949829,0.00979830651832202,0.9631350412964821
id09|p179,pulid,id09,p179,True,True,0.9997155070304871,0.024277234165385658,0.37655287981033325
id10|p179,pulid,id10,p179,True,True,0.9999797344207764,0.055131332196090364,0.11279261112213135
id11|p179,pulid,id11,p179,True,True,0.9996328353881836,0.05073035363875159,0.251520037651062
id12|p179,pulid,id12,p179,True,True,0.9999996423721313,0.05541085028120124,0.06009268760681152
id13|p179,pulid,id13,p179,True,True,0.9999881982803345,0.024714521491455997,0.15666556358337402
id14|p179,pulid,id14,p179,True,True,0.9999985694885254,0.031156766406894226,0.10830444097518921
id15|p179,pulid,id15,p179,True,True,0.9995356798171997,0.03828042944015474,0.2596259117126465
id09|p180,pulid,id09,p180,True,False,,,
id10|p180,pulid,id10,p180,True,True,0.9999182224273682,0.009364492259414369,0.1500105857849121
id11|p180,pulid,id11,p180,True,True,0.999993085861206,0.038140705730503766,0.07551711797714233
id12|p180,pulid,id12,p180,True,True,0.9999959468841553,0.010819285566848906,0.0955498218536377
id13|p180,pulid,id13,p180,True,True,0.9999992847442627,0.014998249782455574,0.12089717388153076
id14|p180,pulid,id14,p180,True,True,0.961236298084259,0.07747019924412048,0.3865159749984741
id15|p180,pulid,id15,p180,True,True,0.9999951124191284,0.052278673205061445,0.12356984615325928
id09|p181,pulid,id09,p181,True,False,,,
id10|p181,pulid,id10,p181,True,True,0.9998944997787476,0.0015067480338528132,0.27549850940704346
id11|p181,pulid,id11,p181,True,True,0.9999986886978149,0.0010180003402484796,0.47884488105773926
id12|p181,pulid,id12,p181,True,True,0.7620821595191956,0.0004938753562457327,0.898196168243885
id13|p181,pulid,id13,p181,True,False,,,
id14|p181,pulid,id14,p181,True,False,,,
id15|p181,pulid,id15,p181,True,False,,,
id09|p182,pulid,id09,p182,True,True,0.9996515512466431,0.06565323585769077,0.42274796962738037
id10|p182,pulid,id10,p182,True,True,0.8129258751869202,0.027846774335898772,0.41597670316696167
id11|p182,pulid,id11,p182,True,True,0.9703487753868103,0.0366424290507909,0.5207268595695496
id12|p182,pulid,id12,p182,True,True,0.9999963045120239,0.06091924797526536,0.34926891326904297
id13|p182,pulid,id13,p182,True,True,0.9999158382415771,0.1565921135644912,0.48846757411956787
id14|p182,pulid,id14,p182,True,True,0.9999710321426392,0.08062106782712039,0.19352984428405762
id15|p182,pulid,id15,p182,True,True,0.9995081424713135,0.047142361229329716,0.31972062587738037
id09|p183,pulid,id09,p183,True,True,0.9999586343765259,1.6510364452483925,0.32364726066589355
id10|p183,pulid,id10,p183,True,False,,,
id11|p183,pulid,id11,p183,True,True,0.9999136924743652,0.6965961029623761,0.10180586576461792
id12|p183,pulid,id12,p183,True,True,0.9999946355819702,0.7622808979856371,0.3062601685523987
id13|p183,pulid,id13,p183,True,True,0.9998842477798462,0.9503762597741389,0.34487444162368774
id14|p183,pulid,id14,p183,True,True,0.9999990463256836,0.559017729833008,0.23058444261550903
id15|p183,pulid,id15,p183,True,True,0.9999991655349731,0.706946437135632,0.1785672903060913
id09|p184,pulid,id09,p184,True,False,,,
id10|p184,pulid,id10,p184,True,False,,,
id11|p184,pulid,id11,p184,True,False,,,
id12|p184,pulid,id12,p184,True,True,0.7014864087104797,0.0014860839776673043,0.9849538113921881
id13|p184,pulid,id13,p184,True,True,0.9997568726539612,0.0003186973231993447,0.758926585316658
id14|p184,pulid,id14,p184,True,False,,,
id15|p184,pulid,id15,p184,True,False,,,
id09|p185,pulid,id09,p185,True,True,0.9999762773513794,0.020529620592471525,0.1133543848991394
id10|p185,pulid,id10,p185,True,True,0.9999654293060303,0.019736188605004007,0.18035364151000977
id11|p185,pulid,id11,p185,True,True,0.9999247789382935,0.020595025133554462,0.08891284465789795
id12|p185,pulid,id12,p185,True,True,0.9999998807907104,0.02549040284668395,0.08158242702484131
id13|p185,pulid,id13,p185,True,True,0.9999383687973022,0.020277257657044398,0.11411678791046143
id14|p185,pulid,id14,p185,True,True,0.9999969005584717,0.025836066857455136,0.11347568035125732
id15|p185,pulid,id15,p185,True,True,0.9999966621398926,0.020375983555828654,0.08481812477111816
id09|p186,pulid,id09,p186,True,True,0.9999847412109375,0.060359712826104084,0.1255124807357788
id10|p186,pulid,id10,p186,True,True,0.9999972581863403,0.09314054599465901,0.1781381368637085
id11|p186,pulid,id11,p186,True,True,0.9998856782913208,0.02890647518337519,0.08880734443664551
id12|p186,pulid,id12,p186,True,True,0.9999898672103882,0.048621968602092315,0.07272624969482422
id13|p186,pulid,id13,p186,True,True,0.9999994039535522,0.04515114310399268,0.17086780071258545
id14|p186,pulid,id14,p186,True,True,0.9999891519546509,0.03263615918462896,0.10514748096466064
id15|p186,pulid,id15,p186,True,True,0.9999949932098389,0.05934387775978169,0.141013503074646
id09|p187,pulid,id09,p187,True,True,0.9999868869781494,0.009034591930900775,0.14027857780456543
id10|p187,pulid,id10,p187,True,True,0.943604052066803,0.0019184898925164748,0.3780518174171448
id11|p187,pulid,id11,p187,True,True,0.999957799911499,0.0007289942028783939,0.8648887127637863
id12|p187,pulid,id12,p187,True,True,0.999995231628418,0.00502575318907677,0.1108860969543457
id13|p187,pulid,id13,p187,True,True,0.9949727058410645,0.0007404798499934678,1.177720546722412
id14|p187,pulid,id14,p187,True,True,0.9999995231628418,0.0019242933984868513,0.3754802942276001
id15|p187,pulid,id15,p187,True,True,0.9999998807907104,0.0035582088940423594,0.26377761363983154
id09|p188,pulid,id09,p188,True,True,0.9999837875366211,0.008461562043959458,0.14374691247940063
id10|p188,pulid,id10,p188,True,True,0.9999847412109375,0.007652517050310951,0.20129060745239258
id11|p188,pulid,id11,p188,True,True,0.9997819066047668,0.005570165414136132,0.13459479808807373
id12|p188,pulid,id12,p188,True,True,0.999985933303833,0.00587347610328164,0.1376955509185791
id13|p188,pulid,id13,p188,True,True,0.9999985694885254,0.006511623096856303,0.13390856981277466
id14|p188,pulid,id14,p188,True,True,0.7108254432678223,0.012336514442144286,0.8575448989868164
id15|p188,pulid,id15,p188,True,True,0.7109824419021606,0.006271852778472412,0.8522514700889587
id09|p189,pulid,id09,p189,True,True,0.999983549118042,0.09443323817563228,0.18858397006988525
id10|p189,pulid,id10,p189,True,True,0.9999462366104126,0.09496406555691267,0.2423756718635559
id11|p189,pulid,id11,p189,True,True,0.9999500513076782,0.13237804699420894,0.19903814792633057
id12|p189,pulid,id12,p189,True,True,0.9999585151672363,0.07673849254696967,0.14660131931304932
id13|p189,pulid,id13,p189,True,True,0.9999973773956299,0.10149596541204392,0.27445149421691895
id14|p189,pulid,id14,p189,True,True,0.9996950626373291,0.04884363341087687,0.15026599168777466
id15|p189,pulid,id15,p189,True,True,0.9999994039535522,0.07476346901068924,0.16617810726165771
id09|p190,pulid,id09,p190,True,False,,,
id10|p190,pulid,id10,p190,True,False,,,
id11|p190,pulid,id11,p190,True,False,,,
id12|p190,pulid,id12,p190,True,False,,,
id13|p190,pulid,id13,p190,True,False,,,
id14|p190,pulid,id14,p190,True,True,0.9999867677688599,0.0019204461437932994,0.34383493661880493
id15|p190,pulid,id15,p190,True,False,,,
id09|p191,pulid,id09,p191,True,True,0.9998130202293396,0.02353383422748786,0.15457218885421753
id10|p191,pulid,id10,p191,True,True,0.9993599057197571,0.027858257968562148,0.2013862133026123
id11|p191,pulid,id11,p191,True,True,0.9999873638153076,0.027566087070339067,0.08309614658355713
id12|p191,pulid,id12,p191,True,True,0.9999977350234985,0.007798805951325006,0.0837256908416748
id13|p191,pulid,id13,p191,True,True,0.9998617172241211,0.017919111991432146,0.21989893913269043
id14|p191,pulid,id14,p191,True,True,0.9999370574951172,0.014709558373622193,0.1620159149169922
id15|p191,pulid,id15,p191,True,True,0.9999994039535522,0.019640939857469335,0.1280677318572998
id09|p192,pulid,id09,p192,True,True,0.9976500868797302,0.13774126965092406,0.24896645545959473
id10|p192,pulid,id10,p192,True,True,0.986974835395813,0.20556228378933594,0.17872357368469238
id11|p192,pulid,id11,p192,True,True,0.9999872446060181,0.2253633038485953,0.13905543088912964
id12|p192,pulid,id12,p192,True,True,0.9999951124191284,0.21070347940159687,0.35229790210723877
id13|p192,pulid,id13,p192,True,True,0.9999749660491943,0.21519504325819766,0.2501150369644165
id14|p192,pulid,id14,p192,True,True,0.999690055847168,0.26671468007745636,0.19472861289978027
id15|p192,pulid,id15,p192,True,True,0.9997705817222595,0.27372608700961426,0.235967755317688
id09|p193,pulid,id09,p193,True,True,0.9993058443069458,0.02599298518973243,0.20937341451644897
id10|p193,pulid,id10,p193,True,True,0.9999343156814575,0.035848613235929756,0.20579248666763306
id11|p193,pulid,id11,p193,True,True,0.9999911785125732,0.029741940322834243,0.15693002939224243
id12|p193,pulid,id12,p193,True,True,0.9999324083328247,0.03070794571452092,0.0712205171585083
id13|p193,pulid,id13,p193,True,True,0.999988317489624,0.04161398073880084,0.22260910272598267
id14|p193,pulid,id14,p193,True,True,1.0,0.025057181518956508,0.22032427787780762
id15|p193,pulid,id15,p193,True,True,0.9999995231628418,0.022380289028361203,0.18380194902420044
id09|p194,pulid,id09,p194,True,False,,,
id10|p194,pulid,id10,p194,True,False,,,
id11|p194,pulid,id11,p194,True,False,,,
id12|p194,pulid,id12,p194,True,False,,,
id13|p194,pulid,id13,p194,True,False,,,
id14|p194,pulid,id14,p194,True,False,,,
id15|p194,pulid,id15,p194,True,True,0.9034896492958069,0.4232471666233396,1.0411499328911304
id09|p195,pulid,id09,p195,True,True,0.9971893429756165,0.028082170500999416,0.254769504070282
id10|p195,pulid,id10,p195,True,False,,,
id11|p195,pulid,id11,p195,True,True,0.9863516092300415,0.028695480476399807,0.6712008714675903
id12|p195,pulid,id12,p195,True,True,0.9364597797393799,0.07685380001998497,0.8071353733539581
id13|p195,pulid,id13,p195,True,True,0.9004826545715332,0.03656258046819047,0.8565231561660767
id14|p195,pulid,id14,p195,True,True,0.785452127456665,0.0918870175705182,0.7815127968788147
id15|p195,pulid,id15,p195,True,True,0.9967840909957886,0.02276633696788445,0.28671085834503174
id09|p196,pulid,id09,p196,True,True,0.9999793767929077,0.055051384598766476,0.2563215494155884
id10|p196,pulid,id10,p196,True,True,0.9999996423721313,0.03730919879819373,0.10460537672042847
id11|p196,pulid,id11,p196,True,True,0.9999979734420776,0.04601410160634308,0.06860709190368652
id12|p196,pulid,id12,p196,True,True,0.9866395592689514,0.020361828302209336,0.48890239000320435
id13|p196,pulid,id13,p196,True,True,0.9999958276748657,0.03195909048848495,0.0879979133605957
id14|p196,pulid,id14,p196,True,True,0.9999996423721313,0.029757622504900605,0.1199381947517395
id15|p196,pulid,id15,p196,True,True,0.9999995231628418,0.04223996079221207,0.1270056962966919
id09|p197,pulid,id09,p197,True,False,,,
id10|p197,pulid,id10,p197,True,False,,,
id11|p197,pulid,id11,p197,True,False,,,
id12|p197,pulid,id12,p197,True,False,,,
id13|p197,pulid,id13,p197,True,False,,,
id14|p197,pulid,id14,p197,True,False,,,
id15|p197,pulid,id15,p197,True,False,,,
id09|p198,pulid,id09,p198,True,False,,,
id10|p198,pulid,id10,p198,True,True,0.9899508357048035,0.0012259743803379362,0.46300196647644043
id11|p198,pulid,id11,p198,True,True,0.9824395179748535,0.001441449703347812,0.6018119156360626
id12|p198,pulid,id12,p198,True,False,,,
id13|p198,pulid,id13,p198,True,False,,,
id14|p198,pulid,id14,p198,True,False,,,
id15|p198,pulid,id15,p198,True,True,0.9999814033508301,0.0015520894103022407,0.7331711053848267
id09|p199,pulid,id09,p199,True,True,0.999975323677063,0.011573163865454516,0.14523112773895264
id10|p199,pulid,id10,p199,True,True,0.9999754428863525,0.011183942481087191,0.12933450937271118
id11|p199,pulid,id11,p199,True,True,0.9087525010108948,0.03622407438855991,1.0621602609753609
id12|p199,pulid,id12,p199,True,True,0.9999982118606567,0.007816605375608658,0.1824486255645752
id13|p199,pulid,id13,p199,True,True,0.9998766183853149,0.010258917633551025,0.14043855667114258
id14|p199,pulid,id14,p199,True,True,0.9999996423721313,0.016855282894741523,0.1501721739768982
id15|p199,pulid,id15,p199,True,True,0.9191487431526184,0.015001947225467237,1.0515557862818241
id09|p200,pulid,id09,p200,True,True,0.999997615814209,0.15269365835493162,0.1809682846069336
id10|p200,pulid,id10,p200,True,True,0.9999992847442627,0.0815062547105038,0.17975592613220215
id11|p200,pulid,id11,p200,True,True,0.9999544620513916,0.095260413920939,0.07751989364624023
id12|p200,pulid,id12,p200,True,True,0.9999955892562866,0.11548733526615204,0.08040279150009155
id13|p200,pulid,id13,p200,True,True,0.9999998807907104,0.07763196297448355,0.18658941984176636
id14|p200,pulid,id14,p200,True,True,0.9999978542327881,0.10047595051658553,0.09611678123474121
id15|p200,pulid,id15,p200,True,True,0.9999860525131226,0.04126711982992416,0.09962159395217896
