cell,method,iid,pid,image_found,face_detected_facenet,det_prob_facenet,face_frac_facenet,id_loss_facenet
id01|p001,pulid_s0,id01,p001,True,True,0.999984860420227,0.10912628241776605,0.1561182737350464
id02|p001,pulid_s0,id02,p001,True,True,0.9999980926513672,0.10825823615284624,0.1163451075553894
id03|p001,pulid_s0,id03,p001,True,True,0.9999568462371826,0.09483115421301838,0.08033013343811035
id04|p001,pulid_s0,id04,p001,True,True,0.9997110962867737,0.11891679908614453,0.07555186748504639
id05|p001,pulid_s0,id05,p001,True,True,0.9999990463256836,0.10853347875999932,0.13805347681045532
id06|p001,pulid_s0,id06,p001,True,True,0.9999998807907104,0.06924022586471673,0.13490313291549683
id07|p001,pulid_s0,id07,p001,True,True,0.9990899562835693,0.07990238065462597,0.11019253730773926
id08|p001,pulid_s0,id08,p001,True,True,0.9999876022338867,0.10931268893360527,0.16225051879882812
id01|p002,pulid_s0,id01,p002,True,True,0.9999986886978149,0.1583946855461,0.18844163417816162
id02|p002,pulid_s0,id02,p002,True,True,0.9999988079071045,0.09343230339005766,0.08998745679855347
id03|p002,pulid_s0,id03,p002,True,True,0.9999980926513672,0.15484299801830553,0.07704693078994751
id04|p002,pulid_s0,id04,p002,True,True,0.9999996423721313,0.11813502018627527,0.10471224784851074
id05|p002,pulid_s0,id05,p002,True,True,0.9999982118606567,0.09703149783469932,0.10441291332244873
id06|p002,pulid_s0,id06,p002,True,True,0.9999973773956299,0.14010147927732491,0.12613636255264282
id07|p002,pulid_s0,id07,p002,True,True,0.9999808073043823,0.2131007998674547,0.10804402828216553
id08|p002,pulid_s0,id08,p002,True,True,0.9994571805000305,0.178949984835752,0.1603190302848816
id01|p003,pulid_s0,id01,p003,True,True,0.9999954700469971,0.005693174992549397,0.1532762050628662
id02|p003,pulid_s0,id02,p003,True,True,0.999998927116394,0.005577710320927815,0.09457361698150635
id03|p003,pulid_s0,id03,p003,True,True,0.9999923706054688,0.0032989364874173375,0.19179266691207886
id04|p003,pulid_s0,id04,p003,True,True,0.9999957084655762,0.011274173237270887,0.09554672241210938
id05|p003,pulid_s0,id05,p003,True,False,,,
id06|p003,pulid_s0,id06,p003,True,True,0.9999978542327881,0.00900373857737375,0.12636399269104004
id07|p003,pulid_s0,id07,p003,True,True,0.999636173248291,0.013454835363765237,0.10098230838775635
id08|p003,pulid_s0,id08,p003,True,True,0.7318466305732727,0.0023387423193039487,0.8563374429941177
id01|p004,pulid_s0,id01,p004,True,True,1.0,0.3156186192168291,0.1819775104522705
id02|p004,pulid_s0,id02,p004,True,True,0.9999988079071045,0.36683781094956835,0.09638392925262451
id03|p004,pulid_s0,id03,p004,True,True,0.9999995231628418,0.28553772453712534,0.12863850593566895
id04|p004,pulid_s0,id04,p004,True,True,0.9996077418327332,0.25030921105829185,0.08780556917190552
id05|p004,pulid_s0,id05,p004,True,True,0.9999983310699463,0.31820738483929745,0.10702455043792725
id06|p004,pulid_s0,id06,p004,True,True,0.9999890327453613,0.27540653386608704,0.17110991477966309
id07|p004,pulid_s0,id07,p004,True,True,0.9999963045120239,0.24936320259123168,0.14284324645996094
id08|p004,pulid_s0,id08,p004,True,True,0.9999977350234985,0.1762864442978214,0.15269267559051514
id01|p005,pulid_s0,id01,p005,True,True,0.9999748468399048,0.03981844316909895,0.2141040563583374
id02|p005,pulid_s0,id02,p005,True,True,0.9999845027923584,0.022596329167356776,0.091366708278656
id03|p005,pulid_s0,id03,p005,True,True,0.9999619722366333,0.019756302321251563,0.08831286430358887
id04|p005,pulid_s0,id04,p005,True,True,0.9999656677246094,0.03886654961626599,0.06757217645645142
id05|p005,pulid_s0,id05,p005,True,True,0.9999996423721313,0.02187595678244699,0.10927832126617432
id06|p005,pulid_s0,id06,p005,True,True,0.9999600648880005,0.04375770408013421,0.0938524603843689
id07|p005,pulid_s0,id07,p005,True,True,0.9999865293502808,0.028008969024130585,0.12318146228790283
id08|p005,pulid_s0,id08,p005,True,True,0.8486762642860413,0.05777554459760393,0.7735154628753662
id01|p006,pulid_s0,id01,p006,True,True,0.9999998807907104,0.025173285533416558,0.1366802453994751
id02|p006,pulid_s0,id02,p006,True,True,0.9999994039535522,0.022358248043192662,0.11699450016021729
id03|p006,pulid_s0,id03,p006,True,True,0.9999983310699463,0.011579404698817665,0.08100974559783936
id04|p006,pulid_s0,id04,p006,True,True,0.9998379945755005,0.012837419882085564,0.060195863246917725
id05|p006,pulid_s0,id05,p006,True,True,0.9999958276748657,0.022333634175723732,0.10193008184432983
id06|p006,pulid_s0,id06,p006,True,True,0.9999986886978149,0.02090426271668851,0.12310349941253662
id07|p006,pulid_s0,id07,p006,True,True,0.999677300453186,0.04888483989353094,0.10636365413665771
id08|p006,pulid_s0,id08,p006,True,True,0.9999988079071045,0.027118412017355025,0.15946102142333984
id01|p007,pulid_s0,id01,p007,True,True,0.9999998807907104,0.08197961789253984,0.17778199911117554
id02|p007,pulid_s0,id02,p007,True,True,0.999998927116394,0.13634879979594594,0.08342218399047852
id03|p007,pulid_s0,id03,p007,True,True,0.999994158744812,0.09424848069982268,0.09555584192276001
id04|p007,pulid_s0,id04,p007,True,True,0.9999929666519165,0.1594908359785211,0.07438701391220093
id05|p007,pulid_s0,id05,p007,True,True,0.999993085861206,0.1257105003990512,0.11150062084197998
id06|p007,pulid_s0,id06,p007,True,True,0.9999994039535522,0.1797623722606524,0.122017502784729
id07|p007,pulid_s0,id07,p007,True,True,0.9993938207626343,0.13205323210906963,0.14096283912658691
id08|p007,pulid_s0,id08,p007,True,True,0.9996765851974487,0.12108235680559826,0.1408672332763672
id01|p008,pulid_s0,id01,p008,True,True,0.999998927116394,0.05799129935216407,0.13533645868301392
id02|p008,pulid_s0,id02,p008,True,True,0.9999964237213135,0.07803812773529453,0.10043925046920776
id03|p008,pulid_s0,id03,p008,True,True,0.9999964237213135,0.14444204299216515,0.09607803821563721
id04|p008,pulid_s0,id04,p008,True,True,0.9999967813491821,0.0988530612205139,0.07861065864562988
id05|p008,pulid_s0,id05,p008,True,True,0.9999940395355225,0.05036436172313075,0.12395584583282471
id06|p008,pulid_s0,id06,p008,True,True,0.9999998807907104,0.07793098477501234,0.12376821041107178
id07|p008,pulid_s0,id07,p008,True,True,0.9997777342796326,0.06277952466232298,0.11207282543182373
id08|p008,pulid_s0,id08,p008,True,True,0.9990646243095398,0.07383974797714637,0.1822437047958374
id01|p009,pulid_s0,id01,p009,True,True,0.9999998807907104,0.010451697604701906,0.23249638080596924
id02|p009,pulid_s0,id02,p009,True,True,0.9999961853027344,0.008185395504523262,0.11131763458251953
id03|p009,pulid_s0,id03,p009,True,True,0.9999991655349731,0.004913719114515497,0.11187219619750977
id04|p009,pulid_s0,id04,p009,True,True,0.999997615814209,0.01040858177248083,0.0825660228729248
id05|p009,pulid_s0,id05,p009,True,True,1.0,0.005413480072264312,0.1634521484375
id06|p009,pulid_s0,id06,p009,True,True,0.9999821186065674,0.026339407903951388,0.09496200084686279
id07|p009,pulid_s0,id07,p009,True,True,0.9996885061264038,0.007857592648414775,0.15844345092773438
id08|p009,pulid_s0,id08,p009,True,True,0.9999459981918335,0.006585255363177813,0.2292526364326477
id01|p010,pulid_s0,id01,p010,True,True,0.9999905824661255,0.05134859440679829,0.16373229026794434
id02|p010,pulid_s0,id02,p010,True,True,0.9999980926513672,0.02762101267991597,0.07653045654296875
id03|p010,pulid_s0,id03,p010,True,True,1.0,0.03580005721711345,0.0666763186454773
id04|p010,pulid_s0,id04,p010,True,True,0.99998939037323,0.08020228841420574,0.0644528865814209
id05|p010,pulid_s0,id05,p010,True,True,0.9999676942825317,0.05087826505257032,0.10894399881362915
id06|p010,pulid_s0,id06,p010,True,True,0.9998123049736023,0.025537906780798335,0.11395448446273804
id07|p010,pulid_s0,id07,p010,True,True,0.9997078776359558,0.03345759705149476,0.14306968450546265
id08|p010,pulid_s0,id08,p010,True,True,0.999758780002594,0.050512700454023444,0.14805686473846436
id01|p011,pulid_s0,id01,p011,True,True,0.9999954700469971,0.023839043416566726,0.17022383213043213
id02|p011,pulid_s0,id02,p011,True,True,0.9999837875366211,0.03617466470340905,0.10169368982315063
id03|p011,pulid_s0,id03,p011,True,True,0.999897837638855,0.05557449507766228,0.07994961738586426
id04|p011,pulid_s0,id04,p011,True,True,1.0,0.04285087183540628,0.07323932647705078
id05|p011,pulid_s0,id05,p011,True,True,0.9999876022338867,0.02895632085882699,0.09192633628845215
id06|p011,pulid_s0,id06,p011,True,True,0.9999755620956421,0.029461095142065505,0.13097798824310303
id07|p011,pulid_s0,id07,p011,True,True,0.9999396800994873,0.015223592189337058,0.11656820774078369
id08|p011,pulid_s0,id08,p011,True,True,0.9999511241912842,0.028957871710806063,0.16064494848251343
id01|p012,pulid_s0,id01,p012,True,True,0.9999992847442627,0.05559115945705226,0.15058636665344238
id02|p012,pulid_s0,id02,p012,True,True,0.9999991655349731,0.03987230065318641,0.12479275465011597
id03|p012,pulid_s0,id03,p012,True,True,1.0,0.03806878316845541,0.0808403491973877
id04|p012,pulid_s0,id04,p012,True,True,0.9999990463256836,0.02262399556000434,0.08805477619171143
id05|p012,pulid_s0,id05,p012,True,True,0.7463563084602356,0.10605390419357966,0.9049184620380402
id06|p012,pulid_s0,id06,p012,True,True,0.9998900890350342,0.04769114801474419,0.1190633773803711
id07|p012,pulid_s0,id07,p012,True,True,0.9999890327453613,0.04503957227894836,0.10917609930038452
id08|p012,pulid_s0,id08,p012,True,True,0.9999843835830688,0.04018813306471135,0.1510457992553711
id01|p013,pulid_s0,id01,p013,True,True,1.0,0.06967843466915946,0.17521214485168457
id02|p013,pulid_s0,id02,p013,True,True,0.999834418296814,0.13494443413551585,0.10980868339538574
id03|p013,pulid_s0,id03,p013,True,True,0.999974250793457,0.10940312763432303,0.08145129680633545
id04|p013,pulid_s0,id04,p013,True,True,0.9999970197677612,0.08042477741206694,0.10122799873352051
id05|p013,pulid_s0,id05,p013,True,True,0.9999998807907104,0.074635629303482,0.11310243606567383
id06|p013,pulid_s0,id06,p013,True,True,0.9999566078186035,0.09690584566772312,0.13877588510513306
id07|p013,pulid_s0,id07,p013,True,True,0.999948263168335,0.09793834964178061,0.11434036493301392
id08|p013,pulid_s0,id08,p013,True,True,0.9998321533203125,0.042368334384761806,0.1776878833770752
id01|p014,pulid_s0,id01,p014,True,True,0.9999982118606567,0.06978336570606608,0.1478278636932373
id02|p014,pulid_s0,id02,p014,True,True,0.9999086856842041,0.05412655563332047,0.08818286657333374
id03|p014,pulid_s0,id03,p014,True,True,0.9999998807907104,0.03574273276715331,0.08923900127410889
id04|p014,pulid_s0,id04,p014,True,True,0.9999340772628784,0.07409857765605078,0.06801384687423706
id05|p014,pulid_s0,id05,p014,True,True,0.9999945163726807,0.04895911636976456,0.1297062635421753
id06|p014,pulid_s0,id06,p014,True,True,0.733232319355011,0.1608806081793335,0.9734420739114285
id07|p014,pulid_s0,id07,p014,True,True,0.9999847412109375,0.05015095539595447,0.1312636137008667
id08|p014,pulid_s0,id08,p014,True,True,0.9998890161514282,0.052035659741073284,0.1562110185623169
id01|p015,pulid_s0,id01,p015,True,True,0.9999974966049194,0.029247612303272687,0.18147575855255127
id02|p015,pulid_s0,id02,p015,True,True,0.9999611377716064,0.003943990484572636,0.14193779230117798
id03|p015,pulid_s0,id03,p015,True,True,0.9999933242797852,0.029085819483975404,0.06556481122970581
id04|p015,pulid_s0,id04,p015,True,True,0.9999434947967529,0.03538522472179114,0.08601033687591553
id05|p015,pulid_s0,id05,p015,True,True,0.9999998807907104,0.029959403628192466,0.13918167352676392
id06|p015,pulid_s0,id06,p015,True,True,0.9999995231628418,0.01286150677683677,0.08949613571166992
id07|p015,pulid_s0,id07,p015,True,True,0.999819815158844,0.015994113556215602,0.14475083351135254
id08|p015,pulid_s0,id08,p015,True,True,0.999992847442627,0.04009583160409738,0.13481813669204712
id01|p016,pulid_s0,id01,p016,True,True,0.9999996423721313,0.14631692505081997,0.19061970710754395
id02|p016,pulid_s0,id02,p016,True,True,0.9999996423721313,0.1394907352098387,0.0863046646118164
id03|p016,pulid_s0,id03,p016,True,True,0.9999988079071045,0.1571813420643047,0.06618553400039673
id04|p016,pulid_s0,id04,p016,True,True,0.9998992681503296,0.1499857352769793,0.08487224578857422
id05|p016,pulid_s0,id05,p016,True,True,0.9999997615814209,0.17858033531853867,0.09308755397796631
id06|p016,pulid_s0,id06,p016,True,True,0.9998952150344849,0.0837961483750158,0.12341713905334473
id07|p016,pulid_s0,id07,p016,True,True,0.9999731779098511,0.13253622783038105,0.13467109203338623
id08|p016,pulid_s0,id08,p016,True,True,0.9999264478683472,0.14763689320307094,0.1221320629119873
id01|p017,pulid_s0,id01,p017,True,True,0.9999961853027344,0.051020096150230516,0.16870349645614624
id02|p017,pulid_s0,id02,p017,True,True,1.0,0.08836558123315544,0.09417271614074707
id03|p017,pulid_s0,id03,p017,True,True,0.9999951124191284,0.050955435912064674,0.06876605749130249
id04|p017,pulid_s0,id04,p017,True,True,0.9999725818634033,0.03867524390485683,0.06388068199157715
id05|p017,pulid_s0,id05,p017,True,True,0.9999961853027344,0.04283983609389278,0.1103442907333374
id06|p017,pulid_s0,id06,p017,True,True,0.9999567270278931,0.03575913782915562,0.10113954544067383
id07|p017,pulid_s0,id07,p017,True,True,0.9999982118606567,0.03536182743693079,0.10849815607070923
id08|p017,pulid_s0,id08,p017,True,True,0.9996891021728516,0.04536496981028096,0.175689697265625
id01|p018,pulid_s0,id01,p018,True,True,0.9999345541000366,0.006768314708782887,0.20138466358184814
id02|p018,pulid_s0,id02,p018,True,True,0.9999412298202515,0.005007648542015265,0.12357175350189209
id03|p018,pulid_s0,id03,p018,True,True,0.9999979734420776,0.007270520909245264,0.15707683563232422
id04|p018,pulid_s0,id04,p018,True,True,0.9998278617858887,0.007241427311595761,0.06906300783157349
id05|p018,pulid_s0,id05,p018,True,True,0.9999686479568481,0.007438091557197207,0.14460158348083496
id06|p018,pulid_s0,id06,p018,True,True,0.999969482421875,0.008051625810863968,0.12848132848739624
id07|p018,pulid_s0,id07,p018,True,True,0.999576985836029,0.007762999980171532,0.13450980186462402
id08|p018,pulid_s0,id08,p018,True,True,0.9999747276306152,0.004777626515724366,0.31729865074157715
id01|p019,pulid_s0,id01,p019,True,True,0.9999992847442627,0.1840729386897427,0.18695056438446045
id02|p019,pulid_s0,id02,p019,True,True,1.0,0.1798823248621079,0.12869489192962646
id03|p019,pulid_s0,id03,p019,True,True,0.9999988079071045,0.13096103149517843,0.0974087119102478
id04|p019,pulid_s0,id04,p019,True,True,0.9999960660934448,0.1781710891429776,0.05629897117614746
id05|p019,pulid_s0,id05,p019,True,True,0.9998733997344971,0.16002344263912432,0.09958165884017944
id06|p019,pulid_s0,id06,p019,True,True,0.9999970197677612,0.1534143549038476,0.1012122631072998
id07|p019,pulid_s0,id07,p019,True,True,0.9999645948410034,0.08113177454515468,0.1011664867401123
id08|p019,pulid_s0,id08,p019,True,True,0.9982240796089172,0.1294302230406103,0.15987628698349
id01|p020,pulid_s0,id01,p020,True,True,0.9999998807907104,0.09972982934265681,0.16721177101135254
id02|p020,pulid_s0,id02,p020,True,True,0.999954104423523,0.0522578237927399,0.10496902465820312
id03|p020,pulid_s0,id03,p020,True,True,0.9999502897262573,0.06543341063470338,0.0992383360862732
id04|p020,pulid_s0,id04,p020,True,True,0.9999881982803345,0.0812169254903174,0.07072305679321289
id05|p020,pulid_s0,id05,p020,True,True,0.9999902248382568,0.060514922614561234,0.10678613185882568
id06|p020,pulid_s0,id06,p020,True,True,0.9999982118606567,0.11318176026670905,0.1395721435546875
id07|p020,pulid_s0,id07,p020,True,True,0.9998224377632141,0.05608501064465105,0.1086915135383606
id08|p020,pulid_s0,id08,p020,True,True,0.9995853304862976,0.061393073602085894,0.15349924564361572
id01|p021,pulid_s0,id01,p021,True,True,0.9999678134918213,0.007191643282956632,0.17271345853805542
id02|p021,pulid_s0,id02,p021,True,False,,,
id03|p021,pulid_s0,id03,p021,True,False,,,
id04|p021,pulid_s0,id04,p021,True,True,0.999947190284729,0.003740014059195971,0.11567646265029907
id05|p021,pulid_s0,id05,p021,True,True,0.9999998807907104,0.0027290056775823527,0.22076189517974854
id06|p021,pulid_s0,id06,p021,True,True,0.9999039173126221,0.0050264597389885635,0.2199001908302307
id07|p021,pulid_s0,id07,p021,True,True,0.8403995633125305,0.01305024609710326,1.0086730401962996
id08|p021,pulid_s0,id08,p021,True,True,0.9999589920043945,0.002616747414123795,0.42084968090057373
id01|p022,pulid_s0,id01,p022,True,True,0.9999502897262573,0.0920159364592435,0.17359590530395508
id02|p022,pulid_s0,id02,p022,True,True,0.9999971389770508,0.10920487456184202,0.09174233675003052
id03|p022,pulid_s0,id03,p022,True,True,0.9999861717224121,0.05927521249944861,0.09092259407043457
id04|p022,pulid_s0,id04,p022,True,True,0.9999984502792358,0.06655711719770212,0.08989042043685913
id05|p022,pulid_s0,id05,p022,True,True,0.9999988079071045,0.07437679413497891,0.07229733467102051
id06|p022,pulid_s0,id06,p022,True,True,1.0,0.07371790110923733,0.14257287979125977
id07|p022,pulid_s0,id07,p022,True,True,0.9999963045120239,0.07249812821729344,0.13033461570739746
id08|p022,pulid_s0,id08,p022,True,True,0.9997643828392029,0.05581415088504063,0.17566150426864624
id01|p023,pulid_s0,id01,p023,True,True,0.9999994039535522,0.0999016409589368,0.18456941843032837
id02|p023,pulid_s0,id02,p023,True,True,0.9999973773956299,0.05104000449181487,0.11468356847763062
id03|p023,pulid_s0,id03,p023,True,True,0.9999983310699463,0.05495550710196048,0.0795099139213562
id04|p023,pulid_s0,id04,p023,True,True,0.9999737739562988,0.04803322777055049,0.06660610437393188
id05|p023,pulid_s0,id05,p023,True,True,0.9999997615814209,0.044642681540207986,0.0914909839630127
id06|p023,pulid_s0,id06,p023,True,True,0.9999983310699463,0.05776663147957593,0.12651526927947998
id07|p023,pulid_s0,id07,p023,True,True,0.9986065030097961,0.04078024659907829,0.13232219219207764
id08|p023,pulid_s0,id08,p023,True,True,1.0,0.05933747326000432,0.17540931701660156
id01|p024,pulid_s0,id01,p024,True,True,1.0,0.03881011575938345,0.1615229845046997
id02|p024,pulid_s0,id02,p024,True,True,0.9999998807907104,0.05744822568849373,0.07058024406433105
id03|p024,pulid_s0,id03,p024,True,True,0.9999969005584717,0.043659189729354425,0.07496774196624756
id04|p024,pulid_s0,id04,p024,True,True,0.9999955892562866,0.034799636982903774,0.0862041711807251
id05|p024,pulid_s0,id05,p024,True,True,0.9999865293502808,0.04636732260908394,0.09588038921356201
id06|p024,pulid_s0,id06,p024,True,True,0.9999411106109619,0.03271113936757371,0.10834980010986328
id07|p024,pulid_s0,id07,p024,True,True,0.9999947547912598,0.05259120894902948,0.11347067356109619
id08|p024,pulid_s0,id08,p024,True,True,0.9999520778656006,0.03841219556564587,0.1559664011001587
id01|p025,pulid_s0,id01,p025,True,True,0.9999994039535522,0.16852343984868762,0.1744447946548462
id02|p025,pulid_s0,id02,p025,True,True,0.9999998807907104,0.15105190704621368,0.11514919996261597
id03|p025,pulid_s0,id03,p025,True,True,0.9999997615814209,0.1475755144963583,0.21004873514175415
id04|p025,pulid_s0,id04,p025,True,True,0.9999715089797974,0.12217626560273004,0.10868704319000244
id05|p025,pulid_s0,id05,p025,True,True,0.9999964237213135,0.08617575618215854,0.10780191421508789
id06|p025,pulid_s0,id06,p025,True,True,0.9999963045120239,0.15827116532604396,0.13982659578323364
id07|p025,pulid_s0,id07,p025,True,True,0.9999978542327881,0.14728231049426585,0.15836650133132935
id08|p025,pulid_s0,id08,p025,True,True,0.9998509883880615,0.14178006032836396,0.19530582427978516
id01|p026,pulid_s0,id01,p026,True,True,0.9999983310699463,0.2170781688613558,0.17352700233459473
id02|p026,pulid_s0,id02,p026,True,True,0.9999915361404419,0.14429070407186373,0.09826350212097168
id03|p026,pulid_s0,id03,p026,True,True,0.9991999268531799,0.09085506993277771,0.08448541164398193
id04|p026,pulid_s0,id04,p026,True,True,0.9999700784683228,0.15109139958838255,0.08604401350021362
id05|p026,pulid_s0,id05,p026,True,True,0.9999985694885254,0.08928248624993233,0.12195563316345215
id06|p026,pulid_s0,id06,p026,True,True,0.9999998807907104,0.09363398359829513,0.1125495433807373
id07|p026,pulid_s0,id07,p026,True,True,0.999935507774353,0.07693929449302501,0.12166786193847656
id08|p026,pulid_s0,id08,p026,True,True,0.998722493648529,0.07497520061614535,0.16345596313476562
id01|p027,pulid_s0,id01,p027,True,True,0.9999998807907104,0.0016076243791992239,0.28470486402511597
id02|p027,pulid_s0,id02,p027,True,True,0.9987168312072754,0.001084511521070895,0.7906604111194611
id03|p027,pulid_s0,id03,p027,True,True,0.9999544620513916,0.002319711173635212,0.26918941736221313
id04|p027,pulid_s0,id04,p027,True,True,0.9999998807907104,0.0011491549447494552,0.3749403953552246
id05|p027,pulid_s0,id05,p027,True,True,0.9999997615814209,0.0023537595579404703,0.3384493589401245
id06|p027,pulid_s0,id06,p027,True,True,0.9999878406524658,0.0008622964134117888,0.7679111063480377
id07|p027,pulid_s0,id07,p027,True,True,0.9999963045120239,0.001136709467562154,0.47653263807296753
id08|p027,pulid_s0,id08,p027,True,True,0.7554792761802673,0.005875288683522807,0.8546006977558136
id01|p028,pulid_s0,id01,p028,True,True,0.9999997615814209,0.1504433417928626,0.18207693099975586
id02|p028,pulid_s0,id02,p028,True,True,0.9999929666519165,0.0718771125212616,0.11858344078063965
id03|p028,pulid_s0,id03,p028,True,True,1.0,0.1345115536462382,0.12902557849884033
id04|p028,pulid_s0,id04,p028,True,True,1.0,0.2366333759203216,0.0868682861328125
id05|p028,pulid_s0,id05,p028,True,True,0.9999990463256836,0.07426096677677996,0.11821073293685913
id06|p028,pulid_s0,id06,p028,True,True,0.9999997615814209,0.12739918455781007,0.12392306327819824
id07|p028,pulid_s0,id07,p028,True,True,0.9999834299087524,0.12847877574642305,0.10469931364059448
id08|p028,pulid_s0,id08,p028,True,True,0.9998384714126587,0.09250677019120905,0.13561248779296875
id01|p029,pulid_s0,id01,p029,True,True,0.9999915361404419,0.044689334462609975,0.1819797158241272
id02|p029,pulid_s0,id02,p029,True,True,0.9999983310699463,0.05047780524906826,0.10106229782104492
id03|p029,pulid_s0,id03,p029,True,True,0.9999387264251709,0.0290003037160208,0.047898054122924805
id04|p029,pulid_s0,id04,p029,True,True,0.9992929697036743,0.0599132548457769,0.07873570919036865
id05|p029,pulid_s0,id05,p029,True,True,0.9999998807907104,0.03716881124942288,0.10384911298751831
id06|p029,pulid_s0,id06,p029,True,True,0.9999997615814209,0.03831113651909588,0.17585980892181396
id07|p029,pulid_s0,id07,p029,True,True,0.9997714161872864,0.033809505759498266,0.09938061237335205
id08|p029,pulid_s0,id08,p029,True,True,0.9999982118606567,0.03460363010216171,0.1847597360610962
id01|p030,pulid_s0,id01,p030,True,True,0.872704803943634,0.0005312414475526937,0.9083887562155724
id02|p030,pulid_s0,id02,p030,True,True,0.9986244440078735,0.006663756516779616,0.6808993816375732
id03|p030,pulid_s0,id03,p030,True,True,0.9993857145309448,0.021188756456579954,0.5323883891105652
id04|p030,pulid_s0,id04,p030,True,True,0.992380678653717,0.014703628533795752,0.7874255478382111
id05|p030,pulid_s0,id05,p030,True,True,0.9999963045120239,0.03238199961692266,0.11563193798065186
id06|p030,pulid_s0,id06,p030,True,True,0.9999295473098755,0.01735446371331358,0.11150240898132324
id07|p030,pulid_s0,id07,p030,True,True,0.8396756052970886,0.01052667295489637,0.9254690185189247
id08|p030,pulid_s0,id08,p030,True,True,0.8179817199707031,0.005134237873711372,0.8334979116916656
id01|p031,pulid_s0,id01,p031,True,True,0.9999884366989136,0.07664159855426358,0.18576425313949585
id02|p031,pulid_s0,id02,p031,True,True,0.9999984502792358,0.057579068571945516,0.07620513439178467
id03|p031,pulid_s0,id03,p031,True,True,0.9999464750289917,0.062043985102830865,0.08687210083007812
id04|p031,pulid_s0,id04,p031,True,True,0.9999984502792358,0.06077408874448843,0.06945610046386719
id05|p031,pulid_s0,id05,p031,True,True,0.9999593496322632,0.00934932756269678,0.14621025323867798
id06|p031,pulid_s0,id06,p031,True,True,0.9999983310699463,0.05128404038968407,0.13110721111297607
id07|p031,pulid_s0,id07,p031,True,True,0.9996501207351685,0.06352366217598078,0.12116426229476929
id08|p031,pulid_s0,id08,p031,True,True,0.9998688697814941,0.06303247278462247,0.20901620388031006
id01|p032,pulid_s0,id01,p032,True,True,0.9999995231628418,0.009375130046289176,0.21653658151626587
id02|p032,pulid_s0,id02,p032,True,True,0.9999973773956299,0.050894907007497533,0.11591404676437378
id03|p032,pulid_s0,id03,p032,True,True,0.9999276399612427,0.018970541494248885,0.0997084379196167
id04|p032,pulid_s0,id04,p032,True,True,0.7592362761497498,0.12014637722561222,0.7780781835317612
id05|p032,pulid_s0,id05,p032,True,True,0.999995231628418,0.04117998624544323,0.10669457912445068
id06|p032,pulid_s0,id06,p032,True,True,0.9999620914459229,0.030196083723807037,0.12225854396820068
id07|p032,pulid_s0,id07,p032,True,True,0.9999809265136719,0.056809279809610334,0.1143409013748169
id08|p032,pulid_s0,id08,p032,True,True,0.9994458556175232,0.017203469249752107,0.17621779441833496
id01|p033,pulid_s0,id01,p033,True,True,0.9999995231628418,0.024200103181539343,0.186384916305542
id02|p033,pulid_s0,id02,p033,True,True,0.999936580657959,0.01226507986853499,0.11060595512390137
id03|p033,pulid_s0,id03,p033,True,True,0.9999997615814209,0.040920217000082464,0.09018242359161377
id04|p033,pulid_s0,id04,p033,True,True,0.9999363422393799,0.02335980167562123,0.09804320335388184
id05|p033,pulid_s0,id05,p033,True,True,0.9999985694885254,0.01845820683217085,0.09408104419708252
id06|p033,pulid_s0,id06,p033,True,True,1.0,0.017645010915834466,0.11456352472305298
id07|p033,pulid_s0,id07,p033,True,True,0.9994284510612488,0.05329915575468828,0.13892173767089844
id08|p033,pulid_s0,id08,p033,True,True,0.998801589012146,0.015376672335456915,0.22474884986877441
id01|p034,pulid_s0,id01,p034,True,True,0.9999933242797852,0.03457827452388144,0.20013707876205444
id02|p034,pulid_s0,id02,p034,True,True,0.9999955892562866,0.027847137923794278,0.09224724769592285
id03|p034,pulid_s0,id03,p034,True,True,0.9999823570251465,0.025764924322871075,0.07810169458389282
id04|p034,pulid_s0,id04,p034,True,True,0.9999347925186157,0.02908229644283634,0.07228970527648926
id05|p034,pulid_s0,id05,p034,True,True,0.9999982118606567,0.030384770960156,0.11280834674835205
id06|p034,pulid_s0,id06,p034,True,True,0.9999998807907104,0.033196494025658024,0.12346237897872925
id07|p034,pulid_s0,id07,p034,True,True,0.9999927282333374,0.028018659555568082,0.11181759834289551
id08|p034,pulid_s0,id08,p034,True,True,0.9991959929466248,0.04651745045691067,0.164828360080719
id01|p035,pulid_s0,id01,p035,True,True,0.9999986886978149,0.4327676067477724,0.1910380721092224
id02|p035,pulid_s0,id02,p035,True,True,0.999991774559021,0.38540357625521554,0.1032571792602539
id03|p035,pulid_s0,id03,p035,True,True,0.9999924898147583,0.28219517338483213,0.11045056581497192
id04|p035,pulid_s0,id04,p035,True,True,0.9999806880950928,0.25485370084788883,0.07575923204421997
id05|p035,pulid_s0,id05,p035,True,True,1.0,0.35181691797918857,0.08266210556030273
id06|p035,pulid_s0,id06,p035,True,True,0.9999991655349731,0.2800943502557687,0.1106257438659668
id07|p035,pulid_s0,id07,p035,True,True,0.9999520778656006,0.40330342729160723,0.1509808897972107
id08|p035,pulid_s0,id08,p035,True,True,0.9999978542327881,0.31261872471451835,0.1744225025177002
id01|p036,pulid_s0,id01,p036,True,True,0.7812353372573853,0.05679670445900869,1.3024154305458069
id02|p036,pulid_s0,id02,p036,True,True,0.999961256980896,0.03905405587831509,0.11334723234176636
id03|p036,pulid_s0,id03,p036,True,True,0.9999997615814209,0.028131733101704245,0.07678604125976562
id04|p036,pulid_s0,id04,p036,True,True,0.9999558925628662,0.026691478613505144,0.07306432723999023
id05|p036,pulid_s0,id05,p036,True,True,0.999998927116394,0.014394679682650516,0.08848965167999268
id06|p036,pulid_s0,id06,p036,True,True,0.9999904632568359,0.05217429653693068,0.10527288913726807
id07|p036,pulid_s0,id07,p036,True,True,0.9999701976776123,0.041533923613062344,0.09984123706817627
id08|p036,pulid_s0,id08,p036,True,True,0.9998735189437866,0.04521065368392859,0.1802743673324585
id01|p037,pulid_s0,id01,p037,True,True,1.0,0.0576184082321426,0.15276449918746948
id02|p037,pulid_s0,id02,p037,True,True,0.9999690055847168,0.06645866206578602,0.09692966938018799
id03|p037,pulid_s0,id03,p037,True,True,0.9999531507492065,0.03279590755805601,0.048184335231781006
id04|p037,pulid_s0,id04,p037,True,True,0.999817430973053,0.054372727639557104,0.06252622604370117
id05|p037,pulid_s0,id05,p037,True,True,0.9999996423721313,0.036828779993904256,0.08922648429870605
id06|p037,pulid_s0,id06,p037,True,True,0.9999998807907104,0.04366913823388794,0.1345537304878235
id07|p037,pulid_s0,id07,p037,True,True,0.9999815225601196,0.04228495546683808,0.09251457452774048
id08|p037,pulid_s0,id08,p037,True,True,0.9999833106994629,0.0257532435147866,0.18325817584991455
id01|p038,pulid_s0,id01,p038,True,True,0.9999998807907104,0.3659536323010725,0.25992584228515625
id02|p038,pulid_s0,id02,p038,True,True,0.9999969005584717,0.17112971950097777,0.12201237678527832
id03|p038,pulid_s0,id03,p038,True,True,0.9999951124191284,0.2222594524557314,0.11060523986816406
id04|p038,pulid_s0,id04,p038,True,True,0.9997847676277161,0.2657754905927811,0.09793257713317871
id05|p038,pulid_s0,id05,p038,True,True,0.9999539852142334,0.20050441708193187,0.14163684844970703
id06|p038,pulid_s0,id06,p038,True,True,0.9999196529388428,0.4078571718869947,0.15513288974761963
id07|p038,pulid_s0,id07,p038,True,True,0.9999905824661255,0.23829823763326263,0.1097671389579773
id08|p038,pulid_s0,id08,p038,True,True,0.9999383687973022,0.2756815226169625,0.16469806432724
id01|p039,pulid_s0,id01,p039,True,True,0.9999980926513672,0.00640686767263027,0.7088667750358582
id02|p039,pulid_s0,id02,p039,True,True,0.9999983310699463,0.015526105756212,0.12508755922317505
id03|p039,pulid_s0,id03,p039,True,True,0.754410982131958,0.002491645994538245,0.7274481356143951
id04|p039,pulid_s0,id04,p039,True,True,0.9999997615814209,0.011761879994011733,0.07416343688964844
id05|p039,pulid_s0,id05,p039,True,True,0.7933316826820374,0.018440641095187373,1.1328705251216888
id06|p039,pulid_s0,id06,p039,True,True,0.9981493949890137,0.0031466014991026357,1.0671122521162033
id07|p039,pulid_s0,id07,p039,True,True,0.9999591112136841,0.007077577293323701,0.8818950653076172
id08|p039,pulid_s0,id08,p039,True,True,0.9999377727508545,0.007422863084982201,0.23497521877288818
id01|p040,pulid_s0,id01,p040,True,True,0.9999953508377075,0.020589728969204878,0.18045222759246826
id02|p040,pulid_s0,id02,p040,True,True,0.9999971389770508,0.03327966721623062,0.08910810947418213
id03|p040,pulid_s0,id03,p040,True,True,0.9999997615814209,0.019655302031590625,0.07482802867889404
id04|p040,pulid_s0,id04,p040,True,True,0.9995986819267273,0.025186608288909212,0.08622556924819946
id05|p040,pulid_s0,id05,p040,True,True,0.9999997615814209,0.028576872492660426,0.1007729172706604
id06|p040,pulid_s0,id06,p040,True,True,0.9999997615814209,0.010097667793491067,0.12060332298278809
id07|p040,pulid_s0,id07,p040,True,True,0.9999868869781494,0.028409383944473333,0.13208907842636108
id08|p040,pulid_s0,id08,p040,True,True,0.9999573230743408,0.02933008776434458,0.14076435565948486
id01|p041,pulid_s0,id01,p041,True,True,0.9999998807907104,0.21805745724134198,0.20313668251037598
id02|p041,pulid_s0,id02,p041,True,True,0.9999945163726807,0.18331574176440488,0.08313989639282227
id03|p041,pulid_s0,id03,p041,True,True,0.9998300075531006,0.07035566522821075,0.08585846424102783
id04|p041,pulid_s0,id04,p041,True,True,0.9991243481636047,0.16554205712714065,0.07482898235321045
id05|p041,pulid_s0,id05,p041,True,True,0.9999998807907104,0.12431764884330519,0.10399198532104492
id06|p041,pulid_s0,id06,p041,True,True,0.9999897480010986,0.09622022333592531,0.12095427513122559
id07|p041,pulid_s0,id07,p041,True,True,0.9999845027923584,0.16953445744173704,0.14622974395751953
id08|p041,pulid_s0,id08,p041,True,True,0.9999958276748657,0.15786761868777507,0.1543908715248108
id01|p042,pulid_s0,id01,p042,True,True,0.9999995231628418,0.007183621531000947,0.2056187391281128
id02|p042,pulid_s0,id02,p042,True,True,0.999997615814209,0.005328236161272769,0.09208369255065918
id03|p042,pulid_s0,id03,p042,True,True,0.9999535083770752,0.0056372063080455635,0.08066922426223755
id04|p042,pulid_s0,id04,p042,True,True,0.9101431369781494,0.0016333168932040115,1.2526682913303375
id05|p042,pulid_s0,id05,p042,True,False,,,
id06|p042,pulid_s0,id06,p042,True,True,0.9999945163726807,0.005689238913959935,0.12379187345504761
id07|p042,pulid_s0,id07,p042,True,True,0.9999309778213501,0.003188521449093385,0.2565597891807556
id08|p042,pulid_s0,id08,p042,True,False,,,
id01|p043,pulid_s0,id01,p043,True,True,0.9999872446060181,0.040165971734648996,0.16318285465240479
id02|p043,pulid_s0,id02,p043,True,True,0.9999929666519165,0.05851873968383774,0.09027493000030518
id03|p043,pulid_s0,id03,p043,True,True,0.9999613761901855,0.02544234173943371,0.1065635085105896
id04|p043,pulid_s0,id04,p043,True,True,0.9998247027397156,0.036074626161051074,0.08912128210067749
id05|p043,pulid_s0,id05,p043,True,True,0.9999918937683105,0.04089825224491646,0.13350898027420044
id06|p043,pulid_s0,id06,p043,True,True,1.0,0.026840592398754925,0.13622790575027466
id07|p043,pulid_s0,id07,p043,True,True,0.9999392032623291,0.02895708483409577,0.14084398746490479
id08|p043,pulid_s0,id08,p043,True,True,0.9999761581420898,0.04821213921597496,0.20097917318344116
id01|p044,pulid_s0,id01,p044,True,True,0.9999841451644897,0.19326185010342545,0.1826465129852295
id02|p044,pulid_s0,id02,p044,True,True,0.9997045397758484,0.10156270216389708,0.07819157838821411
id03|p044,pulid_s0,id03,p044,True,True,0.9999998807907104,0.15876476359949265,0.07230651378631592
id04|p044,pulid_s0,id04,p044,True,True,0.9999798536300659,0.12783066385978645,0.08396381139755249
id05|p044,pulid_s0,id05,p044,True,True,0.9999966621398926,0.12378223560883042,0.11270183324813843
id06|p044,pulid_s0,id06,p044,True,True,0.9999645948410034,0.07869842801510121,0.1331654191017151
id07|p044,pulid_s0,id07,p044,True,True,0.999971866607666,0.08183214666078616,0.1311551332473755
id08|p044,pulid_s0,id08,p044,True,True,0.9998824596405029,0.11479587014911358,0.15000826120376587
id01|p045,pulid_s0,id01,p045,True,True,0.9999995231628418,0.01897868553589747,0.17079675197601318
id02|p045,pulid_s0,id02,p045,True,True,0.9998996257781982,0.013111033006747742,0.1309947371482849
id03|p045,pulid_s0,id03,p045,True,True,0.9999986886978149,0.011606271406250286,0.07892179489135742
id04|p045,pulid_s0,id04,p045,True,True,0.9999841451644897,0.020080383123961654,0.10463541746139526
id05|p045,pulid_s0,id05,p045,True,True,0.9857147336006165,0.021436513477187752,0.7191751003265381
id06|p045,pulid_s0,id06,p045,True,True,0.9999898672103882,0.016951961739552695,0.14756226539611816
id07|p045,pulid_s0,id07,p045,True,True,0.9997512698173523,0.013991442289436775,0.13655245304107666
id08|p045,pulid_s0,id08,p045,True,True,0.999985933303833,0.012785261762982983,0.20336425304412842
id01|p046,pulid_s0,id01,p046,True,True,0.999901533126831,0.05848609840487696,0.25167036056518555
id02|p046,pulid_s0,id02,p046,True,True,0.9999785423278809,0.025923890108109388,0.10694032907485962
id03|p046,pulid_s0,id03,p046,True,True,1.0,0.03175868857257872,0.08737921714782715
id04|p046,pulid_s0,id04,p046,True,True,0.9998985528945923,0.031808159136418886,0.09043699502944946
id05|p046,pulid_s0,id05,p046,True,True,0.999997615814209,0.019664084905738632,0.1365823745727539
id06|p046,pulid_s0,id06,p046,True,True,0.9999998807907104,0.030651009774486242,0.1330578327178955
id07|p046,pulid_s0,id07,p046,True,True,0.9999514818191528,0.06750659878906407,0.12391531467437744
id08|p046,pulid_s0,id08,p046,True,True,0.9997127652168274,0.029208498545277982,0.4023934602737427
id01|p047,pulid_s0,id01,p047,True,True,0.9999970197677612,0.07022373944321064,0.18152129650115967
id02|p047,pulid_s0,id02,p047,True,True,0.9999949932098389,0.055574291319429876,0.11060237884521484
id03|p047,pulid_s0,id03,p047,True,True,0.9999990463256836,0.054338720228797065,0.08694338798522949
id04|p047,pulid_s0,id04,p047,True,True,0.9999618530273438,0.06076222298013541,0.08043718338012695
id05|p047,pulid_s0,id05,p047,True,True,0.9999915361404419,0.058514792929031036,0.13323068618774414
id06|p047,pulid_s0,id06,p047,True,True,0.9999525547027588,0.04258826415674674,0.1094009280204773
id07|p047,pulid_s0,id07,p047,True,True,0.999951958656311,0.07451603510030734,0.08501118421554565
id08|p047,pulid_s0,id08,p047,True,True,0.9999845027923584,0.048895374337959124,0.12133467197418213
id01|p048,pulid_s0,id01,p048,True,True,0.9999998807907104,0.08699666334567047,0.17883771657943726
id02|p048,pulid_s0,id02,p048,True,True,0.9999983310699463,0.07419708709639476,0.12593293190002441
id03|p048,pulid_s0,id03,p048,True,True,0.9999996423721313,0.07440527968858691,0.0879126787185669
id04|p048,pulid_s0,id04,p048,True,True,0.9998733997344971,0.10138083306597107,0.08157551288604736
id05|p048,pulid_s0,id05,p048,True,True,0.9999871253967285,0.1140272936577374,0.12934041023254395
id06|p048,pulid_s0,id06,p048,True,True,0.9999997615814209,0.0910781353509171,0.1424199342727661
id07|p048,pulid_s0,id07,p048,True,True,0.9998540878295898,0.056191558275208484,0.08553159236907959
id08|p048,pulid_s0,id08,p048,True,True,0.99978107213974,0.048512239240917104,0.17521411180496216
id01|p049,pulid_s0,id01,p049,True,True,0.9999996423721313,0.013749166579100908,0.1681365966796875
id02|p049,pulid_s0,id02,p049,True,True,0.9999970197677612,0.008331500741851152,0.0988457202911377
id03|p049,pulid_s0,id03,p049,True,True,0.9999985694885254,0.008173701602015018,0.09574538469314575
id04|p049,pulid_s0,id04,p049,True,True,0.999907374382019,0.0030750308787115322,0.1378914713859558
id05|p049,pulid_s0,id05,p049,True,True,1.0,0.00905416410570002,0.1306186318397522
id06|p049,pulid_s0,id06,p049,True,True,0.9999966621398926,0.02166521016816948,0.10877001285552979
id07|p049,pulid_s0,id07,p049,True,True,0.999717652797699,0.008537626595069823,0.1372922658920288
id08|p049,pulid_s0,id08,p049,True,True,0.9999572038650513,0.0038762372620756488,0.3007392883300781
id01|p050,pulid_s0,id01,p050,True,True,0.9999995231628418,0.2512344825719451,0.12703073024749756
id02|p050,pulid_s0,id02,p050,True,True,0.9999957084655762,0.22730354781720755,0.10987639427185059
id03|p050,pulid_s0,id03,p050,True,True,0.999998927116394,0.21596476095229028,0.07522952556610107
id04|p050,pulid_s0,id04,p050,True,True,0.9999988079071045,0.26202085930175945,0.07516622543334961
id05|p050,pulid_s0,id05,p050,True,True,1.0,0.2241682313795484,0.10395550727844238
id06|p050,pulid_s0,id06,p050,True,True,0.999975323677063,0.17776832434076173,0.14126873016357422
id07|p050,pulid_s0,id07,p050,True,True,0.9997218251228333,0.20488029274255357,0.13691413402557373
id08|p050,pulid_s0,id08,p050,True,True,0.9997785687446594,0.27483400891876764,0.18687957525253296
id01|p051,pulid_s0,id01,p051,True,True,0.9999990463256836,0.0430554759180964,0.18749666213989258
id02|p051,pulid_s0,id02,p051,True,True,0.9999744892120361,0.04607067232923571,0.08224684000015259
id03|p051,pulid_s0,id03,p051,True,False,,,
id04|p051,pulid_s0,id04,p051,True,True,0.9999645948410034,0.04361740090042136,0.06903010606765747
id05|p051,pulid_s0,id05,p051,True,True,0.9999502897262573,0.0469846497205259,0.15013724565505981
id06|p051,pulid_s0,id06,p051,True,False,,,
id07|p051,pulid_s0,id07,p051,True,True,0.9999351501464844,0.04552732994603997,0.09435093402862549
id08|p051,pulid_s0,id08,p051,True,True,0.9985054731369019,0.032127868687734075,0.17779815196990967
id01|p052,pulid_s0,id01,p052,True,True,0.9999997615814209,0.02567277417458374,0.19015729427337646
id02|p052,pulid_s0,id02,p052,True,True,0.9999948740005493,0.03405006742807501,0.08322906494140625
id03|p052,pulid_s0,id03,p052,True,True,1.0,0.014445504587237574,0.08355021476745605
id04|p052,pulid_s0,id04,p052,True,True,0.999996542930603,0.017501740663183902,0.10968303680419922
id05|p052,pulid_s0,id05,p052,True,True,1.0,0.01588178410421885,0.08297264575958252
id06|p052,pulid_s0,id06,p052,True,True,0.9999996423721313,0.015849007525604166,0.12470924854278564
id07|p052,pulid_s0,id07,p052,True,True,0.9999550580978394,0.020034941841972628,0.12562590837478638
id08|p052,pulid_s0,id08,p052,True,True,0.9999459981918335,0.035777869670504205,0.15199226140975952
id01|p053,pulid_s0,id01,p053,True,True,0.9999994039535522,0.038277156108736644,0.13747477531433105
id02|p053,pulid_s0,id02,p053,True,True,0.9999996423721313,0.03294695224769699,0.08589935302734375
id03|p053,pulid_s0,id03,p053,True,True,0.9999977350234985,0.022970159062433857,0.11934483051300049
id04|p053,pulid_s0,id04,p053,True,True,0.9999841451644897,0.04422917741680766,0.05577123165130615
id05|p053,pulid_s0,id05,p053,True,True,0.9999998807907104,0.03408549865149427,0.10735642910003662
id06|p053,pulid_s0,id06,p053,True,True,0.9999963045120239,0.05009552040321533,0.1226155161857605
id07|p053,pulid_s0,id07,p053,True,True,0.9998034834861755,0.028590853800475696,0.11657404899597168
id08|p053,pulid_s0,id08,p053,True,True,0.9999402761459351,0.020604854816047607,0.13197505474090576
id01|p054,pulid_s0,id01,p054,True,True,0.9999836683273315,0.029301225439661564,0.15856415033340454
id02|p054,pulid_s0,id02,p054,True,True,0.9999964237213135,0.04102001104605632,0.09231263399124146
id03|p054,pulid_s0,id03,p054,True,True,0.9999644756317139,0.02737475232000482,0.06025898456573486
id04|p054,pulid_s0,id04,p054,True,True,0.9998672008514404,0.04097065477559047,0.0749848484992981
id05|p054,pulid_s0,id05,p054,True,True,0.9999978542327881,0.036745467505780456,0.0849837064743042
id06|p054,pulid_s0,id06,p054,True,True,0.9999500513076782,0.026101219336009375,0.12367492914199829
id07|p054,pulid_s0,id07,p054,True,True,0.9999417066574097,0.026144680841567874,0.14307719469070435
id08|p054,pulid_s0,id08,p054,True,True,0.9999457597732544,0.03104223116757948,0.15110564231872559
id01|p055,pulid_s0,id01,p055,True,True,0.9999997615814209,0.03387525172532454,0.1648377776145935
id02|p055,pulid_s0,id02,p055,True,True,0.9999970197677612,0.021279126167914893,0.09781265258789062
id03|p055,pulid_s0,id03,p055,True,True,0.9999796152114868,0.020929623957086068,0.06108212471008301
id04|p055,pulid_s0,id04,p055,True,True,0.9999698400497437,0.04749768809894569,0.07862222194671631
id05|p055,pulid_s0,id05,p055,True,True,1.0,0.02102738552282807,0.10349452495574951
id06|p055,pulid_s0,id06,p055,True,True,0.9999991655349731,0.042499668054996144,0.11809062957763672
id07|p055,pulid_s0,id07,p055,True,True,0.9998375177383423,0.019752379310378352,0.115386962890625
id08|p055,pulid_s0,id08,p055,True,True,0.9998946189880371,0.03440095219539703,0.15424096584320068
id01|p056,pulid_s0,id01,p056,True,True,0.9999980926513672,0.1459589052408258,0.16998624801635742
id02|p056,pulid_s0,id02,p056,True,True,0.9999982118606567,0.15748026722997252,0.0818740725517273
id03|p056,pulid_s0,id03,p056,True,True,0.9999991655349731,0.18908062464756528,0.12109887599945068
id04|p056,pulid_s0,id04,p056,True,True,0.9999991655349731,0.157760586270818,0.07231467962265015
id05|p056,pulid_s0,id05,p056,True,True,0.9999994039535522,0.2676239415370047,0.09547597169876099
id06|p056,pulid_s0,id06,p056,True,True,0.9999299049377441,0.17042865963716164,0.10531556606292725
id07|p056,pulid_s0,id07,p056,True,True,0.9995355606079102,0.25867337405788704,0.14360570907592773
id08|p056,pulid_s0,id08,p056,True,True,0.9999868869781494,0.22387878175559475,0.176375150680542
id01|p057,pulid_s0,id01,p057,True,True,0.9999990463256836,0.052478359158266666,0.16207778453826904
id02|p057,pulid_s0,id02,p057,True,True,0.9999991655349731,0.06338953893284603,0.09253823757171631
id03|p057,pulid_s0,id03,p057,True,True,0.9999947547912598,0.03959770189293589,0.07412302494049072
id04|p057,pulid_s0,id04,p057,True,True,0.9976333379745483,0.04518491854338927,0.09942877292633057
id05|p057,pulid_s0,id05,p057,True,True,0.9999994039535522,0.06799046513048392,0.12670385837554932
id06|p057,pulid_s0,id06,p057,True,True,0.9999996423721313,0.05737355199248612,0.09445029497146606
id07|p057,pulid_s0,id07,p057,True,True,0.9999936819076538,0.05480102807043535,0.13082456588745117
id08|p057,pulid_s0,id08,p057,True,True,0.9998531341552734,0.038207852350953746,0.16760039329528809
id01|p058,pulid_s0,id01,p058,True,True,0.999998927116394,0.011199642503164414,0.16445934772491455
id02|p058,pulid_s0,id02,p058,True,True,0.9999643564224243,0.008683594997845654,0.10876721143722534
id03|p058,pulid_s0,id03,p058,True,True,0.9999974966049194,0.00685176846716172,0.1078108549118042
id04|p058,pulid_s0,id04,p058,True,True,0.9999988079071045,0.004945398514850981,0.0880739688873291
id05|p058,pulid_s0,id05,p058,True,True,0.9999994039535522,0.006541661343564758,0.12478858232498169
id06|p058,pulid_s0,id06,p058,True,True,0.9999994039535522,0.009843162906166861,0.11598098278045654
id07|p058,pulid_s0,id07,p058,True,True,0.9999843835830688,0.007101210192044306,0.13934814929962158
id08|p058,pulid_s0,id08,p058,True,True,0.9999375343322754,0.0060419933616997325,0.20203256607055664
id01|p059,pulid_s0,id01,p059,True,True,0.9999655485153198,0.25118953513334796,0.17124176025390625
id02|p059,pulid_s0,id02,p059,True,True,0.9999991655349731,0.19724091716000344,0.09356439113616943
id03|p059,pulid_s0,id03,p059,True,True,0.999997615814209,0.1472601719354993,0.08538627624511719
id04|p059,pulid_s0,id04,p059,True,True,0.999987006187439,0.22363317052042042,0.0822344422340393
id05|p059,pulid_s0,id05,p059,True,True,0.9999994039535522,0.17260481288967303,0.0875406265258789
id06|p059,pulid_s0,id06,p059,True,True,0.9999997615814209,0.19587275304272148,0.13680118322372437
id07|p059,pulid_s0,id07,p059,True,True,0.9999978542327881,0.17079859743160028,0.12003660202026367
id08|p059,pulid_s0,id08,p059,True,True,0.9999978542327881,0.20194108534235464,0.1559520959854126
id01|p060,pulid_s0,id01,p060,True,True,0.9999997615814209,0.027734295647228034,0.16162395477294922
id02|p060,pulid_s0,id02,p060,True,True,0.9999818801879883,0.08900143320181401,0.09866905212402344
id03|p060,pulid_s0,id03,p060,True,True,1.0,0.07607195004738183,0.10166102647781372
id04|p060,pulid_s0,id04,p060,True,True,0.9987154006958008,0.03964174356354029,0.08644634485244751
id05|p060,pulid_s0,id05,p060,True,True,1.0,0.040503562979555784,0.0923609733581543
id06|p060,pulid_s0,id06,p060,True,True,0.9999992847442627,0.034601144754365105,0.12597638368606567
id07|p060,pulid_s0,id07,p060,True,True,0.9999834299087524,0.02967727185384896,0.10002952814102173
id08|p060,pulid_s0,id08,p060,True,True,0.9999905824661255,0.05230411553404516,0.15457475185394287
id01|p061,pulid_s0,id01,p061,True,True,1.0,0.021171334401941872,0.21493315696716309
id02|p061,pulid_s0,id02,p061,True,True,0.9999998807907104,0.012874511335723334,0.11931288242340088
id03|p061,pulid_s0,id03,p061,True,True,0.9999982118606567,0.026482957004733822,0.0941779613494873
id04|p061,pulid_s0,id04,p061,True,True,0.9999986886978149,0.016364611785723734,0.10198938846588135
id05|p061,pulid_s0,id05,p061,True,True,1.0,0.005308014131668391,0.14826273918151855
id06|p061,pulid_s0,id06,p061,True,True,1.0,0.023380563390318507,0.11286437511444092
id07|p061,pulid_s0,id07,p061,True,True,0.9993224143981934,0.022933418395529804,0.12410849332809448
id08|p061,pulid_s0,id08,p061,True,True,0.9999812841415405,0.013585629995462903,0.2640131711959839
id01|p062,pulid_s0,id01,p062,True,True,0.9999681711196899,0.015396890390836117,0.19951295852661133
id02|p062,pulid_s0,id02,p062,True,True,0.9999998807907104,0.018421597594577687,0.1116495132446289
id03|p062,pulid_s0,id03,p062,True,True,0.9999997615814209,0.01543900387184328,0.10127604007720947
id04|p062,pulid_s0,id04,p062,True,True,0.9996943473815918,0.026788170017737315,0.0781257152557373
id05|p062,pulid_s0,id05,p062,True,True,0.9999608993530273,0.011474482437281093,0.13861876726150513
id06|p062,pulid_s0,id06,p062,True,True,0.9999996423721313,0.016484051549122653,0.17369437217712402
id07|p062,pulid_s0,id07,p062,True,True,0.9999185800552368,0.020272377964051003,0.12758290767669678
id08|p062,pulid_s0,id08,p062,True,True,0.9998373985290527,0.015156794573882778,0.1475914716720581
id01|p063,pulid_s0,id01,p063,True,True,0.9999994039535522,0.03655017942254082,0.16342806816101074
id02|p063,pulid_s0,id02,p063,True,True,0.9999936819076538,0.03370274861741665,0.09803205728530884
id03|p063,pulid_s0,id03,p063,True,True,1.0,0.025217273090607638,0.08350586891174316
id04|p063,pulid_s0,id04,p063,True,True,0.9995512366294861,0.04648056154642178,0.07876867055892944
id05|p063,pulid_s0,id05,p063,True,True,1.0,0.04813453692204367,0.08800417184829712
id06|p063,pulid_s0,id06,p063,True,True,0.9999814033508301,0.04234637230718142,0.1315622329711914
id07|p063,pulid_s0,id07,p063,True,True,0.999963641166687,0.05667519829440222,0.09946435689926147
id08|p063,pulid_s0,id08,p063,True,True,0.9997010231018066,0.04964848233671799,0.16480696201324463
id01|p064,pulid_s0,id01,p064,True,False,,,
id02|p064,pulid_s0,id02,p064,True,True,0.9997324347496033,0.021672924649060912,0.20914900302886963
id03|p064,pulid_s0,id03,p064,True,True,0.9999915361404419,0.010647013339333287,0.44241583347320557
id04|p064,pulid_s0,id04,p064,True,True,0.999961256980896,0.01490550494787168,0.32464706897735596
id05|p064,pulid_s0,id05,p064,True,False,,,
id06|p064,pulid_s0,id06,p064,True,True,0.9548584222793579,0.01820385327621137,0.9030478000640869
id07|p064,pulid_s0,id07,p064,True,True,0.9622699022293091,0.01809810590144113,0.8114588260650635
id08|p064,pulid_s0,id08,p064,True,True,0.9997548460960388,0.0274689689205596,0.366895854473114
id01|p065,pulid_s0,id01,p065,True,True,0.9999964237213135,0.3849325708215301,0.19610202312469482
id02|p065,pulid_s0,id02,p065,True,True,0.9999992847442627,0.36634206388363055,0.11690258979797363
id03|p065,pulid_s0,id03,p065,True,True,0.9999990463256836,0.29902503821126547,0.13179022073745728
id04|p065,pulid_s0,id04,p065,True,True,0.9999212026596069,0.451588514885259,0.09330099821090698
id05|p065,pulid_s0,id05,p065,True,True,0.9999994039535522,0.42291423936329986,0.09902971982955933
id06|p065,pulid_s0,id06,p065,True,True,0.9999984502792358,0.34596848108689593,0.1384040117263794
id07|p065,pulid_s0,id07,p065,True,True,0.9999986886978149,0.4457718786225992,0.1903998851776123
id08|p065,pulid_s0,id08,p065,True,True,0.9999537467956543,0.3710763613088305,0.21439599990844727
id01|p066,pulid_s0,id01,p066,True,True,0.9999995231628418,0.06220544945734559,0.18258357048034668
id02|p066,pulid_s0,id02,p066,True,True,0.9999843835830688,0.05260955361687553,0.11168229579925537
id03|p066,pulid_s0,id03,p066,True,True,0.9998912811279297,0.034500577939919966,0.08607566356658936
id04|p066,pulid_s0,id04,p066,True,True,0.9999998807907104,0.04012801146132193,0.08850884437561035
id05|p066,pulid_s0,id05,p066,True,True,0.9999994039535522,0.09223754299594483,0.13163042068481445
id06|p066,pulid_s0,id06,p066,True,True,0.9999969005584717,0.054515014081946665,0.1063072681427002
id07|p066,pulid_s0,id07,p066,True,True,0.9999929666519165,0.054861849150608426,0.22194617986679077
id08|p066,pulid_s0,id08,p066,True,True,0.9997588992118835,0.031818962728133476,0.1519254446029663
id01|p067,pulid_s0,id01,p067,True,True,0.9999990463256836,0.008915029600487926,0.1854841113090515
id02|p067,pulid_s0,id02,p067,True,True,0.99998939037323,0.006170132116204109,0.14972257614135742
id03|p067,pulid_s0,id03,p067,True,True,0.9999995231628418,0.010236303958259264,0.07265430688858032
id04|p067,pulid_s0,id04,p067,True,True,0.9994958639144897,0.0016427859799975817,0.6669963598251343
id05|p067,pulid_s0,id05,p067,True,True,0.9993566870689392,0.0005205000378458332,0.39601272344589233
id06|p067,pulid_s0,id06,p067,True,True,0.9999977350234985,0.007489252261405795,0.1703864336013794
id07|p067,pulid_s0,id07,p067,True,True,0.9771432876586914,0.02095052255867158,1.1379101127386093
id08|p067,pulid_s0,id08,p067,True,True,0.7855097651481628,0.0051024039623526534,0.7119938731193542
id01|p068,pulid_s0,id01,p068,True,True,0.9999997615814209,0.07940816690565082,0.1563708782196045
id02|p068,pulid_s0,id02,p068,True,True,0.9999996423721313,0.07210075411684455,0.10392892360687256
id03|p068,pulid_s0,id03,p068,True,True,0.9999998807907104,0.08802672936707899,0.07503318786621094
id04|p068,pulid_s0,id04,p068,True,True,0.9999959468841553,0.06875838084291948,0.08240377902984619
id05|p068,pulid_s0,id05,p068,True,True,1.0,0.08722336002340482,0.12667560577392578
id06|p068,pulid_s0,id06,p068,True,True,0.9999821186065674,0.08622267766879113,0.12589764595031738
id07|p068,pulid_s0,id07,p068,True,True,0.9999994039535522,0.08385014208796178,0.11426854133605957
id08|p068,pulid_s0,id08,p068,True,True,0.9997965693473816,0.08553519361654335,0.1480606198310852
id01|p069,pulid_s0,id01,p069,True,True,0.9999823570251465,0.13693349556850337,0.24873024225234985
id02|p069,pulid_s0,id02,p069,True,True,0.9999927282333374,0.18959608911042714,0.12226992845535278
id03|p069,pulid_s0,id03,p069,True,True,0.9999998807907104,0.21943579658139134,0.08898824453353882
id04|p069,pulid_s0,id04,p069,True,True,0.999997615814209,0.06055812200191459,0.09580636024475098
id05|p069,pulid_s0,id05,p069,True,True,0.999998927116394,0.37467974915124214,0.1574265956878662
id06|p069,pulid_s0,id06,p069,True,True,0.999998927116394,0.1425541948689173,0.10727345943450928
id07|p069,pulid_s0,id07,p069,True,True,0.9999414682388306,0.152177439125134,0.12159895896911621
id08|p069,pulid_s0,id08,p069,True,True,0.999953031539917,0.10824307686022992,0.1509038805961609
id01|p070,pulid_s0,id01,p070,True,False,,,
id02|p070,pulid_s0,id02,p070,True,False,,,
id03|p070,pulid_s0,id03,p070,True,True,0.9999998807907104,0.032522393036179584,0.06261098384857178
id04|p070,pulid_s0,id04,p070,True,True,0.999988317489624,0.01633872652122209,0.1499071717262268
id05|p070,pulid_s0,id05,p070,True,True,0.9999502897262573,0.02390802208722266,0.17274010181427002
id06|p070,pulid_s0,id06,p070,True,False,,,
id07|p070,pulid_s0,id07,p070,True,False,,,
id08|p070,pulid_s0,id08,p070,True,False,,,
id01|p071,pulid_s0,id01,p071,True,True,0.999998927116394,0.03924544131614349,0.15170049667358398
id02|p071,pulid_s0,id02,p071,True,True,0.9999902248382568,0.040972857639298435,0.11668515205383301
id03|p071,pulid_s0,id03,p071,True,True,0.9999933242797852,0.032027417592222274,0.05362963676452637
id04|p071,pulid_s0,id04,p071,True,True,0.9999959468841553,0.03748168823553448,0.08955681324005127
id05|p071,pulid_s0,id05,p071,True,True,1.0,0.036462234256056346,0.08746981620788574
id06|p071,pulid_s0,id06,p071,True,True,0.9999980926513672,0.028215794030602634,0.09671568870544434
id07|p071,pulid_s0,id07,p071,True,True,0.9997395873069763,0.05191782484561094,0.10602307319641113
id08|p071,pulid_s0,id08,p071,True,True,0.9998865127563477,0.03718273331395658,0.14683294296264648
id01|p072,pulid_s0,id01,p072,True,True,0.9999845027923584,0.259289226725889,0.19323956966400146
id02|p072,pulid_s0,id02,p072,True,True,0.9998711347579956,0.20006295081388148,0.10396230220794678
id03|p072,pulid_s0,id03,p072,True,True,0.9999998807907104,0.16388288598151307,0.09940063953399658
id04|p072,pulid_s0,id04,p072,True,True,0.9999995231628418,0.116639014920251,0.06513065099716187
id05|p072,pulid_s0,id05,p072,True,True,0.9999927282333374,0.15980316271577943,0.11535316705703735
id06|p072,pulid_s0,id06,p072,True,True,0.9999731779098511,0.18591281148285024,0.085196852684021
id07|p072,pulid_s0,id07,p072,True,True,0.9999926090240479,0.16741336515279268,0.11233359575271606
id08|p072,pulid_s0,id08,p072,True,True,0.9999960660934448,0.2227389904560677,0.1619856357574463
id01|p073,pulid_s0,id01,p073,True,True,0.9999066591262817,0.020003177293045814,0.16378355026245117
id02|p073,pulid_s0,id02,p073,True,True,0.9999945163726807,0.013039073209318214,0.09008574485778809
id03|p073,pulid_s0,id03,p073,True,True,0.9994056224822998,0.014842831331167532,0.11250102519989014
id04|p073,pulid_s0,id04,p073,True,True,0.9999980926513672,0.019419518814882193,0.09483927488327026
id05|p073,pulid_s0,id05,p073,True,True,0.9999788999557495,0.010251469722347249,0.1191210150718689
id06|p073,pulid_s0,id06,p073,True,True,0.9999997615814209,0.01362808619645269,0.1460796594619751
id07|p073,pulid_s0,id07,p073,True,True,0.999882698059082,0.013056544812860857,0.13342952728271484
id08|p073,pulid_s0,id08,p073,True,True,0.9998605251312256,0.018151519749975996,0.15725421905517578
id01|p074,pulid_s0,id01,p074,True,True,0.9999994039535522,0.01022320362136708,0.178916335105896
id02|p074,pulid_s0,id02,p074,True,True,0.9999028444290161,0.01179667114791538,0.10454273223876953
id03|p074,pulid_s0,id03,p074,True,True,0.9999861717224121,0.006509776934628327,0.09960758686065674
id04|p074,pulid_s0,id04,p074,True,True,0.9999241828918457,0.007111219216627141,0.10007989406585693
id05|p074,pulid_s0,id05,p074,True,True,0.9999961853027344,0.0055174747135424695,0.14178967475891113
id06|p074,pulid_s0,id06,p074,True,True,0.9999998807907104,0.006685967962160551,0.1499636173248291
id07|p074,pulid_s0,id07,p074,True,True,0.9987252354621887,0.004825177970601937,0.17937779426574707
id08|p074,pulid_s0,id08,p074,True,True,0.9966661334037781,0.004233567784548065,0.762705072760582
id01|p075,pulid_s0,id01,p075,True,True,0.9999990463256836,0.03165351230783904,0.19018161296844482
id02|p075,pulid_s0,id02,p075,True,True,0.9999988079071045,0.027371932469079797,0.14170938730239868
id03|p075,pulid_s0,id03,p075,True,True,0.999984860420227,0.03276258058318535,0.07847261428833008
id04|p075,pulid_s0,id04,p075,True,True,0.9999995231628418,0.022805858136440225,0.08702683448791504
id05|p075,pulid_s0,id05,p075,True,True,0.9999998807907104,0.01586204059562445,0.1472761631011963
id06|p075,pulid_s0,id06,p075,True,True,0.9999110698699951,0.014103158986758731,0.10724484920501709
id07|p075,pulid_s0,id07,p075,True,True,0.9999986886978149,0.0368376025054417,0.10238736867904663
id08|p075,pulid_s0,id08,p075,True,True,0.9999958276748657,0.021406222598263837,0.16965782642364502
id01|p076,pulid_s0,id01,p076,True,True,0.9999961853027344,0.015756099604931042,0.11900919675827026
id02|p076,pulid_s0,id02,p076,True,True,0.9975550770759583,0.011566294135475354,0.14191293716430664
id03|p076,pulid_s0,id03,p076,True,True,0.9999986886978149,0.017442752657447227,0.05254298448562622
id04|p076,pulid_s0,id04,p076,True,True,0.9999909400939941,0.01814393001661578,0.07045090198516846
id05|p076,pulid_s0,id05,p076,True,False,,,
id06|p076,pulid_s0,id06,p076,True,True,0.9999712705612183,0.01235111379825002,0.24560141563415527
id07|p076,pulid_s0,id07,p076,True,False,,,
id08|p076,pulid_s0,id08,p076,True,True,0.999995231628418,0.021975967264600965,0.14036548137664795
id01|p077,pulid_s0,id01,p077,True,True,0.9999990463256836,0.27556685625588645,0.18880188465118408
id02|p077,pulid_s0,id02,p077,True,True,0.9999983310699463,0.2522283386336447,0.1159595251083374
id03|p077,pulid_s0,id03,p077,True,True,0.999998927116394,0.17822571520422825,0.1285572648048401
id04|p077,pulid_s0,id04,p077,True,True,0.9999710321426392,0.24211155226182204,0.10287809371948242
id05|p077,pulid_s0,id05,p077,True,True,0.9999998807907104,0.19218082209523277,0.10543286800384521
id06|p077,pulid_s0,id06,p077,True,True,0.9999970197677612,0.2683025856426548,0.16503864526748657
id07|p077,pulid_s0,id07,p077,True,True,0.9999889135360718,0.2989613634118111,0.1674116849899292
id08|p077,pulid_s0,id08,p077,True,True,0.9999727010726929,0.26170424324294594,0.20343172550201416
id01|p078,pulid_s0,id01,p078,True,True,0.9999998807907104,0.02216522716635865,0.21791481971740723
id02|p078,pulid_s0,id02,p078,True,True,0.9999967813491821,0.008743636330221722,0.10283207893371582
id03|p078,pulid_s0,id03,p078,True,True,0.9999068975448608,0.00717283529355968,0.13292241096496582
id04|p078,pulid_s0,id04,p078,True,True,0.9999994039535522,0.009210662270182487,0.07120019197463989
id05|p078,pulid_s0,id05,p078,True,True,0.9279255867004395,0.0015665650460976867,0.7642173022031784
id06|p078,pulid_s0,id06,p078,True,True,0.9999974966049194,0.014707310514306465,0.1378871202468872
id07|p078,pulid_s0,id07,p078,True,True,0.7319502234458923,0.001314341676753343,1.0386749245226383
id08|p078,pulid_s0,id08,p078,True,True,0.9999594688415527,0.011392072639886158,0.1802767515182495
id01|p079,pulid_s0,id01,p079,True,True,0.9999994039535522,0.030040074403014268,0.1810610294342041
id02|p079,pulid_s0,id02,p079,True,True,0.999991774559021,0.049604143460934814,0.07632189989089966
id03|p079,pulid_s0,id03,p079,True,True,0.9999984502792358,0.03914350682206263,0.061096012592315674
id04|p079,pulid_s0,id04,p079,True,True,0.9999723434448242,0.04772485800843938,0.06058037281036377
id05|p079,pulid_s0,id05,p079,True,True,0.9999998807907104,0.04156976372082176,0.09996730089187622
id06|p079,pulid_s0,id06,p079,True,True,0.9999973773956299,0.0645874236678717,0.13348257541656494
id07|p079,pulid_s0,id07,p079,True,True,0.9999210834503174,0.04469790705001823,0.0999760627746582
id08|p079,pulid_s0,id08,p079,True,True,0.9999955892562866,0.05527417085339735,0.16453814506530762
id01|p080,pulid_s0,id01,p080,True,True,0.9307408332824707,0.01734759155012918,0.819219708442688
id02|p080,pulid_s0,id02,p080,True,True,0.9999855756759644,0.04872930835367117,0.10757231712341309
id03|p080,pulid_s0,id03,p080,True,True,0.999997615814209,0.02477212385566631,0.04757112264633179
id04|p080,pulid_s0,id04,p080,True,True,0.9999990463256836,0.01328476250816976,0.08669430017471313
id05|p080,pulid_s0,id05,p080,True,True,0.9999942779541016,0.02170570178018146,0.08711713552474976
id06|p080,pulid_s0,id06,p080,True,True,0.999990701675415,0.034085684815813186,0.1255882978439331
id07|p080,pulid_s0,id07,p080,True,True,0.999962568283081,0.0280630301335131,0.11468130350112915
id08|p080,pulid_s0,id08,p080,True,True,0.9996764659881592,0.037839065265104554,0.12155568599700928
id01|p081,pulid_s0,id01,p081,True,True,0.9999980926513672,0.02274730204337751,0.1816256046295166
id02|p081,pulid_s0,id02,p081,True,True,0.9999772310256958,0.006923725547790221,0.15927547216415405
id03|p081,pulid_s0,id03,p081,True,True,0.9978476762771606,0.005693894167086034,0.8724551498889923
id04|p081,pulid_s0,id04,p081,True,True,0.9999998807907104,0.00916126937905469,0.10334837436676025
id05|p081,pulid_s0,id05,p081,True,True,1.0,0.0038940600374762317,0.16861999034881592
id06|p081,pulid_s0,id06,p081,True,True,0.7956681847572327,0.0002389825068393641,0.9452281445264816
id07|p081,pulid_s0,id07,p081,True,True,0.9999240636825562,0.005432184499899629,0.15779423713684082
id08|p081,pulid_s0,id08,p081,True,True,0.9999706745147705,0.006061086102150931,0.25025224685668945
id01|p082,pulid_s0,id01,p082,True,True,0.999996542930603,0.05537832841976827,0.26106929779052734
id02|p082,pulid_s0,id02,p082,True,True,0.999903678894043,0.04089398762736588,0.20472675561904907
id03|p082,pulid_s0,id03,p082,True,True,0.9999983310699463,0.045292275263133806,0.30680596828460693
id04|p082,pulid_s0,id04,p082,True,True,0.9999786615371704,0.0696675130088404,0.08105874061584473
id05|p082,pulid_s0,id05,p082,True,True,0.9999881982803345,0.02807278347028875,0.1687585711479187
id06|p082,pulid_s0,id06,p082,True,True,0.9999985694885254,0.06695233518362324,0.1294703483581543
id07|p082,pulid_s0,id07,p082,True,True,0.9998505115509033,0.03717239194659467,0.16887813806533813
id08|p082,pulid_s0,id08,p082,True,True,0.9980950951576233,0.07330920897364919,0.39774447679519653
id01|p083,pulid_s0,id01,p083,True,True,0.9999986886978149,0.3493131571854394,0.1574196219444275
id02|p083,pulid_s0,id02,p083,True,True,0.9997926354408264,0.2791064512051101,0.13749754428863525
id03|p083,pulid_s0,id03,p083,True,True,1.0,0.22817963948218345,0.12462484836578369
id04|p083,pulid_s0,id04,p083,True,True,0.9999840259552002,0.3253237370405949,0.08619970083236694
id05|p083,pulid_s0,id05,p083,True,True,0.9999998807907104,0.3886312927424561,0.15646934509277344
id06|p083,pulid_s0,id06,p083,True,True,0.9999977350234985,0.46042313943789526,0.12547504901885986
id07|p083,pulid_s0,id07,p083,True,True,0.9999265670776367,0.29523794784920987,0.1334560513496399
id08|p083,pulid_s0,id08,p083,True,True,0.9998469352722168,0.41065258584048553,0.25774049758911133
id01|p084,pulid_s0,id01,p084,True,True,0.9999960660934448,0.0006654773436664219,0.7083736062049866
id02|p084,pulid_s0,id02,p084,True,True,0.9999743700027466,0.00263863030947763,0.4191462993621826
id03|p084,pulid_s0,id03,p084,True,False,,,
id04|p084,pulid_s0,id04,p084,True,False,,,
id05|p084,pulid_s0,id05,p084,True,True,0.9999988079071045,0.0007402492916689917,0.3870534896850586
id06|p084,pulid_s0,id06,p084,True,True,0.9999790191650391,0.0007869951108015977,0.767863318324089
id07|p084,pulid_s0,id07,p084,True,True,0.9999951124191284,0.0005132217814922122,0.7199821770191193
id08|p084,pulid_s0,id08,p084,True,True,0.9999954700469971,0.0011202215743161019,0.6001964509487152
id01|p085,pulid_s0,id01,p085,True,True,0.9999996423721313,0.02048895812930385,0.20136821269989014
id02|p085,pulid_s0,id02,p085,True,True,0.9999980926513672,0.021600150955927582,0.06842219829559326
id03|p085,pulid_s0,id03,p085,True,True,0.999927282333374,0.01898694945127763,0.10165488719940186
id04|p085,pulid_s0,id04,p085,True,True,0.9997549653053284,0.018108168844813366,0.0652158260345459
id05|p085,pulid_s0,id05,p085,True,True,0.9999997615814209,0.02283086207193893,0.11969685554504395
id06|p085,pulid_s0,id06,p085,True,True,0.9999945163726807,0.02945433997562456,0.12135136127471924
id07|p085,pulid_s0,id07,p085,True,True,0.9999431371688843,0.025786682846285998,0.09644794464111328
id08|p085,pulid_s0,id08,p085,True,True,0.9999285936355591,0.02552384927628656,0.1504482626914978
id01|p086,pulid_s0,id01,p086,True,True,0.9999997615814209,0.04322279886340908,0.199609637260437
id02|p086,pulid_s0,id02,p086,True,True,0.9999994039535522,0.0430868392870225,0.09166550636291504
id03|p086,pulid_s0,id03,p086,True,True,0.9999992847442627,0.09305513125194427,0.07604753971099854
id04|p086,pulid_s0,id04,p086,True,True,0.9999456405639648,0.075600787740263,0.07279002666473389
id05|p086,pulid_s0,id05,p086,True,True,0.9999696016311646,0.016936321048427842,0.08277308940887451
id06|p086,pulid_s0,id06,p086,True,True,0.9999557733535767,0.0728137075091978,0.1231989860534668
id07|p086,pulid_s0,id07,p086,True,True,0.9999982118606567,0.08279121745838934,0.10056787729263306
id08|p086,pulid_s0,id08,p086,True,True,0.9999969005584717,0.08239724765122004,0.14010661840438843
id01|p087,pulid_s0,id01,p087,True,True,0.9999984502792358,0.009681334717605912,0.21542954444885254
id02|p087,pulid_s0,id02,p087,True,True,0.9999945163726807,0.009483327843097815,0.1556035280227661
id03|p087,pulid_s0,id03,p087,True,True,0.9999996423721313,0.005166028296502071,0.17128324508666992
id04|p087,pulid_s0,id04,p087,True,True,0.9998160004615784,0.0031902773191379514,0.14605176448822021
id05|p087,pulid_s0,id05,p087,True,True,1.0,0.010303585462743249,0.086944580078125
id06|p087,pulid_s0,id06,p087,True,True,0.9999959468841553,0.0016816295070401356,0.33103013038635254
id07|p087,pulid_s0,id07,p087,True,True,0.9995604157447815,0.0028366183390112886,0.33687055110931396
id08|p087,pulid_s0,id08,p087,True,True,0.99983811378479,0.003841838859241559,0.2839740514755249
id01|p088,pulid_s0,id01,p088,True,True,0.9999998807907104,0.01724864782368283,0.1877012848854065
id02|p088,pulid_s0,id02,p088,True,True,0.9999994039535522,0.006528552280710924,0.08701163530349731
id03|p088,pulid_s0,id03,p088,True,True,0.9999966621398926,0.009498446626301288,0.09515726566314697
id04|p088,pulid_s0,id04,p088,True,True,0.9999927282333374,0.015243315448459064,0.07269406318664551
id05|p088,pulid_s0,id05,p088,True,True,1.0,0.009548311456236898,0.14106965065002441
id06|p088,pulid_s0,id06,p088,True,True,0.9999958276748657,0.00853094002499302,0.1202857494354248
id07|p088,pulid_s0,id07,p088,True,True,0.9999089241027832,0.017198891389738933,0.1467100977897644
id08|p088,pulid_s0,id08,p088,True,True,0.9999074935913086,0.011890413650045187,0.166390061378479
id01|p089,pulid_s0,id01,p089,True,True,1.0,0.08652879431071968,0.17859703302383423
id02|p089,pulid_s0,id02,p089,True,True,0.9999984502792358,0.07914877998095905,0.10520625114440918
id03|p089,pulid_s0,id03,p089,True,True,0.999842643737793,0.06943631391515116,0.06614363193511963
id04|p089,pulid_s0,id04,p089,True,True,0.9993187189102173,0.07718720999551196,0.07787513732910156
id05|p089,pulid_s0,id05,p089,True,True,0.9999998807907104,0.07800414389448035,0.09285283088684082
id06|p089,pulid_s0,id06,p089,True,True,0.9999966621398926,0.07097516074748608,0.11864286661148071
id07|p089,pulid_s0,id07,p089,True,True,0.9999765157699585,0.09531602643268709,0.10500925779342651
id08|p089,pulid_s0,id08,p089,True,True,0.999007523059845,0.08303075330196995,0.16608893871307373
id01|p090,pulid_s0,id01,p090,True,True,0.9999994039535522,0.004800003143371161,0.1566985845565796
id02|p090,pulid_s0,id02,p090,True,True,0.9999914169311523,0.0037145279714108546,0.12632429599761963
id03|p090,pulid_s0,id03,p090,True,True,0.9999794960021973,0.002130512374385218,0.2062612771987915
id04|p090,pulid_s0,id04,p090,True,True,0.9998925924301147,0.0014315351229666749,0.1671186089515686
id05|p090,pulid_s0,id05,p090,True,True,0.871918797492981,0.0006440168243460465,0.7277929782867432
id06|p090,pulid_s0,id06,p090,True,True,0.9999973773956299,0.0045668712879172735,0.19078177213668823
id07|p090,pulid_s0,id07,p090,True,True,0.9999860525131226,0.004192497100373455,0.19760549068450928
id08|p090,pulid_s0,id08,p090,True,False,,,
id01|p091,pulid_s0,id01,p091,True,True,0.9999990463256836,0.026563165340121486,0.21549755334854126
id02|p091,pulid_s0,id02,p091,True,True,0.9999998807907104,0.04446820090798243,0.12260818481445312
id03|p091,pulid_s0,id03,p091,True,True,0.9999221563339233,0.023849105304106846,0.09319210052490234
id04|p091,pulid_s0,id04,p091,True,True,0.9999914169311523,0.01810342211200554,0.08427858352661133
id05|p091,pulid_s0,id05,p091,True,True,1.0,0.025705997743310862,0.08616769313812256
id06|p091,pulid_s0,id06,p091,True,True,0.9999996423721313,0.029629524177565786,0.13345777988433838
id07|p091,pulid_s0,id07,p091,True,True,0.9999886751174927,0.029936427896277547,0.13573229312896729
id08|p091,pulid_s0,id08,p091,True,True,0.9996856451034546,0.026190554655279554,0.17066740989685059
id01|p092,pulid_s0,id01,p092,True,True,0.9999982118606567,0.34131562366941853,0.14082515239715576
id02|p092,pulid_s0,id02,p092,True,True,0.9988118410110474,0.26400648166566465,0.13315367698669434
id03|p092,pulid_s0,id03,p092,True,True,0.9997965693473816,0.1874920489859887,0.0915752649307251
id04|p092,pulid_s0,id04,p092,True,True,0.9994211196899414,0.12655790137053677,0.07264888286590576
id05|p092,pulid_s0,id05,p092,True,True,0.9999728202819824,0.16219561616051376,0.11225807666778564
id06|p092,pulid_s0,id06,p092,True,True,0.9999946355819702,0.15430660210172073,0.1210319995880127
id07|p092,pulid_s0,id07,p092,True,True,0.9979891777038574,0.19030318943772626,0.08945918083190918
id08|p092,pulid_s0,id08,p092,True,True,0.9980091452598572,0.17392376449160346,0.15039920806884766
id01|p093,pulid_s0,id01,p093,True,True,0.9999994039535522,0.0392683756790313,0.18508237600326538
id02|p093,pulid_s0,id02,p093,True,True,0.9999992847442627,0.03601005628192165,0.08597975969314575
id03|p093,pulid_s0,id03,p093,True,True,0.9999992847442627,0.04198620889424709,0.06213116645812988
id04|p093,pulid_s0,id04,p093,True,True,0.9996563196182251,0.047993366017425175,0.05495321750640869
id05|p093,pulid_s0,id05,p093,True,True,0.9999847412109375,0.03125629975920674,0.1310175657272339
id06|p093,pulid_s0,id06,p093,True,True,0.9999990463256836,0.045759754340760544,0.1374598741531372
id07|p093,pulid_s0,id07,p093,True,True,0.9999995231628418,0.050025912329852616,0.11208909749984741
id08|p093,pulid_s0,id08,p093,True,True,0.9999992847442627,0.027355863314341273,0.17520815134048462
id01|p094,pulid_s0,id01,p094,True,True,0.9287376999855042,0.25757449103141256,0.8562880605459213
id02|p094,pulid_s0,id02,p094,True,False,,,
id03|p094,pulid_s0,id03,p094,True,True,0.9999960660934448,0.02068612621928036,0.06911879777908325
id04|p094,pulid_s0,id04,p094,True,True,0.9999833106994629,0.010374269001799186,0.0938224196434021
id05|p094,pulid_s0,id05,p094,True,False,,,
id06|p094,pulid_s0,id06,p094,True,True,0.9999964237213135,0.014014405392263592,0.15853381156921387
id07|p094,pulid_s0,id07,p094,True,True,0.9999206066131592,0.015206130278161086,0.10450029373168945
id08|p094,pulid_s0,id08,p094,True,False,,,
id01|p095,pulid_s0,id01,p095,True,True,0.9999996423721313,0.041593587690981,0.16654729843139648
id02|p095,pulid_s0,id02,p095,True,True,0.9923055768013,0.007538656093789474,0.8820831179618835
id03|p095,pulid_s0,id03,p095,True,True,1.0,0.027671911213124283,0.09127950668334961
id04|p095,pulid_s0,id04,p095,True,True,1.0,0.024452860043511614,0.07737767696380615
id05|p095,pulid_s0,id05,p095,True,True,0.9999998807907104,0.013671821023263525,0.07079291343688965
id06|p095,pulid_s0,id06,p095,True,True,0.8578569889068604,0.02007253839536605,1.154351681470871
id07|p095,pulid_s0,id07,p095,True,True,0.999991774559021,0.019922696381171563,0.1069636344909668
id08|p095,pulid_s0,id08,p095,True,True,0.9996875524520874,0.015459961243586916,0.19167327880859375
id01|p096,pulid_s0,id01,p096,True,True,0.9999970197677612,0.06287300346953051,0.19044530391693115
id02|p096,pulid_s0,id02,p096,True,True,0.9999954700469971,0.06074050927657073,0.12294924259185791
id03|p096,pulid_s0,id03,p096,True,True,0.9999959468841553,0.07026687275176727,0.10772627592086792
id04|p096,pulid_s0,id04,p096,True,True,0.9998955726623535,0.09956311256007806,0.10165232419967651
id05|p096,pulid_s0,id05,p096,True,True,1.0,0.03825075069586586,0.10699784755706787
id06|p096,pulid_s0,id06,p096,True,True,0.9999988079071045,0.03905999333517744,0.13389134407043457
id07|p096,pulid_s0,id07,p096,True,True,0.9999995231628418,0.06437429598523847,0.1129448413848877
id08|p096,pulid_s0,id08,p096,True,True,0.9998975992202759,0.08406610743375012,0.1782606840133667
id01|p097,pulid_s0,id01,p097,True,True,0.9999659061431885,0.003003785524470004,0.184137225151062
id02|p097,pulid_s0,id02,p097,True,True,0.9999778270721436,0.001755202374826897,0.25687509775161743
id03|p097,pulid_s0,id03,p097,True,False,,,
id04|p097,pulid_s0,id04,p097,True,True,0.9999997615814209,0.0009011690560062396,0.2841092348098755
id05|p097,pulid_s0,id05,p097,True,True,0.999997615814209,0.002316092237124544,0.21063601970672607
id06|p097,pulid_s0,id06,p097,True,True,0.999984622001648,0.0022578288218279086,0.25335192680358887
id07|p097,pulid_s0,id07,p097,True,True,0.9999946355819702,0.0015505043504664574,0.3921884298324585
id08|p097,pulid_s0,id08,p097,True,True,0.9998563528060913,0.001528484475178023,0.4203978180885315
id01|p098,pulid_s0,id01,p098,True,True,0.9999874830245972,0.0016540215389455183,0.4554280638694763
id02|p098,pulid_s0,id02,p098,True,True,0.971642792224884,0.004346594679591662,0.4490811824798584
id03|p098,pulid_s0,id03,p098,True,True,0.9998366832733154,0.01122416837354765,0.16553479433059692
id04|p098,pulid_s0,id04,p098,True,True,0.9999982118606567,0.0048384987426419715,0.28579068183898926
id05|p098,pulid_s0,id05,p098,True,False,,,
id06|p098,pulid_s0,id06,p098,True,True,0.9999884366989136,0.016775205914627018,0.18077480792999268
id07|p098,pulid_s0,id07,p098,True,True,0.999976634979248,0.004672038983579398,0.39027202129364014
id08|p098,pulid_s0,id08,p098,True,True,0.9955704808235168,0.0033748455568209826,0.733244776725769
id01|p099,pulid_s0,id01,p099,True,True,0.999987006187439,0.035932699276128445,0.14073574542999268
id02|p099,pulid_s0,id02,p099,True,True,0.9999669790267944,0.01985612118508549,0.11625152826309204
id03|p099,pulid_s0,id03,p099,True,True,0.9999632835388184,0.025441770884678288,0.10315704345703125
id04|p099,pulid_s0,id04,p099,True,True,0.8741511702537537,0.023309097668046234,0.8949537798762321
id05|p099,pulid_s0,id05,p099,True,True,0.9999998807907104,0.008959312915578018,0.16272711753845215
id06|p099,pulid_s0,id06,p099,True,True,0.9406111240386963,0.031493105811228654,1.09454944729805
id07|p099,pulid_s0,id07,p099,True,True,0.9999891519546509,0.015211800364022752,0.10840380191802979
id08|p099,pulid_s0,id08,p099,True,True,0.7967939972877502,0.013620905435247528,1.0441643372178078
id01|p100,pulid_s0,id01,p100,True,True,0.9999988079071045,0.12225881299168072,0.1911960244178772
id02|p100,pulid_s0,id02,p100,True,True,0.9999953508377075,0.08774089059468945,0.10331225395202637
id03|p100,pulid_s0,id03,p100,True,True,1.0,0.06439473856352877,0.06863272190093994
id04|p100,pulid_s0,id04,p100,True,True,0.999948263168335,0.09668351311864737,0.06549727916717529
id05|p100,pulid_s0,id05,p100,True,True,0.9999998807907104,0.09781368443335806,0.08318483829498291
id06|p100,pulid_s0,id06,p100,True,True,0.9999885559082031,0.08786097880600906,0.10940611362457275
id07|p100,pulid_s0,id07,p100,True,True,0.9999727010726929,0.14214304792168617,0.11591535806655884
id08|p100,pulid_s0,id08,p100,True,True,0.9999974966049194,0.06611962231840032,0.18408548831939697
id09|p101,pulid_s0,id09,p101,True,True,0.9999761581420898,0.2659143044159323,0.3069561719894409
id10|p101,pulid_s0,id10,p101,True,True,0.9999924898147583,0.20295669360739843,0.1655954122543335
id11|p101,pulid_s0,id11,p101,True,True,0.9999947547912598,0.14423939934983251,0.1017686128616333
id12|p101,pulid_s0,id12,p101,True,True,0.9999985694885254,0.16453613117374252,0.14729726314544678
id13|p101,pulid_s0,id13,p101,True,True,0.9999960660934448,0.1390932023722586,0.2184544801712036
id14|p101,pulid_s0,id14,p101,True,True,0.9998811483383179,0.2908206520837554,0.15031135082244873
id15|p101,pulid_s0,id15,p101,True,True,0.9999982118606567,0.2202041551362538,0.1621558666229248
id09|p102,pulid_s0,id09,p102,True,True,0.9999759197235107,0.031163683989112775,0.1483907699584961
id10|p102,pulid_s0,id10,p102,True,True,0.9999997615814209,0.05227195407080756,0.09713423252105713
id11|p102,pulid_s0,id11,p102,True,True,0.9997054934501648,0.07043099757176471,0.07436728477478027
id12|p102,pulid_s0,id12,p102,True,True,0.9999897480010986,0.05264689698571541,0.0866507887840271
id13|p102,pulid_s0,id13,p102,True,True,0.9999915361404419,0.02492002816474168,0.11644947528839111
id14|p102,pulid_s0,id14,p102,True,True,0.9999984502792358,0.03583113012803798,0.1081545352935791
id15|p102,pulid_s0,id15,p102,True,True,0.9999995231628418,0.020263811074111966,0.10655158758163452
id09|p103,pulid_s0,id09,p103,True,True,0.9999985694885254,0.0019205280834122267,0.36450910568237305
id10|p103,pulid_s0,id10,p103,True,True,0.9999356269836426,0.0012678739091690524,0.3069295883178711
id11|p103,pulid_s0,id11,p103,True,True,0.9999009370803833,0.0019316465287737789,0.19555580615997314
id12|p103,pulid_s0,id12,p103,True,True,0.9999927282333374,0.000247513763261614,0.5609239935874939
id13|p103,pulid_s0,id13,p103,True,True,0.9999985694885254,0.0008882580516053725,0.48424607515335083
id14|p103,pulid_s0,id14,p103,True,True,0.9999998807907104,0.0017196289817867957,0.3258187770843506
id15|p103,pulid_s0,id15,p103,True,True,0.999984860420227,0.003347043130453905,0.2465435266494751
id09|p104,pulid_s0,id09,p104,True,True,0.9999828338623047,0.1921024244051026,0.12321668863296509
id10|p104,pulid_s0,id10,p104,True,True,0.9999982118606567,0.17852574519061715,0.18107056617736816
id11|p104,pulid_s0,id11,p104,True,True,0.9994858503341675,0.15470215589287778,0.07655751705169678
id12|p104,pulid_s0,id12,p104,True,True,0.9999997615814209,0.14942586770644364,0.09849375486373901
id13|p104,pulid_s0,id13,p104,True,True,0.9999979734420776,0.20679125841370422,0.13148438930511475
id14|p104,pulid_s0,id14,p104,True,True,0.9999953508377075,0.0674099012450016,0.11942732334136963
id15|p104,pulid_s0,id15,p104,True,True,0.9999997615814209,0.17521554187103325,0.1426236629486084
id09|p105,pulid_s0,id09,p105,True,True,0.9999533891677856,0.05394303363344588,0.11572670936584473
id10|p105,pulid_s0,id10,p105,True,True,0.9999840259552002,0.04607019742787335,0.10420036315917969
id11|p105,pulid_s0,id11,p105,True,True,0.9999706745147705,0.07098114432025998,0.06110513210296631
id12|p105,pulid_s0,id12,p105,True,True,0.9999990463256836,0.04022360499795605,0.08371365070343018
id13|p105,pulid_s0,id13,p105,True,True,0.9999974966049194,0.037080062494176884,0.11928915977478027
id14|p105,pulid_s0,id14,p105,True,True,0.9999822378158569,0.04641615831218711,0.11861538887023926
id15|p105,pulid_s0,id15,p105,True,True,0.9999991655349731,0.04445814057918711,0.13004463911056519
id09|p106,pulid_s0,id09,p106,True,True,0.9999957084655762,0.02692809788732962,0.14220821857452393
id10|p106,pulid_s0,id10,p106,True,True,0.9999822378158569,0.01028628776067521,0.13935744762420654
id11|p106,pulid_s0,id11,p106,True,True,0.9999997615814209,0.02283195002509734,0.07217466831207275
id12|p106,pulid_s0,id12,p106,True,True,0.9999988079071045,0.03151585545951198,0.07174229621887207
id13|p106,pulid_s0,id13,p106,True,True,0.9999996423721313,0.01700756700774347,0.16833412647247314
id14|p106,pulid_s0,id14,p106,True,True,0.9999711513519287,0.03173802465072848,0.13006722927093506
id15|p106,pulid_s0,id15,p106,True,True,0.9419463872909546,0.02352973399632744,0.7750985622406006
id09|p107,pulid_s0,id09,p107,True,True,0.9999860525131226,0.23384866254369813,0.1760900616645813
id10|p107,pulid_s0,id10,p107,True,True,0.9999995231628418,0.20063791920159396,0.19350117444992065
id11|p107,pulid_s0,id11,p107,True,True,0.9998700618743896,0.17400999342577994,0.1115121841430664
id12|p107,pulid_s0,id12,p107,True,True,0.9999998807907104,0.1704701729809112,0.14180779457092285
id13|p107,pulid_s0,id13,p107,True,True,0.9999985694885254,0.2286765112564911,0.08592307567596436
id14|p107,pulid_s0,id14,p107,True,True,0.9999982118606567,0.09337669346908381,0.12324690818786621
id15|p107,pulid_s0,id15,p107,True,True,0.9999966621398926,0.21525711603940348,0.13151824474334717
id09|p108,pulid_s0,id09,p108,True,True,0.9999995231628418,0.17365834982351003,0.3466205596923828
id10|p108,pulid_s0,id10,p108,True,True,0.9999954700469971,0.10831022413620078,0.12233591079711914
id11|p108,pulid_s0,id11,p108,True,True,0.999998927116394,0.045709498559164445,0.06258326768875122
id12|p108,pulid_s0,id12,p108,True,True,0.999993085861206,0.06986579131689125,0.0691450834274292
id13|p108,pulid_s0,id13,p108,True,True,0.999943733215332,0.07376173304965986,0.14462220668792725
id14|p108,pulid_s0,id14,p108,True,True,0.9999942779541016,0.06133931004436735,0.1589655876159668
id15|p108,pulid_s0,id15,p108,True,True,0.9999933242797852,0.10724129873881806,0.15202844142913818
id09|p109,pulid_s0,id09,p109,True,True,0.9999978542327881,0.002359610529827388,0.306895911693573
id10|p109,pulid_s0,id10,p109,True,True,0.8030449151992798,0.005666237962410984,0.5763719081878662
id11|p109,pulid_s0,id11,p109,True,True,0.999890923500061,0.0003163118524148914,0.8550085723400116
id12|p109,pulid_s0,id12,p109,True,True,0.9999992847442627,0.003203281910087012,0.27974027395248413
id13|p109,pulid_s0,id13,p109,True,True,0.9999619722366333,0.0006236702523361271,0.5816023945808411
id14|p109,pulid_s0,id14,p109,True,True,0.9999970197677612,0.0018614920104641803,0.23686236143112183
id15|p109,pulid_s0,id15,p109,True,True,0.9999858140945435,0.002342424243347392,0.3279452323913574
id09|p110,pulid_s0,id09,p110,True,True,0.9999823570251465,0.0586079196730309,0.14047300815582275
id10|p110,pulid_s0,id10,p110,True,True,0.9999872446060181,0.0492871021874672,0.13825958967208862
id11|p110,pulid_s0,id11,p110,True,True,0.9997674822807312,0.02124818985588785,0.05636405944824219
id12|p110,pulid_s0,id12,p110,True,True,0.9999924898147583,0.03718742806293808,0.0637810230255127
id13|p110,pulid_s0,id13,p110,True,True,0.9999995231628418,0.027666315452303237,0.13931643962860107
id14|p110,pulid_s0,id14,p110,True,True,0.9998549222946167,0.052772791136249,0.10336136817932129
id15|p110,pulid_s0,id15,p110,True,True,0.999992847442627,0.028598804880877293,0.1319757103919983
id09|p111,pulid_s0,id09,p111,True,True,0.9999710321426392,0.024100140496544655,0.10375344753265381
id10|p111,pulid_s0,id10,p111,True,True,0.9941351413726807,0.017609954832639434,0.7650905251502991
id11|p111,pulid_s0,id11,p111,True,True,0.9996680021286011,0.018695377252242906,0.07010447978973389
id12|p111,pulid_s0,id12,p111,True,True,0.999995231628418,0.02294971118556311,0.07415348291397095
id13|p111,pulid_s0,id13,p111,True,True,0.9996680021286011,0.012947065328408365,0.13864070177078247
id14|p111,pulid_s0,id14,p111,True,True,0.9999986886978149,0.013422137288276502,0.13906651735305786
id15|p111,pulid_s0,id15,p111,True,True,0.9999997615814209,0.028032805688713712,0.11135566234588623
id09|p112,pulid_s0,id09,p112,True,True,0.9999927282333374,0.05921727718400913,0.1709868311882019
id10|p112,pulid_s0,id10,p112,True,True,0.9999816417694092,0.03176141770380075,0.17200589179992676
id11|p112,pulid_s0,id11,p112,True,True,0.9999997615814209,0.03460881261285797,0.09594625234603882
id12|p112,pulid_s0,id12,p112,True,True,0.9999954700469971,0.01952248348219348,0.08332979679107666
id13|p112,pulid_s0,id13,p112,True,True,0.9999908208847046,0.019373664657698676,0.1518462896347046
id14|p112,pulid_s0,id14,p112,True,True,0.902484118938446,0.09289363139126686,1.0283118356019258
id15|p112,pulid_s0,id15,p112,True,True,0.9999998807907104,0.08488257903376199,0.11416256427764893
id09|p113,pulid_s0,id09,p113,True,True,0.999972939491272,0.5287178735044459,0.24208897352218628
id10|p113,pulid_s0,id10,p113,True,True,0.9999786615371704,0.4616740559209842,0.22305583953857422
id11|p113,pulid_s0,id11,p113,True,True,0.9979719519615173,0.3351819588400699,0.10539019107818604
id12|p113,pulid_s0,id12,p113,True,True,0.9999911785125732,0.3407543061466935,0.1376897096633911
id13|p113,pulid_s0,id13,p113,True,True,0.9999998807907104,0.47991859243437685,0.18083441257476807
id14|p113,pulid_s0,id14,p113,True,True,0.9999934434890747,0.34364250162652676,0.11960166692733765
id15|p113,pulid_s0,id15,p113,True,True,0.999990701675415,0.3504443462268424,0.20883333683013916
id09|p114,pulid_s0,id09,p114,True,True,0.9999988079071045,0.07575216765832916,0.1781010627746582
id10|p114,pulid_s0,id10,p114,True,True,0.9996647834777832,0.06028954191645195,0.11751902103424072
id11|p114,pulid_s0,id11,p114,True,True,0.9998514652252197,0.07561640760073199,0.08413630723953247
id12|p114,pulid_s0,id12,p114,True,True,0.9999974966049194,0.06961874028384943,0.07009780406951904
id13|p114,pulid_s0,id13,p114,True,True,0.9999986886978149,0.05811987966545444,0.15546166896820068
id14|p114,pulid_s0,id14,p114,True,True,0.9999971389770508,0.08236264526413335,0.11042463779449463
id15|p114,pulid_s0,id15,p114,True,True,0.9999585151672363,0.07435170893877896,0.7420054376125336
id09|p115,pulid_s0,id09,p115,True,True,0.9999524354934692,0.01670023136060721,0.09731173515319824
id10|p115,pulid_s0,id10,p115,True,True,0.9999978542327881,0.01231427562069212,0.13837271928787231
id11|p115,pulid_s0,id11,p115,True,True,0.7742418050765991,0.024036661607433528,0.9073817878961563
id12|p115,pulid_s0,id12,p115,True,True,0.9999998807907104,0.015578365781356084,0.06222736835479736
id13|p115,pulid_s0,id13,p115,True,True,0.9999998807907104,0.015970430169277502,0.15673476457595825
id14|p115,pulid_s0,id14,p115,True,True,0.9999998807907104,0.019485916577235193,0.10514223575592041
id15|p115,pulid_s0,id15,p115,True,True,0.9999696016311646,0.04664982014879877,0.359285831451416
id09|p116,pulid_s0,id09,p116,True,True,0.9999969005584717,0.08595410937813626,0.11154544353485107
id10|p116,pulid_s0,id10,p116,True,True,0.9999996423721313,0.16466729182686374,0.1791003942489624
id11|p116,pulid_s0,id11,p116,True,True,0.9999672174453735,0.15456194980636165,0.0967174768447876
id12|p116,pulid_s0,id12,p116,True,True,0.9999997615814209,0.15253846365057602,0.14152133464813232
id13|p116,pulid_s0,id13,p116,True,True,0.9999988079071045,0.1113206657078324,0.1316235065460205
id14|p116,pulid_s0,id14,p116,True,True,0.9999902248382568,0.08387171528530031,0.11388862133026123
id15|p116,pulid_s0,id15,p116,True,True,0.9999991655349731,0.14016664495573894,0.15276002883911133
id09|p117,pulid_s0,id09,p117,True,True,0.9999805688858032,0.056333162073017626,0.19488662481307983
id10|p117,pulid_s0,id10,p117,True,True,0.9999912977218628,0.02384499594014684,0.15023279190063477
id11|p117,pulid_s0,id11,p117,True,True,0.9986018538475037,0.008357350452991307,0.5607221722602844
id12|p117,pulid_s0,id12,p117,True,True,0.9997108578681946,0.05362292272005747,0.11797595024108887
id13|p117,pulid_s0,id13,p117,True,True,0.99849534034729,0.04619482214522218,0.13904023170471191
id14|p117,pulid_s0,id14,p117,True,True,0.9999936819076538,0.019132369842154804,0.13432878255844116
id15|p117,pulid_s0,id15,p117,True,True,0.9987503290176392,0.03082751444126263,0.621789962053299
id09|p118,pulid_s0,id09,p118,True,True,0.9999817609786987,0.013819014833035718,0.11915135383605957
id10|p118,pulid_s0,id10,p118,True,True,0.9998388290405273,0.01834735723842321,0.14692199230194092
id11|p118,pulid_s0,id11,p118,True,True,0.9998607635498047,0.01159612568398031,0.09049522876739502
id12|p118,pulid_s0,id12,p118,True,True,0.9999997615814209,0.018916296766292362,0.06508827209472656
id13|p118,pulid_s0,id13,p118,True,True,0.9999986886978149,0.011399432273972505,0.09508109092712402
id14|p118,pulid_s0,id14,p118,True,True,0.9999997615814209,0.008973460914915079,0.1768779158592224
id15|p118,pulid_s0,id15,p118,True,True,0.9999998807907104,0.007375670931179667,0.1607271432876587
id09|p119,pulid_s0,id09,p119,True,True,0.9999854564666748,0.18336250414652142,0.13240677118301392
id10|p119,pulid_s0,id10,p119,True,True,0.9999923706054688,0.16416707433409605,0.17493385076522827
id11|p119,pulid_s0,id11,p119,True,True,0.9996559619903564,0.11126235274668812,0.07568061351776123
id12|p119,pulid_s0,id12,p119,True,True,0.9999909400939941,0.1040450504463361,0.09339690208435059
id13|p119,pulid_s0,id13,p119,True,True,0.9999995231628418,0.080720429606623,0.088958740234375
id14|p119,pulid_s0,id14,p119,True,True,0.9999933242797852,0.16887392102834115,0.07575225830078125
id15|p119,pulid_s0,id15,p119,True,True,0.9999306201934814,0.09425310034702654,0.1338517665863037
id09|p120,pulid_s0,id09,p120,True,True,0.9998477697372437,0.11172926827320985,0.1530698537826538
id10|p120,pulid_s0,id10,p120,True,True,0.9999827146530151,0.20760929475856033,0.16037386655807495
id11|p120,pulid_s0,id11,p120,True,True,0.9999998807907104,0.15654167776983646,0.08123403787612915
id12|p120,pulid_s0,id12,p120,True,True,1.0,0.1399631858218757,0.12511980533599854
id13|p120,pulid_s0,id13,p120,True,True,0.9999998807907104,0.23436082689498594,0.20397067070007324
id14|p120,pulid_s0,id14,p120,True,True,0.9999899864196777,0.17112017917992894,0.1334846019744873
id15|p120,pulid_s0,id15,p120,True,True,0.9999995231628418,0.2210507535584161,0.1674131155014038
id09|p121,pulid_s0,id09,p121,True,True,0.9999979734420776,0.03607389766841934,0.18082791566848755
id10|p121,pulid_s0,id10,p121,True,True,0.8916284441947937,0.010806600030264235,0.8808249682188034
id11|p121,pulid_s0,id11,p121,True,True,0.9999986886978149,0.028926976184853712,0.06444323062896729
id12|p121,pulid_s0,id12,p121,True,False,,,
id13|p121,pulid_s0,id13,p121,True,True,0.9999531507492065,0.00996603708147261,0.19700652360916138
id14|p121,pulid_s0,id14,p121,True,True,0.9999980926513672,0.013788102744596764,0.13965058326721191
id15|p121,pulid_s0,id15,p121,True,True,0.9999983310699463,0.01730804508452472,0.09923231601715088
id09|p122,pulid_s0,id09,p122,True,True,0.9999773502349854,0.05701471592262731,0.11980175971984863
id10|p122,pulid_s0,id10,p122,True,True,0.9999595880508423,0.08170367122326486,0.134394109249115
id11|p122,pulid_s0,id11,p122,True,True,0.999991774559021,0.10229799017649455,0.0818253755569458
id12|p122,pulid_s0,id12,p122,True,True,0.9999978542327881,0.06688573619033343,0.06647181510925293
id13|p122,pulid_s0,id13,p122,True,True,0.9999979734420776,0.0688862108684368,0.08213824033737183
id14|p122,pulid_s0,id14,p122,True,True,0.9999744892120361,0.11508465150341499,0.11554980278015137
id15|p122,pulid_s0,id15,p122,True,True,0.999998927116394,0.042531945853265765,0.1440742015838623
id09|p123,pulid_s0,id09,p123,True,True,0.9999986886978149,0.06214355695463236,0.1607457399368286
id10|p123,pulid_s0,id10,p123,True,True,0.9999982118606567,0.09968590874786815,0.12331807613372803
id11|p123,pulid_s0,id11,p123,True,True,0.9999979734420776,0.05184017434839167,0.08409488201141357
id12|p123,pulid_s0,id12,p123,True,True,0.9999915361404419,0.012116784796246529,0.11216551065444946
id13|p123,pulid_s0,id13,p123,True,True,0.9974950551986694,0.031894191957757424,0.3269224762916565
id14|p123,pulid_s0,id14,p123,True,True,0.9999885559082031,0.06674584977223705,0.10844534635543823
id15|p123,pulid_s0,id15,p123,True,True,0.9992097616195679,0.024525309047201092,0.38523536920547485
id09|p124,pulid_s0,id09,p124,True,True,0.9998056292533875,0.04597839992211934,0.1721656322479248
id10|p124,pulid_s0,id10,p124,True,True,0.9999971389770508,0.10887683624753629,0.12666136026382446
id11|p124,pulid_s0,id11,p124,True,True,0.9999998807907104,0.023894794543795998,0.06458604335784912
id12|p124,pulid_s0,id12,p124,True,True,0.9999980926513672,0.02113254530762481,0.06770473718643188
id13|p124,pulid_s0,id13,p124,True,True,0.9999904632568359,0.051756474159561104,0.09570038318634033
id14|p124,pulid_s0,id14,p124,True,True,0.9999996423721313,0.019593403367178047,0.1214645504951477
id15|p124,pulid_s0,id15,p124,True,True,0.9999979734420776,0.02770169506350803,0.09048104286193848
id09|p125,pulid_s0,id09,p125,True,True,0.99982088804245,0.09066951876791514,0.1925753951072693
id10|p125,pulid_s0,id10,p125,True,True,0.9999405145645142,0.14714196765356816,0.1541043519973755
id11|p125,pulid_s0,id11,p125,True,True,0.9999959468841553,0.09973041460610918,0.05548733472824097
id12|p125,pulid_s0,id12,p125,True,True,0.9999991655349731,0.05466392482688472,0.06137073040008545
id13|p125,pulid_s0,id13,p125,True,True,0.9999990463256836,0.19820259762679968,0.14000439643859863
id14|p125,pulid_s0,id14,p125,True,True,0.9999995231628418,0.08924976432890541,0.0996788740158081
id15|p125,pulid_s0,id15,p125,True,True,0.9999692440032959,0.11621042520568745,0.1332789659500122
id09|p126,pulid_s0,id09,p126,True,True,0.9999879598617554,0.12521834791963288,0.13817918300628662
id10|p126,pulid_s0,id10,p126,True,True,0.999988317489624,0.1711753147143004,0.15584373474121094
id11|p126,pulid_s0,id11,p126,True,True,0.9999500513076782,0.10880863010376103,0.06856018304824829
id12|p126,pulid_s0,id12,p126,True,True,0.9999916553497314,0.06081843033598816,0.10611796379089355
id13|p126,pulid_s0,id13,p126,True,True,1.0,0.028228220081672712,0.1644415259361267
id14|p126,pulid_s0,id14,p126,True,True,0.9995884299278259,0.09545972766295283,0.1068040132522583
id15|p126,pulid_s0,id15,p126,True,True,0.9999972581863403,0.09910486089311496,0.21009868383407593
id09|p127,pulid_s0,id09,p127,True,True,0.9999994039535522,0.005884242515341252,0.20859581232070923
id10|p127,pulid_s0,id10,p127,True,True,0.9999892711639404,0.005212681790464872,0.18012690544128418
id11|p127,pulid_s0,id11,p127,True,True,0.9999630451202393,0.004861970855390123,0.18110322952270508
id12|p127,pulid_s0,id12,p127,True,True,0.9999881982803345,0.0069233498818869485,0.10345184803009033
id13|p127,pulid_s0,id13,p127,True,True,0.9999996423721313,0.010041999303049113,0.10959017276763916
id14|p127,pulid_s0,id14,p127,True,True,0.9999769926071167,0.004781088231802753,0.14988726377487183
id15|p127,pulid_s0,id15,p127,True,True,0.9999972581863403,0.003233385899447817,0.3059729337692261
id09|p128,pulid_s0,id09,p128,True,True,0.999988317489624,0.0656504127922138,0.12599074840545654
id10|p128,pulid_s0,id10,p128,True,True,0.9999715089797974,0.08182028544784592,0.12458556890487671
id11|p128,pulid_s0,id11,p128,True,True,0.9999872446060181,0.0644816403691583,0.06709456443786621
id12|p128,pulid_s0,id12,p128,True,True,0.9999982118606567,0.08445916706643679,0.08365172147750854
id13|p128,pulid_s0,id13,p128,True,True,0.9999970197677612,0.1872766042827096,0.11059200763702393
id14|p128,pulid_s0,id14,p128,True,True,1.0,0.06039148648866279,0.10956919193267822
id15|p128,pulid_s0,id15,p128,True,True,0.9999998807907104,0.06867016181901402,0.0943382978439331
id09|p129,pulid_s0,id09,p129,True,True,0.9999563694000244,0.039435306046012454,0.17927366495132446
id10|p129,pulid_s0,id10,p129,True,True,0.9999938011169434,0.024823597248554874,0.12093967199325562
id11|p129,pulid_s0,id11,p129,True,True,0.9998724460601807,0.024483647305816363,0.08768630027770996
id12|p129,pulid_s0,id12,p129,True,True,0.9999972581863403,0.042808051587479974,0.08249545097351074
id13|p129,pulid_s0,id13,p129,True,True,0.999983549118042,0.02387295379318498,0.10006248950958252
id14|p129,pulid_s0,id14,p129,True,True,0.9999986886978149,0.04137482274536954,0.1089181900024414
id15|p129,pulid_s0,id15,p129,True,True,0.9999995231628418,0.028655186831739742,0.11230504512786865
id09|p130,pulid_s0,id09,p130,True,True,0.9995321035385132,0.001974123206594192,0.3559149503707886
id10|p130,pulid_s0,id10,p130,True,True,0.9999902248382568,0.013325343436575583,0.1246175765991211
id11|p130,pulid_s0,id11,p130,True,True,0.9999624490737915,0.03884581289859455,0.06866049766540527
id12|p130,pulid_s0,id12,p130,True,True,0.9999511241912842,0.013020893682034601,0.6126877963542938
id13|p130,pulid_s0,id13,p130,True,True,0.7309954166412354,0.0024518030477993454,1.0142047172412276
id14|p130,pulid_s0,id14,p130,True,True,0.99947589635849,0.007545408115354938,0.23848563432693481
id15|p130,pulid_s0,id15,p130,True,True,0.9993450045585632,0.005198922419443382,0.8723451346158981
id09|p131,pulid_s0,id09,p131,True,True,0.999927282333374,0.06388499835758674,0.14454889297485352
id10|p131,pulid_s0,id10,p131,True,True,0.999992847442627,0.019224610280897326,0.09900224208831787
id11|p131,pulid_s0,id11,p131,True,True,0.9998804330825806,0.04599729619154373,0.07128918170928955
id12|p131,pulid_s0,id12,p131,True,True,0.9999775886535645,0.06295558896426284,0.06275606155395508
id13|p131,pulid_s0,id13,p131,True,True,0.9999978542327881,0.0313340946877997,0.11218303442001343
id14|p131,pulid_s0,id14,p131,True,True,0.9999986886978149,0.046300101478334785,0.1190565824508667
id15|p131,pulid_s0,id15,p131,True,True,0.9999997615814209,0.023205404674558755,0.12864041328430176
id09|p132,pulid_s0,id09,p132,True,True,0.9999065399169922,0.005512006162956104,0.18417131900787354
id10|p132,pulid_s0,id10,p132,True,True,0.9999922513961792,0.003630629405184044,0.18987220525741577
id11|p132,pulid_s0,id11,p132,True,True,0.9999234676361084,0.007761075943641967,0.07576298713684082
id12|p132,pulid_s0,id12,p132,True,True,0.9999967813491821,0.037727653119182594,0.05699491500854492
id13|p132,pulid_s0,id13,p132,True,True,0.9999580383300781,0.01455868411361091,0.13431155681610107
id14|p132,pulid_s0,id14,p132,True,True,0.9999922513961792,0.003375068930830664,0.17364966869354248
id15|p132,pulid_s0,id15,p132,True,True,0.9999994039535522,0.0137915715930898,0.11650145053863525
id09|p133,pulid_s0,id09,p133,True,True,0.9999701976776123,0.028080026360396318,0.14847266674041748
id10|p133,pulid_s0,id10,p133,True,True,0.9999679327011108,0.01795714293197449,0.13967853784561157
id11|p133,pulid_s0,id11,p133,True,True,0.9997305274009705,0.05333694884104913,0.08794856071472168
id12|p133,pulid_s0,id12,p133,True,True,0.9999924898147583,0.015798908795899846,0.08624130487442017
id13|p133,pulid_s0,id13,p133,True,True,1.0,0.020542906961593502,0.11867594718933105
id14|p133,pulid_s0,id14,p133,True,True,0.7170175909996033,0.021855205858628324,0.9924499429762363
id15|p133,pulid_s0,id15,p133,True,True,0.9999994039535522,0.02898270088028059,0.10624319314956665
id09|p134,pulid_s0,id09,p134,True,True,0.9999923706054688,0.025693722850860936,0.15562117099761963
id10|p134,pulid_s0,id10,p134,True,True,0.9999935626983643,0.01897260160509025,0.13015234470367432
id11|p134,pulid_s0,id11,p134,True,True,0.9999887943267822,0.021051344844712123,0.07600969076156616
id12|p134,pulid_s0,id12,p134,True,True,0.9999498128890991,0.00944067279747479,0.06675636768341064
id13|p134,pulid_s0,id13,p134,True,True,0.9999960660934448,0.009406617331665767,0.10442304611206055
id14|p134,pulid_s0,id14,p134,True,True,0.9999586343765259,0.017257729064258903,0.12622225284576416
id15|p134,pulid_s0,id15,p134,True,True,0.999895453453064,0.01041888404912512,0.13420039415359497
id09|p135,pulid_s0,id09,p135,True,True,0.9999076128005981,0.20326811421515978,0.411820650100708
id10|p135,pulid_s0,id10,p135,True,True,0.999990701675415,0.3604941373622799,0.2192751169204712
id11|p135,pulid_s0,id11,p135,True,True,0.9999940395355225,0.21886066084520478,0.1609565019607544
id12|p135,pulid_s0,id12,p135,True,True,0.9999996423721313,0.2766897998355944,0.15910446643829346
id13|p135,pulid_s0,id13,p135,True,True,0.9999998807907104,0.2692403634737799,0.26299381256103516
id14|p135,pulid_s0,id14,p135,True,True,0.9999992847442627,0.2206317206550682,0.15303373336791992
id15|p135,pulid_s0,id15,p135,True,True,0.9999945163726807,0.30516214431758387,0.18659871816635132
id09|p136,pulid_s0,id09,p136,True,True,0.9999947547912598,0.03408433366569816,0.13817816972732544
id10|p136,pulid_s0,id10,p136,True,True,0.9999840259552002,0.026606816837977897,0.10618782043457031
id11|p136,pulid_s0,id11,p136,True,True,0.9998272061347961,0.023872939829622995,0.07620835304260254
id12|p136,pulid_s0,id12,p136,True,True,1.0,0.02185126770251436,0.05543315410614014
id13|p136,pulid_s0,id13,p136,True,True,0.9999622106552124,0.0196691195561609,0.15637123584747314
id14|p136,pulid_s0,id14,p136,True,True,0.9994571805000305,0.04124523121973417,0.10600012540817261
id15|p136,pulid_s0,id15,p136,True,True,0.999976634979248,0.013960708960989849,0.12719309329986572
id09|p137,pulid_s0,id09,p137,True,True,0.9999793767929077,0.023418234206918607,0.12980353832244873
id10|p137,pulid_s0,id10,p137,True,True,0.9999996423721313,0.015293706696911052,0.12207388877868652
id11|p137,pulid_s0,id11,p137,True,True,0.9998370409011841,0.01979874428082406,0.0700763463973999
id12|p137,pulid_s0,id12,p137,True,True,0.999993085861206,0.025855045227338194,0.05453711748123169
id13|p137,pulid_s0,id13,p137,True,True,1.0,0.015259254359112682,0.16841602325439453
id14|p137,pulid_s0,id14,p137,True,True,0.9999990463256836,0.024297066035742245,0.11735415458679199
id15|p137,pulid_s0,id15,p137,True,True,0.999988317489624,0.04974476088840929,0.09829175472259521
id09|p138,pulid_s0,id09,p138,True,True,0.9999951124191284,0.4826554908699546,0.21001923084259033
id10|p138,pulid_s0,id10,p138,True,True,0.999991774559021,0.3800422997034707,0.16559529304504395
id11|p138,pulid_s0,id11,p138,True,True,0.9999653100967407,0.2862292890571157,0.10957229137420654
id12|p138,pulid_s0,id12,p138,True,True,0.9999982118606567,0.28410397346539723,0.11034369468688965
id13|p138,pulid_s0,id13,p138,True,True,0.9999984502792358,0.37270738594363706,0.19711053371429443
id14|p138,pulid_s0,id14,p138,True,True,0.9999966621398926,0.32988237378454294,0.11707717180252075
id15|p138,pulid_s0,id15,p138,True,True,0.9998623132705688,0.8942203171162946,0.3452659249305725
id09|p139,pulid_s0,id09,p139,True,True,0.9996187686920166,0.020791910554430335,0.1428801417350769
id10|p139,pulid_s0,id10,p139,True,True,0.9999029636383057,0.020170986100243614,0.1401984691619873
id11|p139,pulid_s0,id11,p139,True,True,0.9999008178710938,0.011773570019276694,0.0931546688079834
id12|p139,pulid_s0,id12,p139,True,True,0.9999912977218628,0.0071054565807577245,0.12620115280151367
id13|p139,pulid_s0,id13,p139,True,True,0.9999996423721313,0.015926479649374135,0.11198621988296509
id14|p139,pulid_s0,id14,p139,True,True,0.9999736547470093,0.0068133993873461165,0.1334092617034912
id15|p139,pulid_s0,id15,p139,True,True,0.9999996423721313,0.004500313676005506,0.16714787483215332
id09|p140,pulid_s0,id09,p140,True,True,0.9999958276748657,0.008168482589598519,0.16910696029663086
id10|p140,pulid_s0,id10,p140,True,True,0.9999719858169556,0.024848740424060056,0.14553231000900269
id11|p140,pulid_s0,id11,p140,True,True,0.9999914169311523,0.026988656564578,0.08053708076477051
id12|p140,pulid_s0,id12,p140,True,True,0.9999955892562866,0.006114218058765227,0.15564191341400146
id13|p140,pulid_s0,id13,p140,True,True,0.9999711513519287,0.006579057976828509,0.1681429147720337
id14|p140,pulid_s0,id14,p140,True,True,0.9999982118606567,0.005713643179272409,0.13328766822814941
id15|p140,pulid_s0,id15,p140,True,True,0.9999240636825562,0.013555114493227747,0.14722084999084473
id09|p141,pulid_s0,id09,p141,True,True,0.999983549118042,0.205450899961361,0.1602715253829956
id10|p141,pulid_s0,id10,p141,True,True,0.9999978542327881,0.18138167327132027,0.1454942226409912
id11|p141,pulid_s0,id11,p141,True,True,0.9999481439590454,0.2018950190049008,0.06607329845428467
id12|p141,pulid_s0,id12,p141,True,True,1.0,0.1191299262958068,0.09295421838760376
id13|p141,pulid_s0,id13,p141,True,True,0.9999982118606567,0.12738141041818044,0.12104231119155884
id14|p141,pulid_s0,id14,p141,True,True,1.0,0.1504953063991527,0.10147559642791748
id15|p141,pulid_s0,id15,p141,True,True,0.9999926090240479,0.10342471481337191,0.13318157196044922
id09|p142,pulid_s0,id09,p142,True,True,0.999988317489624,0.009533900108519837,0.1464962363243103
id10|p142,pulid_s0,id10,p142,True,True,0.9997780919075012,0.007843770044713323,0.10984861850738525
id11|p142,pulid_s0,id11,p142,True,True,0.9993332028388977,0.013353709509754204,0.08255934715270996
id12|p142,pulid_s0,id12,p142,True,True,0.9999980926513672,0.006201420519790811,0.12473404407501221
id13|p142,pulid_s0,id13,p142,True,True,0.9999656677246094,0.00253665904915298,0.28998011350631714
id14|p142,pulid_s0,id14,p142,True,True,0.9999817609786987,0.004225230462198091,0.17484700679779053
id15|p142,pulid_s0,id15,p142,True,True,0.9999995231628418,0.004400697036881293,0.1659390926361084
id09|p143,pulid_s0,id09,p143,True,True,0.9999395608901978,0.035330322096831006,0.1847776174545288
id10|p143,pulid_s0,id10,p143,True,True,0.9999322891235352,0.018299192840455256,0.1224403977394104
id11|p143,pulid_s0,id11,p143,True,True,0.9998437166213989,0.027687529574566334,0.09352654218673706
id12|p143,pulid_s0,id12,p143,True,True,0.9999980926513672,0.033734449008531474,0.0670313835144043
id13|p143,pulid_s0,id13,p143,True,True,0.9999496936798096,0.019463070241019724,0.11360853910446167
id14|p143,pulid_s0,id14,p143,True,True,0.9999991655349731,0.028818671357899662,0.1746731996536255
id15|p143,pulid_s0,id15,p143,True,True,0.9999886751174927,0.0278560410236979,0.12701034545898438
id09|p144,pulid_s0,id09,p144,True,True,0.9999982118606567,0.20199587194023583,0.171636700630188
id10|p144,pulid_s0,id10,p144,True,True,0.9999586343765259,0.09435430000572419,0.1623706817626953
id11|p144,pulid_s0,id11,p144,True,True,0.9996961355209351,0.18361783146830346,0.07116472721099854
id12|p144,pulid_s0,id12,p144,True,True,1.0,0.15251585916800478,0.10713517665863037
id13|p144,pulid_s0,id13,p144,True,True,0.9999644756317139,0.25335495297171956,0.1451876163482666
id14|p144,pulid_s0,id14,p144,True,True,0.999998927116394,0.16602924576908076,0.13753682374954224
id15|p144,pulid_s0,id15,p144,True,True,0.9999853372573853,0.14601354932448263,0.14988243579864502
id09|p145,pulid_s0,id09,p145,True,False,,,
id10|p145,pulid_s0,id10,p145,True,True,0.7135042548179626,0.01801134238296611,0.9969744649715722
id11|p145,pulid_s0,id11,p145,True,True,0.9998747110366821,0.011633059000751055,0.07946246862411499
id12|p145,pulid_s0,id12,p145,True,True,1.0,0.024989213582490667,0.06212449073791504
id13|p145,pulid_s0,id13,p145,True,True,0.8706231117248535,0.003765012760820276,0.8998915106058121
id14|p145,pulid_s0,id14,p145,True,True,0.8433976173400879,0.026623812878239655,0.747789740562439
id15|p145,pulid_s0,id15,p145,True,True,0.9999994039535522,0.026635761275777183,0.10970234870910645
id09|p146,pulid_s0,id09,p146,True,True,0.9993523955345154,0.014817078243883654,0.1532723307609558
id10|p146,pulid_s0,id10,p146,True,True,0.9657816886901855,0.031569936895609836,0.27154994010925293
id11|p146,pulid_s0,id11,p146,True,True,0.9999264478683472,0.011080153423918016,0.10986721515655518
id12|p146,pulid_s0,id12,p146,True,True,0.9999983310699463,0.021227020911900592,0.08838057518005371
id13|p146,pulid_s0,id13,p146,True,True,0.9999955892562866,0.043248351551468237,0.19434022903442383
id14|p146,pulid_s0,id14,p146,True,True,0.9999951124191284,0.03287907604078695,0.1426975131034851
id15|p146,pulid_s0,id15,p146,True,True,0.9999959468841553,0.06259440675873582,0.13228458166122437
id09|p147,pulid_s0,id09,p147,True,True,0.9998241066932678,0.01006441499620733,0.11541426181793213
id10|p147,pulid_s0,id10,p147,True,True,0.8661929368972778,0.052255263541748954,0.8597008585929871
id11|p147,pulid_s0,id11,p147,True,True,0.9999998807907104,0.005176005909925339,0.16609597206115723
id12|p147,pulid_s0,id12,p147,True,True,0.9999933242797852,0.006687425106329213,0.12685871124267578
id13|p147,pulid_s0,id13,p147,True,True,0.9999984502792358,0.005261812056330196,0.19783782958984375
id14|p147,pulid_s0,id14,p147,True,True,0.9999992847442627,0.00322500646844101,0.15427619218826294
id15|p147,pulid_s0,id15,p147,True,True,0.9999998807907104,0.014698172081863711,0.1603940725326538
id09|p148,pulid_s0,id09,p148,True,True,0.9999970197677612,0.05536044121406099,0.13009673357009888
id10|p148,pulid_s0,id10,p148,True,True,0.9998217225074768,0.030108649148124875,0.11137163639068604
id11|p148,pulid_s0,id11,p148,True,True,0.9999972581863403,0.047255242768827616,0.08177649974822998
id12|p148,pulid_s0,id12,p148,True,True,0.9999994039535522,0.03166251730048047,0.08133423328399658
id13|p148,pulid_s0,id13,p148,True,True,0.9999992847442627,0.06611264994521175,0.11244916915893555
id14|p148,pulid_s0,id14,p148,True,True,0.9999988079071045,0.03772022784613472,0.10352569818496704
id15|p148,pulid_s0,id15,p148,True,True,0.9999979734420776,0.03238622728308038,0.11918926239013672
id09|p149,pulid_s0,id09,p149,True,True,0.9999880790710449,0.021855584027348732,0.1277814507484436
id10|p149,pulid_s0,id10,p149,True,True,0.9999661445617676,0.01834227067206765,0.13516896963119507
id11|p149,pulid_s0,id11,p149,True,True,0.999925971031189,0.015103351984466658,0.08090877532958984
id12|p149,pulid_s0,id12,p149,True,False,,,
id13|p149,pulid_s0,id13,p149,True,False,,,
id14|p149,pulid_s0,id14,p149,True,True,0.9999948740005493,0.009868306123478858,0.13614553213119507
id15|p149,pulid_s0,id15,p149,True,False,,,
id09|p150,pulid_s0,id09,p150,True,True,0.9999885559082031,0.16453798715243173,0.12674832344055176
id10|p150,pulid_s0,id10,p150,True,True,0.9999810457229614,0.14367248806057534,0.12703746557235718
id11|p150,pulid_s0,id11,p150,True,True,0.9997499585151672,0.09672236821365221,0.06427192687988281
id12|p150,pulid_s0,id12,p150,True,True,0.9999147653579712,0.13039180902402828,0.09633082151412964
id13|p150,pulid_s0,id13,p150,True,True,0.9999943971633911,0.09050642381472326,0.09954023361206055
id14|p150,pulid_s0,id14,p150,True,True,0.9999990463256836,0.0809883707312843,0.10451340675354004
id15|p150,pulid_s0,id15,p150,True,True,0.9999973773956299,0.10962098228533587,0.13588082790374756
id09|p151,pulid_s0,id09,p151,True,True,0.9998760223388672,0.04032659426815729,0.12047481536865234
id10|p151,pulid_s0,id10,p151,True,True,0.9999966621398926,0.07390912800357738,0.1315542459487915
id11|p151,pulid_s0,id11,p151,True,True,0.9999992847442627,0.03588264795106112,0.06866490840911865
id12|p151,pulid_s0,id12,p151,True,True,0.9999992847442627,0.041664097879325006,0.08875823020935059
id13|p151,pulid_s0,id13,p151,True,False,,,
id14|p151,pulid_s0,id14,p151,True,True,0.9999980926513672,0.043034234742984984,0.11890208721160889
id15|p151,pulid_s0,id15,p151,True,False,,,
id09|p152,pulid_s0,id09,p152,True,True,0.7315554022789001,0.0005558753882410519,0.9949021209031343
id10|p152,pulid_s0,id10,p152,True,True,0.7472302317619324,0.018407686406539545,0.9281021654605865
id11|p152,pulid_s0,id11,p152,True,False,,,
id12|p152,pulid_s0,id12,p152,True,True,0.9578599333763123,0.01312503500445213,1.2042383253574371
id13|p152,pulid_s0,id13,p152,True,False,,,
id14|p152,pulid_s0,id14,p152,True,False,,,
id15|p152,pulid_s0,id15,p152,True,True,0.7945691347122192,0.0047836534531261014,1.084104374051094
id09|p153,pulid_s0,id09,p153,True,True,0.9999164342880249,0.02807774564278723,0.13351905345916748
id10|p153,pulid_s0,id10,p153,True,True,0.9999957084655762,0.031091756121922408,0.1536373496055603
id11|p153,pulid_s0,id11,p153,True,True,0.9999895095825195,0.021810802388301208,0.0861082673072815
id12|p153,pulid_s0,id12,p153,True,True,1.0,0.01676910214023281,0.071205735206604
id13|p153,pulid_s0,id13,p153,True,True,0.9999994039535522,0.01687202391946434,0.10880827903747559
id14|p153,pulid_s0,id14,p153,True,True,0.9999995231628418,0.016760097475048776,0.12270259857177734
id15|p153,pulid_s0,id15,p153,True,True,0.9999979734420776,0.01516195851728259,0.11013895273208618
id09|p154,pulid_s0,id09,p154,True,True,0.9999585151672363,0.02520291216252216,0.16260743141174316
id10|p154,pulid_s0,id10,p154,True,True,0.9999994039535522,0.008440290850832711,0.16254717111587524
id11|p154,pulid_s0,id11,p154,True,True,0.999910831451416,0.006382005561072257,0.13013458251953125
id12|p154,pulid_s0,id12,p154,True,True,0.9999982118606567,0.004720409822446662,0.1910001039505005
id13|p154,pulid_s0,id13,p154,True,True,0.9995334148406982,0.004868694025311543,0.6343730092048645
id14|p154,pulid_s0,id14,p154,True,True,0.9999997615814209,0.010502374717264505,0.11293500661849976
id15|p154,pulid_s0,id15,p154,True,True,0.999998927116394,0.0072661375814889505,0.15589582920074463
id09|p155,pulid_s0,id09,p155,True,True,0.9999943971633911,0.024618493545063316,0.126764178276062
id10|p155,pulid_s0,id10,p155,True,True,0.9999674558639526,0.059975757721986156,0.12363290786743164
id11|p155,pulid_s0,id11,p155,True,True,0.7826856374740601,0.05947599605958995,1.1903138756752014
id12|p155,pulid_s0,id12,p155,True,True,0.9999886751174927,0.026776249746762352,0.06852543354034424
id13|p155,pulid_s0,id13,p155,True,True,0.9999998807907104,0.01131628637086511,0.12732315063476562
id14|p155,pulid_s0,id14,p155,True,True,0.999884843826294,0.013574757768495786,0.12990623712539673
id15|p155,pulid_s0,id15,p155,True,True,0.9999997615814209,0.03448709194139784,0.11459636688232422
id09|p156,pulid_s0,id09,p156,True,True,0.9999940395355225,0.20188421761836794,0.14947867393493652
id10|p156,pulid_s0,id10,p156,True,True,0.9999978542327881,0.31489557729165424,0.14410555362701416
id11|p156,pulid_s0,id11,p156,True,True,0.999992847442627,0.23013115236854328,0.08870911598205566
id12|p156,pulid_s0,id12,p156,True,True,0.9999972581863403,0.15835749281174233,0.1141049861907959
id13|p156,pulid_s0,id13,p156,True,True,1.0,0.24279611001332907,0.11053252220153809
id14|p156,pulid_s0,id14,p156,True,True,0.9999982118606567,0.15912530038533879,0.11069202423095703
id15|p156,pulid_s0,id15,p156,True,True,0.9999954700469971,0.2654212444558924,0.19859755039215088
id09|p157,pulid_s0,id09,p157,True,True,0.999990701675415,0.018770359700746902,0.13358211517333984
id10|p157,pulid_s0,id10,p157,True,True,0.9999707937240601,0.0202908150615853,0.10531294345855713
id11|p157,pulid_s0,id11,p157,True,True,0.9973078966140747,0.05217129051554437,0.08191847801208496
id12|p157,pulid_s0,id12,p157,True,True,0.9999706745147705,0.06204816095732109,0.06041187047958374
id13|p157,pulid_s0,id13,p157,True,True,0.9999954700469971,0.04402110700875111,0.13729625940322876
id14|p157,pulid_s0,id14,p157,True,True,0.9999994039535522,0.034731305644482395,0.10900169610977173
id15|p157,pulid_s0,id15,p157,True,True,0.9999862909317017,0.036865980061351174,0.12385761737823486
id09|p158,pulid_s0,id09,p158,True,True,0.9999873638153076,0.01655648217151484,0.0889735221862793
id10|p158,pulid_s0,id10,p158,True,True,0.9999958276748657,0.01796197209990135,0.15735256671905518
id11|p158,pulid_s0,id11,p158,True,True,0.9999871253967285,0.009236543672597219,0.09793508052825928
id12|p158,pulid_s0,id12,p158,True,True,0.9999793767929077,0.007381448858696961,0.1166563630104065
id13|p158,pulid_s0,id13,p158,True,True,0.9999994039535522,0.006801388054880612,0.11807167530059814
id14|p158,pulid_s0,id14,p158,True,True,0.9999994039535522,0.006164589937614984,0.11897861957550049
id15|p158,pulid_s0,id15,p158,True,True,0.9999998807907104,0.012492808321065675,0.10331422090530396
id09|p159,pulid_s0,id09,p159,True,True,0.999996542930603,0.15982343395254947,0.16421371698379517
id10|p159,pulid_s0,id10,p159,True,True,0.9999943971633911,0.23231541918626145,0.14104890823364258
id11|p159,pulid_s0,id11,p159,True,True,0.9999786615371704,0.19502912309300335,0.04968893527984619
id12|p159,pulid_s0,id12,p159,True,True,0.9999998807907104,0.18992979068682164,0.09146308898925781
id13|p159,pulid_s0,id13,p159,True,True,0.9999997615814209,0.1671407683539513,0.14818906784057617
id14|p159,pulid_s0,id14,p159,True,True,0.9999997615814209,0.24278267230561132,0.09406960010528564
id15|p159,pulid_s0,id15,p159,True,True,0.9999957084655762,0.23188326288107478,0.15280985832214355
id09|p160,pulid_s0,id09,p160,True,True,0.9999661445617676,0.04217983888147987,0.197695791721344
id10|p160,pulid_s0,id10,p160,True,True,0.9999988079071045,0.07262686660465359,0.15039992332458496
id11|p160,pulid_s0,id11,p160,True,True,0.9997732043266296,0.03696238041877425,0.08815515041351318
id12|p160,pulid_s0,id12,p160,True,True,0.9999798536300659,0.042574738453631765,0.0828242301940918
id13|p160,pulid_s0,id13,p160,True,True,0.9999946355819702,0.0401953291596332,0.08794295787811279
id14|p160,pulid_s0,id14,p160,True,True,0.9999792575836182,0.037474058601006104,0.08353972434997559
id15|p160,pulid_s0,id15,p160,True,True,0.999994158744812,0.0485132643982908,0.12026572227478027
id09|p161,pulid_s0,id09,p161,True,True,0.9999905824661255,0.025789761377589815,0.12488853931427002
id10|p161,pulid_s0,id10,p161,True,True,0.9999945163726807,0.019699738368834926,0.10422533750534058
id11|p161,pulid_s0,id11,p161,True,True,0.9999996423721313,0.029952974028141018,0.0817645788192749
id12|p161,pulid_s0,id12,p161,True,True,0.9050494432449341,0.007128594961576571,0.5351804792881012
id13|p161,pulid_s0,id13,p161,True,True,0.9999979734420776,0.03297682805882855,0.17603349685668945
id14|p161,pulid_s0,id14,p161,True,True,0.9999996423721313,0.017159856527620303,0.11739826202392578
id15|p161,pulid_s0,id15,p161,True,True,0.8279407620429993,0.028220791023080512,1.0123524386435747
id09|p162,pulid_s0,id09,p162,True,True,0.9999977350234985,0.02730704659382227,0.11746048927307129
id10|p162,pulid_s0,id10,p162,True,True,0.9999960660934448,0.02072286058434428,0.10822916030883789
id11|p162,pulid_s0,id11,p162,True,True,0.9998447895050049,0.03302813104071849,0.08937191963195801
id12|p162,pulid_s0,id12,p162,True,True,0.9999980926513672,0.0330068716781028,0.0888105034828186
id13|p162,pulid_s0,id13,p162,True,True,0.9392058253288269,0.032055671523143425,1.1489400267601013
id14|p162,pulid_s0,id14,p162,True,True,0.9999969005584717,0.03124281708933277,0.09586679935455322
id15|p162,pulid_s0,id15,p162,True,True,1.0,0.026715140663205836,0.09983944892883301
id09|p163,pulid_s0,id09,p163,True,True,0.9999934434890747,0.06642640687562809,0.12618887424468994
id10|p163,pulid_s0,id10,p163,True,True,0.9999949932098389,0.03866875987115169,0.11446130275726318
id11|p163,pulid_s0,id11,p163,True,True,0.9998881816864014,0.044948207698354864,0.06677210330963135
id12|p163,pulid_s0,id12,p163,True,True,0.999996542930603,0.02296694594379529,0.07652711868286133
id13|p163,pulid_s0,id13,p163,True,True,0.9999732971191406,0.060998070610316465,0.13100314140319824
id14|p163,pulid_s0,id14,p163,True,True,0.9999867677688599,0.03735291489344047,0.10022032260894775
id15|p163,pulid_s0,id15,p163,True,True,0.9999698400497437,0.0313897355133717,0.1119227409362793
id09|p164,pulid_s0,id09,p164,True,False,,,
id10|p164,pulid_s0,id10,p164,True,True,0.9859288334846497,0.005871704567020539,0.8525764048099518
id11|p164,pulid_s0,id11,p164,True,True,0.9328545928001404,0.002459528757080315,0.7344918251037598
id12|p164,pulid_s0,id12,p164,True,True,0.9999998807907104,0.0030135906267488083,0.21552586555480957
id13|p164,pulid_s0,id13,p164,True,True,0.8747056126594543,0.005624263310700691,1.0384541451931
id14|p164,pulid_s0,id14,p164,True,True,0.998009979724884,0.004482184734435442,0.5934372544288635
id15|p164,pulid_s0,id15,p164,True,True,0.999985933303833,0.02372863460929858,0.1261453628540039
id09|p165,pulid_s0,id09,p165,True,True,0.9999591112136841,0.37286324740786214,0.17314529418945312
id10|p165,pulid_s0,id10,p165,True,True,0.999916672706604,0.44265474956301726,0.17775088548660278
id11|p165,pulid_s0,id11,p165,True,True,0.9999991655349731,0.27402733953202885,0.08449512720108032
id12|p165,pulid_s0,id12,p165,True,True,0.9999970197677612,0.281771331081944,0.1274029016494751
id13|p165,pulid_s0,id13,p165,True,True,0.9999998807907104,0.3835976675463026,0.11559975147247314
id14|p165,pulid_s0,id14,p165,True,True,0.9999998807907104,0.36672578882851276,0.1063838005065918
id15|p165,pulid_s0,id15,p165,True,True,0.999998927116394,0.28345072477338207,0.20516419410705566
id09|p166,pulid_s0,id09,p166,True,True,0.9998376369476318,0.07534563881801039,0.21258544921875
id10|p166,pulid_s0,id10,p166,True,True,0.9941410422325134,0.05954114688653423,0.1639423370361328
id11|p166,pulid_s0,id11,p166,True,True,0.9999821186065674,0.03892155511616674,0.09595954418182373
id12|p166,pulid_s0,id12,p166,True,True,0.999946117401123,0.09735079422154315,0.09908318519592285
id13|p166,pulid_s0,id13,p166,True,True,0.9999995231628418,0.07473004345476152,0.14297491312026978
id14|p166,pulid_s0,id14,p166,True,True,0.9999964237213135,0.04014339381788931,0.1673608422279358
id15|p166,pulid_s0,id15,p166,True,True,0.9999878406524658,0.04621475145159603,0.11353325843811035
id09|p167,pulid_s0,id09,p167,True,True,0.999993085861206,0.005081438153440942,0.12231528759002686
id10|p167,pulid_s0,id10,p167,True,True,0.9999254941940308,0.004590337647288025,0.16303527355194092
id11|p167,pulid_s0,id11,p167,True,True,0.9999475479125977,0.0060605079725438845,0.10088396072387695
id12|p167,pulid_s0,id12,p167,True,True,0.9999997615814209,0.007164922711429729,0.15166693925857544
id13|p167,pulid_s0,id13,p167,True,True,0.7625253796577454,0.00488798056235301,0.9000845402479172
id14|p167,pulid_s0,id14,p167,True,True,0.9999988079071045,0.003477429872570307,0.15592741966247559
id15|p167,pulid_s0,id15,p167,True,True,1.0,0.004479278642672095,0.20342230796813965
id09|p168,pulid_s0,id09,p168,True,True,0.9999948740005493,0.09540820661808494,0.12996065616607666
id10|p168,pulid_s0,id10,p168,True,True,0.999993085861206,0.07892730187710567,0.1143997311592102
id11|p168,pulid_s0,id11,p168,True,True,0.9999943971633911,0.07597419400668072,0.06823098659515381
id12|p168,pulid_s0,id12,p168,True,True,0.9999994039535522,0.027720946526909037,0.08228576183319092
id13|p168,pulid_s0,id13,p168,True,True,0.9999996423721313,0.08894013436828471,0.11390578746795654
id14|p168,pulid_s0,id14,p168,True,True,1.0,0.06546988873939766,0.08978474140167236
id15|p168,pulid_s0,id15,p168,True,True,0.9999998807907104,0.05737593293999599,0.12478601932525635
id09|p169,pulid_s0,id09,p169,True,True,0.999955415725708,0.4604435128152191,0.22718387842178345
id10|p169,pulid_s0,id10,p169,True,True,0.9999746084213257,0.3267728921369825,0.19328904151916504
id11|p169,pulid_s0,id11,p169,True,True,0.9999938011169434,0.186629361112078,0.09185254573822021
id12|p169,pulid_s0,id12,p169,True,True,0.9999990463256836,0.2138475825252594,0.12580382823944092
id13|p169,pulid_s0,id13,p169,True,True,0.9999722242355347,0.46014383622366356,0.15580660104751587
id14|p169,pulid_s0,id14,p169,True,True,0.9999986886978149,0.31843026686231873,0.13017845153808594
id15|p169,pulid_s0,id15,p169,True,True,0.9999911785125732,0.3757092107289158,0.29184550046920776
id09|p170,pulid_s0,id09,p170,True,False,,,
id10|p170,pulid_s0,id10,p170,True,False,,,
id11|p170,pulid_s0,id11,p170,True,True,0.9999926090240479,0.007492081496708618,0.15483474731445312
id12|p170,pulid_s0,id12,p170,True,True,0.9999995231628418,0.033021053520423574,0.0578005313873291
id13|p170,pulid_s0,id13,p170,True,False,,,
id14|p170,pulid_s0,id14,p170,True,False,,,
id15|p170,pulid_s0,id15,p170,True,False,,,
id09|p171,pulid_s0,id09,p171,True,True,0.999983549118042,0.022296606017845742,0.1275312304496765
id10|p171,pulid_s0,id10,p171,True,True,0.9988974332809448,0.03225136054054558,0.1189502477645874
id11|p171,pulid_s0,id11,p171,True,True,0.9989433884620667,0.0275906933366817,0.073722243309021
id12|p171,pulid_s0,id12,p171,True,True,0.9999743700027466,0.03203525939347865,0.07542949914932251
id13|p171,pulid_s0,id13,p171,True,True,0.9999463558197021,0.032863790269885486,0.16752362251281738
id14|p171,pulid_s0,id14,p171,True,True,0.9999991655349731,0.032265062357555885,0.09447085857391357
id15|p171,pulid_s0,id15,p171,True,True,0.9999727010726929,0.02393386356852117,0.11665701866149902
id09|p172,pulid_s0,id09,p172,True,True,0.9999974966049194,0.23543623890376564,0.12901043891906738
id10|p172,pulid_s0,id10,p172,True,True,0.9999948740005493,0.17579299907187484,0.126312255859375
id11|p172,pulid_s0,id11,p172,True,True,0.9999785423278809,0.23983420165123553,0.07656586170196533
id12|p172,pulid_s0,id12,p172,True,True,0.9999756813049316,0.11143825286806106,0.06921416521072388
id13|p172,pulid_s0,id13,p172,True,True,0.9999997615814209,0.15348059355185464,0.11042618751525879
id14|p172,pulid_s0,id14,p172,True,True,0.9999991655349731,0.19287970732848791,0.11414468288421631
id15|p172,pulid_s0,id15,p172,True,True,0.9999996423721313,0.3075569342678111,0.17675602436065674
id09|p173,pulid_s0,id09,p173,True,True,0.9999934434890747,0.005522922809985984,0.20877468585968018
id10|p173,pulid_s0,id10,p173,True,True,0.8004813194274902,0.006435038923175145,0.8384213447570801
id11|p173,pulid_s0,id11,p173,True,True,0.7964200377464294,0.002070603206874817,1.0472221784293652
id12|p173,pulid_s0,id12,p173,True,True,0.9999022483825684,0.005278383034933232,0.3367099165916443
id13|p173,pulid_s0,id13,p173,True,True,0.7511382102966309,0.07227913249860446,0.997332476079464
id14|p173,pulid_s0,id14,p173,True,True,0.7947148680686951,0.011111025771976151,0.9319295585155487
id15|p173,pulid_s0,id15,p173,True,True,0.7586266398429871,0.001626874594663088,1.0151016488671303
id09|p174,pulid_s0,id09,p174,True,True,0.9996732473373413,0.0056605570089288204,0.3469475507736206
id10|p174,pulid_s0,id10,p174,True,True,0.9999915361404419,0.010427068082807123,0.11658871173858643
id11|p174,pulid_s0,id11,p174,True,True,0.9999717473983765,0.006072530256202344,0.17085659503936768
id12|p174,pulid_s0,id12,p174,True,True,0.9999945163726807,0.005239088139714723,0.17982959747314453
id13|p174,pulid_s0,id13,p174,True,True,0.9730316400527954,0.005333670680049533,1.134178787469864
id14|p174,pulid_s0,id14,p174,True,True,0.9999996423721313,0.008235789109672518,0.15879827737808228
id15|p174,pulid_s0,id15,p174,True,True,0.9998682737350464,0.007681244543091228,0.25977790355682373
id09|p175,pulid_s0,id09,p175,True,True,0.9999788999557495,0.045590045496743344,0.13096797466278076
id10|p175,pulid_s0,id10,p175,True,True,0.9999955892562866,0.021100164422915877,0.12461638450622559
id11|p175,pulid_s0,id11,p175,True,True,0.9999972581863403,0.02638513236261582,0.08168649673461914
id12|p175,pulid_s0,id12,p175,True,True,0.9999997615814209,0.031097425660689796,0.05387306213378906
id13|p175,pulid_s0,id13,p175,True,True,0.9999991655349731,0.027648275728288242,0.08938407897949219
id14|p175,pulid_s0,id14,p175,True,True,0.9999990463256836,0.03141569706743141,0.09715509414672852
id15|p175,pulid_s0,id15,p175,True,True,0.9999845027923584,0.044476538785302895,0.1149490475654602
id09|p176,pulid_s0,id09,p176,True,True,0.994931161403656,0.01334961249464378,0.22966980934143066
id10|p176,pulid_s0,id10,p176,True,True,0.9386716485023499,0.007486797871016979,0.2897389531135559
id11|p176,pulid_s0,id11,p176,True,False,,,
id12|p176,pulid_s0,id12,p176,True,True,0.9999996423721313,0.012029587662937047,0.07650351524353027
id13|p176,pulid_s0,id13,p176,True,False,,,
id14|p176,pulid_s0,id14,p176,True,True,0.905858039855957,0.10750063609616836,1.0438784286379814
id15|p176,pulid_s0,id15,p176,True,True,0.9982467889785767,0.012216781321819734,0.12013900279998779
id09|p177,pulid_s0,id09,p177,True,True,0.9999783039093018,0.5032023382064376,0.234452486038208
id10|p177,pulid_s0,id10,p177,True,True,0.9999935626983643,0.29965929301019717,0.15910232067108154
id11|p177,pulid_s0,id11,p177,True,True,0.9998952150344849,0.4148289306788495,0.15336322784423828
id12|p177,pulid_s0,id12,p177,True,True,0.9999995231628418,0.26228190122175926,0.12685906887054443
id13|p177,pulid_s0,id13,p177,True,True,0.9999983310699463,0.3417495254715188,0.15319931507110596
id14|p177,pulid_s0,id14,p177,True,True,0.9999969005584717,0.33389248913406744,0.12875866889953613
id15|p177,pulid_s0,id15,p177,True,True,1.0,0.2701624882906163,0.2300925850868225
id09|p178,pulid_s0,id09,p178,True,True,0.999992847442627,0.018767972890802613,0.14097487926483154
id10|p178,pulid_s0,id10,p178,True,True,0.999995231628418,0.0046059132952452324,0.22481226921081543
id11|p178,pulid_s0,id11,p178,True,True,0.9998745918273926,0.02427026188075398,0.051081180572509766
id12|p178,pulid_s0,id12,p178,True,False,,,
id13|p178,pulid_s0,id13,p178,True,True,0.7335529923439026,0.011169396047034846,0.8258712142705917
id14|p178,pulid_s0,id14,p178,True,True,0.9824114441871643,0.0034590209131373667,0.9014869034290314
id15|p178,pulid_s0,id15,p178,True,False,,,
id09|p179,pulid_s0,id09,p179,True,True,0.9999955892562866,0.03920160674870634,0.12418007850646973
id10|p179,pulid_s0,id10,p179,True,True,0.9999802112579346,0.07242406746906543,0.1524655818939209
id11|p179,pulid_s0,id11,p179,True,True,0.9999728202819824,0.04414538691618551,0.06350630521774292
id12|p179,pulid_s0,id12,p179,True,True,0.9999988079071045,0.043009231270934645,0.058995604515075684
id13|p179,pulid_s0,id13,p179,True,True,0.9999986886978149,0.026433798023800244,0.12142562866210938
id14|p179,pulid_s0,id14,p179,True,True,0.9999998807907104,0.044336768772981906,0.10896635055541992
id15|p179,pulid_s0,id15,p179,True,True,0.9999973773956299,0.04832156874698021,0.12954527139663696
id09|p180,pulid_s0,id09,p180,True,True,0.9944872260093689,0.02101146483073535,0.22925269603729248
id10|p180,pulid_s0,id10,p180,True,True,0.9999971389770508,0.02224427015060001,0.13107460737228394
id11|p180,pulid_s0,id11,p180,True,True,0.9999599456787109,0.07300974554236128,0.07192468643188477
id12|p180,pulid_s0,id12,p180,True,True,0.9999985694885254,0.03608173560029741,0.05575406551361084
id13|p180,pulid_s0,id13,p180,True,True,0.999646782875061,0.04867706167144502,0.13191616535186768
id14|p180,pulid_s0,id14,p180,True,True,0.9999994039535522,0.07392887041873177,0.13655883073806763
id15|p180,pulid_s0,id15,p180,True,True,0.9999996423721313,0.02874780943307742,0.11610627174377441
id09|p181,pulid_s0,id09,p181,True,True,0.9999511241912842,0.0017052187822600114,0.327304482460022
id10|p181,pulid_s0,id10,p181,True,True,0.9999802112579346,0.0028414408605127437,0.1992688775062561
id11|p181,pulid_s0,id11,p181,True,True,0.9999759197235107,0.0012251164263977477,0.2425633668899536
id12|p181,pulid_s0,id12,p181,True,True,0.7497161626815796,0.0019146698769899383,1.071440726518631
id13|p181,pulid_s0,id13,p181,True,True,0.9083787798881531,0.0024839700361538723,0.7435397505760193
id14|p181,pulid_s0,id14,p181,True,True,0.793903112411499,0.03203445722593968,1.266577035188675
id15|p181,pulid_s0,id15,p181,True,True,0.9568142890930176,0.0004679700988563426,1.1302252560853958
id09|p182,pulid_s0,id09,p182,True,True,0.9996770620346069,0.04575970343316681,0.2641334533691406
id10|p182,pulid_s0,id10,p182,True,True,0.9999862909317017,0.04330528967656323,0.31453609466552734
id11|p182,pulid_s0,id11,p182,True,False,,,
id12|p182,pulid_s0,id12,p182,True,True,0.999998927116394,0.029072217052274668,0.07774728536605835
id13|p182,pulid_s0,id13,p182,True,True,0.9842575788497925,0.13689999901190283,0.4787110686302185
id14|p182,pulid_s0,id14,p182,True,True,0.999998927116394,0.018735640129242722,0.29957151412963867
id15|p182,pulid_s0,id15,p182,True,True,0.9999958276748657,0.03493508046421114,0.15791869163513184
id09|p183,pulid_s0,id09,p183,True,True,0.9999979734420776,0.5166991661600948,0.15436780452728271
id10|p183,pulid_s0,id10,p183,True,True,0.9999961853027344,0.3799672396525456,0.18258428573608398
id11|p183,pulid_s0,id11,p183,True,True,0.9998063445091248,0.39808199792060034,0.09658348560333252
id12|p183,pulid_s0,id12,p183,True,True,0.9999997615814209,0.21850131632518355,0.09712684154510498
id13|p183,pulid_s0,id13,p183,True,True,1.0,0.38631006280970553,0.1326492428779602
id14|p183,pulid_s0,id14,p183,True,True,0.9999971389770508,0.3820682116251558,0.10034918785095215
id15|p183,pulid_s0,id15,p183,True,True,0.999997615814209,0.404535624803619,0.16584903001785278
id09|p184,pulid_s0,id09,p184,True,True,0.7255436182022095,0.0003952176765153815,0.7692725509405136
id10|p184,pulid_s0,id10,p184,True,True,0.9917342662811279,0.00036918745094405975,0.8355957269668579
id11|p184,pulid_s0,id11,p184,True,False,,,
id12|p184,pulid_s0,id12,p184,True,True,0.8612205982208252,0.004634638906903208,0.9809708464890718
id13|p184,pulid_s0,id13,p184,True,False,,,
id14|p184,pulid_s0,id14,p184,True,False,,,
id15|p184,pulid_s0,id15,p184,True,False,,,
id09|p185,pulid_s0,id09,p185,True,True,0.9999183416366577,0.023670191809465425,0.10308796167373657
id10|p185,pulid_s0,id10,p185,True,True,0.9999831914901733,0.022920968944359205,0.13982117176055908
id11|p185,pulid_s0,id11,p185,True,True,0.9999934434890747,0.02228686958998154,0.09241282939910889
id12|p185,pulid_s0,id12,p185,True,True,0.9999847412109375,0.024669138457096527,0.04977220296859741
id13|p185,pulid_s0,id13,p185,True,True,0.9999998807907104,0.01732575328091258,0.13891196250915527
id14|p185,pulid_s0,id14,p185,True,True,0.9999974966049194,0.023410535094642446,0.09389948844909668
id15|p185,pulid_s0,id15,p185,True,True,0.9999991655349731,0.018190867914493578,0.11403965950012207
id09|p186,pulid_s0,id09,p186,True,True,0.9999936819076538,0.15039453681868006,0.13282817602157593
id10|p186,pulid_s0,id10,p186,True,True,0.99998939037323,0.06794287392109608,0.13814198970794678
id11|p186,pulid_s0,id11,p186,True,True,0.9997778534889221,0.07124852505357585,0.07449686527252197
id12|p186,pulid_s0,id12,p186,True,True,0.9999986886978149,0.07319892885611143,0.06756246089935303
id13|p186,pulid_s0,id13,p186,True,True,0.9999985694885254,0.09885227886589361,0.1040802001953125
id14|p186,pulid_s0,id14,p186,True,True,0.9999125003814697,0.06396371275690242,0.09336447715759277
id15|p186,pulid_s0,id15,p186,True,True,0.9999983310699463,0.04654994793436214,0.11119318008422852
id09|p187,pulid_s0,id09,p187,True,True,0.9999788999557495,0.006931650313979979,0.18557286262512207
id10|p187,pulid_s0,id10,p187,True,True,0.999993085861206,0.0011509373402032559,0.2952175736427307
id11|p187,pulid_s0,id11,p187,True,False,,,
id12|p187,pulid_s0,id12,p187,True,True,0.9999978542327881,0.001486721508166581,0.37648022174835205
id13|p187,pulid_s0,id13,p187,True,True,0.9999778270721436,0.00039062355503074846,0.8817461803555489
id14|p187,pulid_s0,id14,p187,True,True,0.9999152421951294,0.0036901829332991127,0.23654615879058838
id15|p187,pulid_s0,id15,p187,True,True,0.9999998807907104,0.003399564758420926,0.27129656076431274
id09|p188,pulid_s0,id09,p188,True,True,0.999994158744812,0.010521024007471264,0.1011994481086731
id10|p188,pulid_s0,id10,p188,True,True,0.9999897480010986,0.007067560606597017,0.12273550033569336
id11|p188,pulid_s0,id11,p188,True,True,0.9998382329940796,0.005377813604410884,0.16212224960327148
id12|p188,pulid_s0,id12,p188,True,True,0.9999997615814209,0.008964404467031707,0.12521600723266602
id13|p188,pulid_s0,id13,p188,True,True,0.9999960660934448,0.008886614592358583,0.12053358554840088
id14|p188,pulid_s0,id14,p188,True,True,0.9999736547470093,0.009151319866512854,0.13024961948394775
id15|p188,pulid_s0,id15,p188,True,True,0.9999995231628418,0.00606249904503709,0.21704256534576416
id09|p189,pulid_s0,id09,p189,True,True,0.9999973773956299,0.08603206256611884,0.22065800428390503
id10|p189,pulid_s0,id10,p189,True,True,0.9999669790267944,0.047269998066844385,0.16615533828735352
id11|p189,pulid_s0,id11,p189,True,True,0.9999804496765137,0.16619429895587245,0.0921868085861206
id12|p189,pulid_s0,id12,p189,True,True,0.999993085861206,0.05697218746941205,0.0755012035369873
id13|p189,pulid_s0,id13,p189,True,True,0.9999951124191284,0.07047745312639216,0.16503405570983887
id14|p189,pulid_s0,id14,p189,True,True,0.9999985694885254,0.11336083375432214,0.10545217990875244
id15|p189,pulid_s0,id15,p189,True,True,0.9999992847442627,0.05340174866428298,0.14744144678115845
id09|p190,pulid_s0,id09,p190,True,False,,,
id10|p190,pulid_s0,id10,p190,True,False,,,
id11|p190,pulid_s0,id11,p190,True,False,,,
id12|p190,pulid_s0,id12,p190,True,False,,,
id13|p190,pulid_s0,id13,p190,True,False,,,
id14|p190,pulid_s0,id14,p190,True,True,0.9999977350234985,0.0019188245281316926,0.322356641292572
id15|p190,pulid_s0,id15,p190,True,False,,,
id09|p191,pulid_s0,id09,p191,True,True,0.9999710321426392,0.028160422700061916,0.16033023595809937
id10|p191,pulid_s0,id10,p191,True,True,0.9999285936355591,0.04169840991874577,0.19448357820510864
id11|p191,pulid_s0,id11,p191,True,True,0.9999879598617554,0.02235526600703384,0.07618200778961182
id12|p191,pulid_s0,id12,p191,True,True,0.9999972581863403,0.028224412887049705,0.060034334659576416
id13|p191,pulid_s0,id13,p191,True,True,1.0,0.01059239382160321,0.13912653923034668
id14|p191,pulid_s0,id14,p191,True,True,0.9999998807907104,0.014614687371491011,0.12137264013290405
id15|p191,pulid_s0,id15,p191,True,True,0.9999958276748657,0.024120350083847466,0.10428833961486816
id09|p192,pulid_s0,id09,p192,True,True,0.9986139535903931,0.24115117726358318,0.15121537446975708
id10|p192,pulid_s0,id10,p192,True,True,0.9998056292533875,0.29910717241501167,0.21934038400650024
id11|p192,pulid_s0,id11,p192,True,True,0.9986485838890076,0.24528126781670748,0.07048261165618896
id12|p192,pulid_s0,id12,p192,True,True,0.9999964237213135,0.1786846703508137,0.1149909496307373
id13|p192,pulid_s0,id13,p192,True,True,0.9999955892562866,0.27083943550558714,0.14671623706817627
id14|p192,pulid_s0,id14,p192,True,True,0.9995278120040894,0.1981492330411885,0.1630021333694458
id15|p192,pulid_s0,id15,p192,True,True,0.9998427629470825,0.21051148481825827,0.1487782597541809
id09|p193,pulid_s0,id09,p193,True,True,0.9999822378158569,0.04075658805219633,0.20574653148651123
id10|p193,pulid_s0,id10,p193,True,True,0.9999510049819946,0.04069960447257607,0.09545612335205078
id11|p193,pulid_s0,id11,p193,True,True,0.998868465423584,0.05404082965539186,0.06299114227294922
id12|p193,pulid_s0,id12,p193,True,True,0.9999996423721313,0.0203234993986017,0.07338136434555054
id13|p193,pulid_s0,id13,p193,True,True,0.9993451237678528,0.048195144556090294,0.19693505764007568
id14|p193,pulid_s0,id14,p193,True,True,0.9999997615814209,0.0309511144381826,0.23505353927612305
id15|p193,pulid_s0,id15,p193,True,True,0.9999517202377319,0.02596121592444119,0.15345537662506104
id09|p194,pulid_s0,id09,p194,True,False,,,
id10|p194,pulid_s0,id10,p194,True,False,,,
id11|p194,pulid_s0,id11,p194,True,False,,,
id12|p194,pulid_s0,id12,p194,True,False,,,
id13|p194,pulid_s0,id13,p194,True,False,,,
id14|p194,pulid_s0,id14,p194,True,False,,,
id15|p194,pulid_s0,id15,p194,True,True,0.8449445962905884,0.03865250962943075,0.7439501583576202
id09|p195,pulid_s0,id09,p195,True,True,0.9999966621398926,0.022796917658556577,0.16654300689697266
id10|p195,pulid_s0,id10,p195,True,True,0.9999946355819702,0.020568026997251663,0.1179647445678711
id11|p195,pulid_s0,id11,p195,True,True,0.9999938011169434,0.017503515960918592,0.0858384370803833
id12|p195,pulid_s0,id12,p195,True,True,0.9999980926513672,0.02443200307150192,0.07972466945648193
id13|p195,pulid_s0,id13,p195,True,True,0.9999997615814209,0.013944370116537413,0.1422061324119568
id14|p195,pulid_s0,id14,p195,True,True,0.9996433258056641,0.015230238296456342,0.14536768198013306
id15|p195,pulid_s0,id15,p195,True,True,0.9999998807907104,0.010396626457787972,0.17286843061447144
id09|p196,pulid_s0,id09,p196,True,True,0.7153271436691284,0.047244959032317034,0.8306644111871719
id10|p196,pulid_s0,id10,p196,True,True,0.9996356964111328,0.0367531462516538,0.12771058082580566
id11|p196,pulid_s0,id11,p196,True,True,0.9999939203262329,0.045282477431426764,0.07535946369171143
id12|p196,pulid_s0,id12,p196,True,True,0.9999943971633911,0.04140860414691467,0.12585186958312988
id13|p196,pulid_s0,id13,p196,True,True,0.9999926090240479,0.02890005078942814,0.093392014503479
id14|p196,pulid_s0,id14,p196,True,True,0.9999516010284424,0.04615987125671213,0.14711123704910278
id15|p196,pulid_s0,id15,p196,True,True,0.9999992847442627,0.0450404302911851,0.14439427852630615
id09|p197,pulid_s0,id09,p197,True,False,,,
id10|p197,pulid_s0,id10,p197,True,False,,,
id11|p197,pulid_s0,id11,p197,True,True,0.9999475479125977,0.0014709178805690502,0.3824918270111084
id12|p197,pulid_s0,id12,p197,True,True,0.999985933303833,0.001187610438417907,0.36153334379196167
id13|p197,pulid_s0,id13,p197,True,True,0.9998534917831421,0.0008130296712922766,0.5331822037696838
id14|p197,pulid_s0,id14,p197,True,True,0.9999985694885254,0.0036665971411660434,0.17740023136138916
id15|p197,pulid_s0,id15,p197,True,False,,,
id09|p198,pulid_s0,id09,p198,True,False,,,
id10|p198,pulid_s0,id10,p198,True,False,,,
id11|p198,pulid_s0,id11,p198,True,True,0.9997684359550476,0.0010885095819469792,0.45226025581359863
id12|p198,pulid_s0,id12,p198,True,False,,,
id13|p198,pulid_s0,id13,p198,True,False,,,
id14|p198,pulid_s0,id14,p198,True,False,,,
id15|p198,pulid_s0,id15,p198,True,True,0.9999769926071167,0.0018010428387321025,0.46170443296432495
id09|p199,pulid_s0,id09,p199,True,True,0.999976396560669,0.012235918518797228,0.1024709939956665
id10|p199,pulid_s0,id10,p199,True,True,0.9999990463256836,0.032831085251568706,0.12861883640289307
id11|p199,pulid_s0,id11,p199,True,True,0.9990639090538025,0.024845238350336994,0.10009634494781494
id12|p199,pulid_s0,id12,p199,True,True,0.9999967813491821,0.008861169221790427,0.1424524188041687
id13|p199,pulid_s0,id13,p199,True,True,0.7523511052131653,0.022290539863830613,0.786325991153717
id14|p199,pulid_s0,id14,p199,True,True,0.9999995231628418,0.019824243209136082,0.08572548627853394
id15|p199,pulid_s0,id15,p199,True,True,0.9999939203262329,0.006237792536899459,0.15482032299041748
id09|p200,pulid_s0,id09,p200,True,True,0.999972939491272,0.11292452040304575,0.11765843629837036
id10|p200,pulid_s0,id10,p200,True,True,0.9999761581420898,0.11810531701844468,0.13783025741577148
id11|p200,pulid_s0,id11,p200,True,True,0.9990088939666748,0.09062498345918744,0.06766390800476074
id12|p200,pulid_s0,id12,p200,True,True,0.9999998807907104,0.08884102408202395,0.07654017210006714
id13|p200,pulid_s0,id13,p200,True,True,0.9999991655349731,0.0909551869061243,0.1183934211730957
id14|p200,pulid_s0,id14,p200,True,True,0.9999992847442627,0.11165425939321318,0.1053471565246582
id15|p200,pulid_s0,id15,p200,True,True,0.9999998807907104,0.10738669300151016,0.13339763879776
